2026-08-11 15:06:43,638 [INFO] Activator:176 - 


2026-08-11 15:06:43,644 [INFO] Activator:177 - !SESSION log4j initialized
2026-08-11 15:06:49,624 [INFO] LogOutputStream:77 - [STDOUT_REDIRECT] 
2026-08-11 15:06:50,580 [INFO] ApplicationProperties:184 - Using Application install path: /opt/st/stm32cubeide_1.19.0/plugins/com.st.stm32cube.common.mx_6.15.0.202507011659
2026-08-11 15:06:50,607 [INFO] DbMcusXml:78 - Set database path to: /opt/st/stm32cubeide_1.19.0/plugins/com.st.stm32cube.common.mx_6.15.0.202507011659//db//mcu/
2026-08-11 15:06:50,607 [INFO] ApiDb:274 - Set plugin database path to: /opt/st/stm32cubeide_1.19.0/plugins/com.st.stm32cube.common.mx_6.15.0.202507011659//db//plugins/boardmanager/
2026-08-11 15:06:50,607 [WARN] ApiDb:259 - Overriding images path with different value:  => /opt/st/stm32cubeide_1.19.0/plugins/com.st.stm32cube.common.mx_6.15.0.202507011659//db//plugins/mcufinder/images/
2026-08-11 15:06:50,618 [INFO] ApiDb:250 - Set database path to: /home/kkattmos/.stmcufinder/plugins/mcufinder//mcu/
2026-08-11 15:06:50,620 [INFO] DbMcusAds:125 - Set database path to: /home/kkattmos/.stmcufinder/plugins/mcufinder//mcu/
2026-08-11 15:06:50,623 [INFO] CrossReferenceDbSqlite:203 - Set database path to: /home/kkattmos/.stmcufinder/plugins/mcufinder//mcu/cs/
2026-08-11 15:06:50,787 [INFO] RulesReader:64 - Compatibility file has been processed (317 Rules)
2026-08-11 15:06:50,865 [INFO] DbMcusXml:78 - Set database path to: /opt/st/stm32cubeide_1.19.0/plugins/com.st.stm32cube.common.mx_6.15.0.202507011659//db//mcu/
2026-08-11 15:06:50,865 [INFO] ApiDb:274 - Set plugin database path to: /opt/st/stm32cubeide_1.19.0/plugins/com.st.stm32cube.common.mx_6.15.0.202507011659//db//plugins/boardmanager/
2026-08-11 15:06:50,865 [INFO] ApiDb:261 - Set plugin images path to: /opt/st/stm32cubeide_1.19.0/plugins/com.st.stm32cube.common.mx_6.15.0.202507011659//db//plugins/mcufinder/images/
2026-08-11 15:06:50,866 [WARN] DbFile:41 - Overriding database path with different value: /home/kkattmos/.stmcufinder/plugins/mcufinder/ => /home/kkattmos/.stmcufinder/plugins/mcufinder
2026-08-11 15:06:50,866 [INFO] ApiDb:250 - Set database path to: /home/kkattmos/.stmcufinder/plugins/mcufinder//mcu/
2026-08-11 15:06:50,866 [WARN] DbFile:41 - Overriding database path with different value: /home/kkattmos/.stmcufinder/plugins/mcufinder/ => /home/kkattmos/.stmcufinder/plugins/mcufinder
2026-08-11 15:06:50,866 [INFO] DbMcusAds:125 - Set database path to: /home/kkattmos/.stmcufinder/plugins/mcufinder//mcu/
2026-08-11 15:06:50,867 [WARN] DbFile:41 - Overriding database path with different value: /home/kkattmos/.stmcufinder/plugins/mcufinder/ => /home/kkattmos/.stmcufinder/plugins/mcufinder
2026-08-11 15:06:50,867 [WARN] DbFile:41 - Overriding database path with different value: /home/kkattmos/.stmcufinder/plugins/mcufinder/ => /home/kkattmos/.stmcufinder/plugins/mcufinder
2026-08-11 15:06:50,867 [INFO] CrossReferenceDbSqlite:203 - Set database path to: /home/kkattmos/.stmcufinder/plugins/mcufinder//mcu/cs/
2026-08-11 15:06:50,958 [INFO] MainPanel:274 - HeapMemory: 268435456
2026-08-11 15:06:51,287 [INFO] DbMcusXml:78 - Set database path to: /opt/st/stm32cubeide_1.19.0/plugins/com.st.stm32cube.common.mx_6.15.0.202507011659//db//mcu/
2026-08-11 15:06:51,288 [INFO] ApiDb:274 - Set plugin database path to: /opt/st/stm32cubeide_1.19.0/plugins/com.st.stm32cube.common.mx_6.15.0.202507011659//db//plugins/boardmanager/
2026-08-11 15:06:51,288 [INFO] ApiDb:261 - Set plugin images path to: /opt/st/stm32cubeide_1.19.0/plugins/com.st.stm32cube.common.mx_6.15.0.202507011659//db//plugins/mcufinder/images/
2026-08-11 15:06:51,289 [WARN] DbFile:41 - Overriding database path with different value: /home/kkattmos/.stmcufinder/plugins/mcufinder/ => /home/kkattmos/.stmcufinder/plugins/mcufinder
2026-08-11 15:06:51,289 [INFO] ApiDb:250 - Set database path to: /home/kkattmos/.stmcufinder/plugins/mcufinder//mcu/
2026-08-11 15:06:51,289 [WARN] DbFile:41 - Overriding database path with different value: /home/kkattmos/.stmcufinder/plugins/mcufinder/ => /home/kkattmos/.stmcufinder/plugins/mcufinder
2026-08-11 15:06:51,289 [INFO] DbMcusAds:125 - Set database path to: /home/kkattmos/.stmcufinder/plugins/mcufinder//mcu/
2026-08-11 15:06:51,289 [WARN] DbFile:41 - Overriding database path with different value: /home/kkattmos/.stmcufinder/plugins/mcufinder/ => /home/kkattmos/.stmcufinder/plugins/mcufinder
2026-08-11 15:06:51,290 [WARN] DbFile:41 - Overriding database path with different value: /home/kkattmos/.stmcufinder/plugins/mcufinder/ => /home/kkattmos/.stmcufinder/plugins/mcufinder
2026-08-11 15:06:51,290 [INFO] CrossReferenceDbSqlite:203 - Set database path to: /home/kkattmos/.stmcufinder/plugins/mcufinder//mcu/cs/
2026-08-11 15:06:51,311 [INFO] ApplicationProperties:184 - Using Application install path: /opt/st/stm32cubeide_1.19.0/plugins/com.st.stm32cube.common.mx_6.15.0.202507011659
2026-08-11 15:06:51,315 [INFO] PluginManage:196 - Search for loadable plugins [exclusion list=, ]
2026-08-11 15:06:51,317 [INFO] PluginManage:310 - Check plugin analytics
2026-08-11 15:06:51,547 [INFO] AnalyticsPlugin:253 - Accepted Software Licenses: 
2026-08-11 15:06:51,547 [INFO] AnalyticsPlugin:255 - Accepted CMSIS Pack Licenses: 
2026-08-11 15:06:51,547 [INFO] AnalyticsPlugin:257 - Accepted Firmware Licenses: FW.F4.1.28.0,FW.F4.1.28.3
2026-08-11 15:06:51,550 [INFO] PluginManage:359 - Loaded plugin analytics (category:tool,tabindex:-1)
2026-08-11 15:06:51,551 [INFO] PluginManage:310 - Check plugin cadmodel
2026-08-11 15:06:51,559 [INFO] CADModel:105 - Init CAD model plugin
2026-08-11 15:06:51,559 [INFO] PluginManage:359 - Loaded plugin cadmodel (category:power,tabindex:5)
2026-08-11 15:06:51,559 [INFO] PluginManage:310 - Check plugin clock
2026-08-11 15:06:51,573 [INFO] PluginManage:359 - Loaded plugin clock (category:base,tabindex:2)
2026-08-11 15:06:51,573 [INFO] PluginManage:310 - Check plugin ddr
2026-08-11 15:06:51,577 [INFO] PluginManage:359 - Loaded plugin ddr (category:tool,tabindex:6)
2026-08-11 15:06:51,577 [INFO] PluginManage:310 - Check plugin filemanager
2026-08-11 15:06:51,780 [INFO] PluginManage:359 - Loaded plugin filemanager (category:base,tabindex:10)
2026-08-11 15:06:51,780 [INFO] PluginManage:310 - Check plugin ipmanager
2026-08-11 15:06:51,792 [INFO] PluginManage:359 - Loaded plugin ipmanager (category:base,tabindex:5)
2026-08-11 15:06:51,792 [INFO] PluginManage:310 - Check plugin lpbam
2026-08-11 15:06:51,810 [INFO] PluginManage:359 - Loaded plugin lpbam (category:base,tabindex:0)
2026-08-11 15:06:51,810 [INFO] PluginManage:310 - Check plugin memorymap
2026-08-11 15:06:51,833 [INFO] PluginManage:359 - Loaded plugin memorymap (category:base,tabindex:4)
2026-08-11 15:06:51,834 [INFO] PluginManage:310 - Check plugin pinoutandconfiguration
2026-08-11 15:06:51,848 [INFO] PluginManage:359 - Loaded plugin pinoutandconfiguration (category:base,tabindex:1)
2026-08-11 15:06:51,849 [INFO] PluginManage:310 - Check plugin pinoutconfig
2026-08-11 15:06:51,968 [WARN] SupportedApi:132 - Cannot load RTOS API schema: s4s-elt-must-match.1: The content of 'definitions' must match (annotation?, (simpleType | complexType)?, (unique | key | keyref)*)). A problem was found starting at: attribute.
2026-08-11 15:06:52,162 [INFO] PluginManage:359 - Loaded plugin pinoutconfig (category:base,tabindex:0)
2026-08-11 15:06:52,162 [INFO] PluginManage:310 - Check plugin power
2026-08-11 15:06:52,176 [INFO] PluginManage:359 - Loaded plugin power (category:power,tabindex:4)
2026-08-11 15:06:52,176 [INFO] PluginManage:310 - Check plugin projectmanager
2026-08-11 15:06:52,202 [INFO] PluginManage:359 - Loaded plugin projectmanager (category:projectmanager,tabindex:4)
2026-08-11 15:06:52,203 [INFO] PluginManage:310 - Check plugin rif
2026-08-11 15:06:52,220 [INFO] PluginManage:359 - Loaded plugin rif (category:base,tabindex:3)
2026-08-11 15:06:52,220 [INFO] PluginManage:310 - Check plugin thirdparty
2026-08-11 15:06:52,408 [INFO] PluginManage:359 - Loaded plugin thirdparty (category:base,tabindex:-1)
2026-08-11 15:06:52,407 [WARN] IntegrityCheckThread:84 - waiting for thirdparty lock release [integrity check]
2026-08-11 15:06:52,408 [INFO] PluginManage:310 - Check plugin tools
2026-08-11 15:06:52,408 [INFO] IntegrityCheckThread:86 - entering critical section [integrity check]
2026-08-11 15:06:52,409 [INFO] ThirdPartyUpdaterWithRetryManager:70 - Updater plugin not ready yet. [1/15]
2026-08-11 15:06:52,413 [INFO] PluginManage:359 - Loaded plugin tools (category:base,tabindex:7)
2026-08-11 15:06:52,413 [INFO] PluginManage:310 - Check plugin tutovideos
2026-08-11 15:06:52,694 [INFO] PluginManage:359 - Loaded plugin tutovideos (category:base,tabindex:-1)
2026-08-11 15:06:52,695 [INFO] PluginManage:310 - Check plugin updater
2026-08-11 15:06:52,733 [INFO] PluginManage:359 - Loaded plugin updater (category:base,tabindex:12)
2026-08-11 15:06:52,733 [INFO] PluginManage:310 - Check plugin userauth
2026-08-11 15:06:52,740 [INFO] UserAuth:118 - Init User Auth plugin
2026-08-11 15:06:52,742 [INFO] PluginManage:359 - Loaded plugin userauth (category:base,tabindex:14)
2026-08-11 15:06:52,743 [INFO] PluginManage:283 - PluginManage : Loaded plugins [18]
2026-08-11 15:06:53,010 [INFO] PinOutPanel:1589 - setPackage(No Configuration,No Configuration)
2026-08-11 15:06:53,133 [INFO] CADModel:165 - CPN selected for project level
2026-08-11 15:06:53,133 [INFO] CADModel:114 - Register for checkConnection events
2026-08-11 15:06:53,151 [INFO] IPUIPlugin:80 - create IPUIPlugin
2026-08-11 15:06:53,152 [INFO] PluginManager:220 - loadIPPluginJar : add resmgrutility
2026-08-11 15:06:53,163 [INFO] IPUIPlugin:80 - create IPUIPlugin
2026-08-11 15:06:53,163 [INFO] PluginManager:220 - loadIPPluginJar : add adc
2026-08-11 15:06:53,171 [INFO] IPUIPlugin:80 - create IPUIPlugin
2026-08-11 15:06:53,174 [INFO] PluginManager:220 - loadIPPluginJar : add plateformsettings
2026-08-11 15:06:53,177 [INFO] IPUIPlugin:80 - create IPUIPlugin
2026-08-11 15:06:53,177 [INFO] PluginManager:220 - loadIPPluginJar : add spi
2026-08-11 15:06:53,179 [INFO] IPUIPlugin:80 - create IPUIPlugin
2026-08-11 15:06:53,180 [INFO] PluginManager:220 - loadIPPluginJar : add extmemmanager
2026-08-11 15:06:53,181 [INFO] IPUIPlugin:80 - create IPUIPlugin
2026-08-11 15:06:53,181 [INFO] PluginManager:220 - loadIPPluginJar : add quadspi
2026-08-11 15:06:53,186 [INFO] IPUIPlugin:80 - create IPUIPlugin
2026-08-11 15:06:53,186 [INFO] PluginManager:220 - loadIPPluginJar : add fmc
2026-08-11 15:06:53,189 [INFO] IPUIPlugin:80 - create IPUIPlugin
2026-08-11 15:06:53,189 [INFO] PluginManager:220 - loadIPPluginJar : add opamp
2026-08-11 15:06:53,191 [INFO] IPUIPlugin:80 - create IPUIPlugin
2026-08-11 15:06:53,191 [INFO] PluginManager:220 - loadIPPluginJar : add ts
2026-08-11 15:06:53,197 [INFO] IPUIPlugin:80 - create IPUIPlugin
2026-08-11 15:06:53,198 [INFO] PluginManager:220 - loadIPPluginJar : add gic
2026-08-11 15:06:53,202 [INFO] IPUIPlugin:80 - create IPUIPlugin
2026-08-11 15:06:53,202 [INFO] PluginManager:220 - loadIPPluginJar : add gpio
2026-08-11 15:06:53,205 [INFO] IPUIPlugin:80 - create IPUIPlugin
2026-08-11 15:06:53,205 [INFO] PluginManager:220 - loadIPPluginJar : add usart
2026-08-11 15:06:53,208 [INFO] IPUIPlugin:80 - create IPUIPlugin
2026-08-11 15:06:53,209 [INFO] PluginManager:220 - loadIPPluginJar : add usbx
2026-08-11 15:06:53,217 [INFO] IPUIPlugin:80 - create IPUIPlugin
2026-08-11 15:06:53,217 [INFO] PluginManager:220 - loadIPPluginJar : add linkedlist
2026-08-11 15:06:53,220 [INFO] IPUIPlugin:80 - create IPUIPlugin
2026-08-11 15:06:53,220 [INFO] PluginManager:220 - loadIPPluginJar : add i3c
2026-08-11 15:06:53,222 [INFO] IPUIPlugin:80 - create IPUIPlugin
2026-08-11 15:06:53,222 [INFO] PluginManager:220 - loadIPPluginJar : add aes
2026-08-11 15:06:53,225 [INFO] IPUIPlugin:80 - create IPUIPlugin
2026-08-11 15:06:53,226 [INFO] PluginManager:220 - loadIPPluginJar : add sai
2026-08-11 15:06:53,228 [INFO] IPUIPlugin:80 - create IPUIPlugin
2026-08-11 15:06:53,228 [INFO] PluginManager:220 - loadIPPluginJar : add tracer_emb
2026-08-11 15:06:53,232 [INFO] IPUIPlugin:80 - create IPUIPlugin
2026-08-11 15:06:53,232 [INFO] PluginManager:220 - loadIPPluginJar : add nvic
2026-08-11 15:06:53,235 [INFO] IPUIPlugin:80 - create IPUIPlugin
2026-08-11 15:06:53,235 [INFO] PluginManager:220 - loadIPPluginJar : add gtzc
2026-08-11 15:06:53,236 [INFO] IPUIPlugin:80 - create IPUIPlugin
2026-08-11 15:06:53,236 [INFO] PluginManager:220 - loadIPPluginJar : add fatfs
2026-08-11 15:06:53,243 [INFO] IPUIPlugin:80 - create IPUIPlugin
2026-08-11 15:06:53,244 [INFO] PluginManager:220 - loadIPPluginJar : add mdma
2026-08-11 15:06:53,245 [INFO] IPUIPlugin:80 - create IPUIPlugin
2026-08-11 15:06:53,246 [INFO] PluginManager:220 - loadIPPluginJar : add radio
2026-08-11 15:06:53,249 [INFO] IPUIPlugin:80 - create IPUIPlugin
2026-08-11 15:06:53,249 [INFO] PluginManager:220 - loadIPPluginJar : add pdm2pcm
2026-08-11 15:06:53,251 [INFO] IPUIPlugin:80 - create IPUIPlugin
2026-08-11 15:06:53,251 [INFO] PluginManager:220 - loadIPPluginJar : add ucpd
2026-08-11 15:06:53,253 [INFO] IPUIPlugin:80 - create IPUIPlugin
2026-08-11 15:06:53,253 [INFO] PluginManager:220 - loadIPPluginJar : add tim
2026-08-11 15:06:53,259 [INFO] IPUIPlugin:80 - create IPUIPlugin
2026-08-11 15:06:53,260 [INFO] PluginManager:220 - loadIPPluginJar : add stm32_wpan
2026-08-11 15:06:53,261 [INFO] IPUIPlugin:80 - create IPUIPlugin
2026-08-11 15:06:53,261 [INFO] PluginManager:220 - loadIPPluginJar : add tsc
2026-08-11 15:06:53,268 [INFO] IPUIPlugin:80 - create IPUIPlugin
2026-08-11 15:06:53,268 [INFO] PluginManager:220 - loadIPPluginJar : add dma
2026-08-11 15:06:53,270 [INFO] IPUIPlugin:80 - create IPUIPlugin
2026-08-11 15:06:53,270 [INFO] PluginManager:220 - loadIPPluginJar : add ltdc
2026-08-11 15:06:53,272 [INFO] IPUIPlugin:80 - create IPUIPlugin
2026-08-11 15:06:53,272 [INFO] PluginManager:220 - loadIPPluginJar : add cryp
2026-08-11 15:06:53,275 [INFO] IPUIPlugin:80 - create IPUIPlugin
2026-08-11 15:06:53,275 [INFO] PluginManager:220 - loadIPPluginJar : add dfsdm
2026-08-11 15:06:53,277 [INFO] IPUIPlugin:80 - create IPUIPlugin
2026-08-11 15:06:53,278 [INFO] PluginManager:220 - loadIPPluginJar : add can
2026-08-11 15:06:53,280 [INFO] IPUIPlugin:80 - create IPUIPlugin
2026-08-11 15:06:53,280 [INFO] PluginManager:220 - loadIPPluginJar : add hash
2026-08-11 15:06:53,283 [INFO] IPUIPlugin:80 - create IPUIPlugin
2026-08-11 15:06:53,284 [INFO] PluginManager:220 - loadIPPluginJar : add touchsensing
2026-08-11 15:06:53,291 [INFO] IPUIPlugin:80 - create IPUIPlugin
2026-08-11 15:06:53,291 [INFO] PluginManager:220 - loadIPPluginJar : add freertos
2026-08-11 15:06:53,293 [INFO] IPUIPlugin:80 - create IPUIPlugin
2026-08-11 15:06:53,293 [INFO] PluginManager:220 - loadIPPluginJar : add gfxmmu
2026-08-11 15:06:53,297 [INFO] IPUIPlugin:80 - create IPUIPlugin
2026-08-11 15:06:53,297 [INFO] PluginManager:220 - loadIPPluginJar : add ipddr
2026-08-11 15:06:53,300 [INFO] IPUIPlugin:80 - create IPUIPlugin
2026-08-11 15:06:53,300 [INFO] PluginManager:220 - loadIPPluginJar : add dma3
2026-08-11 15:06:53,302 [INFO] IPUIPlugin:80 - create IPUIPlugin
2026-08-11 15:06:53,302 [INFO] PluginManager:220 - loadIPPluginJar : add openamp
2026-08-11 15:06:53,305 [INFO] IPUIPlugin:80 - create IPUIPlugin
2026-08-11 15:06:53,305 [INFO] PluginManager:220 - loadIPPluginJar : add i2c
2026-08-11 15:06:53,306 [INFO] IPUIPlugin:80 - create IPUIPlugin
2026-08-11 15:06:53,306 [INFO] PluginManager:220 - loadIPPluginJar : add genericplugin
2026-08-11 15:06:53,309 [INFO] IPUIPlugin:80 - create IPUIPlugin
2026-08-11 15:06:53,309 [INFO] PluginManager:220 - loadIPPluginJar : add i2s
2026-08-11 15:06:53,310 [INFO] IPUIPlugin:80 - create IPUIPlugin
2026-08-11 15:06:53,310 [INFO] PluginManager:220 - loadIPPluginJar : add comp
2026-08-11 15:06:53,312 [INFO] IPUIPlugin:80 - create IPUIPlugin
2026-08-11 15:06:53,312 [INFO] PluginManager:220 - loadIPPluginJar : add lorawan
2026-08-11 15:06:53,316 [INFO] IPUIPlugin:80 - create IPUIPlugin
2026-08-11 15:06:53,316 [INFO] PluginManager:220 - loadIPPluginJar : add ddr_ctrl_phy
2026-08-11 15:06:53,424 [FATAL] Updater:351 - Updater called before beeing initialized
2026-08-11 15:06:53,460 [INFO] RulesReader:64 - Compatibility file has been processed (317 Rules)
2026-08-11 15:06:53,473 [INFO] RulesReader:64 - Compatibility file has been processed (317 Rules)
2026-08-11 15:06:53,481 [INFO] CADModel:165 - CPN selected for project level
2026-08-11 15:06:53,482 [INFO] CADModel:114 - Register for checkConnection events
2026-08-11 15:06:53,482 [FATAL] Updater:351 - Updater called before beeing initialized
2026-08-11 15:06:53,482 [ERROR] CADModel:125 - Updater not yet initialized, retry later 
2026-08-11 15:06:53,648 [FATAL] Updater:351 - Updater called before beeing initialized
2026-08-11 15:06:53,650 [INFO] CADModel:165 - CPN selected for project level
2026-08-11 15:06:53,650 [INFO] CADModel:114 - Register for checkConnection events
2026-08-11 15:06:53,650 [FATAL] Updater:351 - Updater called before beeing initialized
2026-08-11 15:06:53,650 [ERROR] CADModel:125 - Updater not yet initialized, retry later 
2026-08-11 15:06:53,655 [FATAL] Updater:351 - Updater called before beeing initialized
2026-08-11 15:06:53,767 [FATAL] Updater:351 - Updater called before beeing initialized
2026-08-11 15:06:53,773 [INFO] DbMcusAds:53 - JSON generation date=Wed Jul 15 16:44:54 ICT 2026 (1784108694001)
2026-08-11 15:06:53,774 [FATAL] Updater:351 - Updater called before beeing initialized
2026-08-11 15:06:53,820 [WARN] DetailPanel:346 - Failed to get advertising image, set to default
2026-08-11 15:06:53,913 [FATAL] Updater:351 - Updater called before beeing initialized
2026-08-11 15:06:53,916 [FATAL] Updater:351 - Updater called before beeing initialized
2026-08-11 15:06:53,916 [FATAL] Updater:351 - Updater called before beeing initialized
2026-08-11 15:06:53,916 [WARN] DetailPanel:346 - Failed to get advertising image, set to default
2026-08-11 15:06:53,917 [FATAL] Updater:351 - Updater called before beeing initialized
2026-08-11 15:06:53,959 [ERROR] Updater:1198 - MainUpdater not yet initialized. External WinMGr cannot be set.
2026-08-11 15:06:53,961 [INFO] Updater:1134 - Updater Version found : 6.15.0
2026-08-11 15:06:53,986 [INFO] ApplicationProperties:184 - Using Application install path: /opt/st/stm32cubeide_1.19.0/plugins/com.st.stm32cube.common.mx_6.15.0.202507011659
2026-08-11 15:06:54,005 [ERROR] LogOutputStream:75 - [STDERR_REDIRECT] Aug 11, 2026 3:06:54 PM java.util.prefs.FileSystemPreferences$2 run
2026-08-11 15:06:54,005 [ERROR] LogOutputStream:75 - [STDERR_REDIRECT] WARNING: Could not create system preferences directory. System preferences are unusable.
2026-08-11 15:06:54,005 [ERROR] LogOutputStream:75 - [STDERR_REDIRECT] 
2026-08-11 15:06:54,248 [INFO] MainUpdater:2872 - connection check result : 10
2026-08-11 15:06:54,249 [INFO] MainUpdater:3604 - Updater definition file requires update
2026-08-11 15:06:54,249 [INFO] MainUpdater:289 - Updater Check For Update Now.
2026-08-11 15:06:54,250 [INFO] MicroXplorer:498 - Change Database Version : DB.6.0.150
2026-08-11 15:06:54,255 [INFO] McuFinderGlobals:63 - Set McuFinder mode to 2 (CubeIDE integrated)
2026-08-11 15:06:54,255 [INFO] UserAuth:171 - activating auth plugin
2026-08-11 15:06:54,258 [INFO] UserAuth:487 - Internet connection configuration mode: 1
2026-08-11 15:06:54,283 [INFO] JxBrowserEngine:152 - Initiate JxBrowser Engine with user profile folder
2026-08-11 15:06:54,296 [INFO] ServerAccessManage:452 - Complete download http(s) 200
2026-08-11 15:06:54,297 [INFO] ServerAccessManage:509 - Download File updaters.zip
2026-08-11 15:06:54,437 [INFO] FileExtend:248 - Unzip File : updaters.zip
2026-08-11 15:06:54,437 [INFO] FileExtend:263 - Standard Zip Deflate
2026-08-11 15:06:55,055 [INFO] ServerAccessManage:452 - Complete download http(s) 200
2026-08-11 15:06:55,056 [INFO] ServerAccessManage:509 - Download File PacksControlFlags.xml
2026-08-11 15:06:55,173 [INFO] ServerAccessManage:452 - Complete download http(s) 200
2026-08-11 15:06:55,173 [INFO] ServerAccessManage:509 - Download File cubemx.pidx
2026-08-11 15:06:55,303 [INFO] LoadServerUpdatesThread:375 - End of LoadServerUpdate Thread
2026-08-11 15:06:55,410 [WARN] MainUpdater:1193 - Updater busy. Cannot search thirdparties
2026-08-11 15:06:55,411 [INFO] ThirdPartyUpdaterWithRetryManager:96 - Updater plugin is busy. [1/15]
2026-08-11 15:06:55,533 [INFO] CheckServerUpdateThread:120 - End of CheckServer Thread
2026-08-11 15:06:55,812 [INFO] WebApp:169 - Instantiating new browser for Auth
2026-08-11 15:06:56,917 [INFO] WebApp:463 - Apply proxy settings
2026-08-11 15:06:56,917 [INFO] WebApp:548 - Chromium requires no authentication
2026-08-11 15:06:56,927 [INFO] WebApp:491 - Direct internet connection detected
2026-08-11 15:06:56,951 [INFO] WebApp:900 - Register for checkConnection events
2026-08-11 15:06:56,952 [INFO] WebApp:463 - Apply proxy settings
2026-08-11 15:06:56,952 [INFO] WebApp:548 - Chromium requires no authentication
2026-08-11 15:06:56,953 [INFO] WebApp:491 - Direct internet connection detected
2026-08-11 15:06:57,167 [INFO] WebApp:225 - Starting web application
2026-08-11 15:06:57,168 [INFO] WebApp:593 - Web application path used /opt/st/stm32cubeide_1.19.0/plugins/com.st.stm32cube.common.mx_6.15.0.202507011659/db/plugins/mcufinder/reactClient1/index.html
2026-08-11 15:06:57,361 [INFO] WebApp:191 - Connection restablished
2026-08-11 15:06:58,669 [WARN] PackLoader:240 - Cannot read IP mode file for STMicroelectronics.X-CUBE-AZRTOS-H7.3.5.0
2026-08-11 15:06:58,685 [WARN] PackLoader:240 - Cannot read IP mode file for STMicroelectronics.FP-ATR-ASTRA1.2.0.3
2026-08-11 15:06:58,695 [ERROR] Engine:466 - /home/kkattmos/.stm32cubemx/thirdparties/pdsc/STMicroelectronics.X-CUBE-SMBUS.2.1.1.pdsc: PDSC version is not supported
2026-08-11 15:06:58,725 [WARN] PackLoader:240 - Cannot read IP mode file for STMicroelectronics.X-CUBE-AZRTOS-F7.1.1.0
2026-08-11 15:06:58,747 [WARN] PackLoader:240 - Cannot read IP mode file for STMicroelectronics.X-CUBE-FREERTOS.1.6.0
2026-08-11 15:06:58,760 [WARN] PackLoader:240 - Cannot read IP mode file for STMicroelectronics.FP-SNS-MOTENV1.5.1.0
2026-08-11 15:06:58,820 [WARN] PackLoader:240 - Cannot read IP mode file for STMicroelectronics.X-CUBE-AZRTOS-H7RS.1.3.0
2026-08-11 15:06:58,852 [WARN] PackLoader:240 - Cannot read IP mode file for WES.I-CUBE-Cesium.1.4.0
2026-08-11 15:06:58,871 [WARN] PackLoader:240 - Cannot read IP mode file for STMicroelectronics.X-CUBE-DISPLAY.3.0.0
2026-08-11 15:06:58,903 [WARN] PackLoader:240 - Cannot read IP mode file for STMicroelectronics.X-CUBE-GNSS1.7.1.1
2026-08-11 15:06:58,917 [WARN] PackLoader:240 - Cannot read IP mode file for STMicroelectronics.FP-SNS-MOTENVWB1.1.5.0
2026-08-11 15:06:58,932 [WARN] PackLoader:240 - Cannot read IP mode file for STMicroelectronics.X-CUBE-NFC10.1.0.0
2026-08-11 15:06:58,947 [WARN] PackLoader:240 - Cannot read IP mode file for STMicroelectronics.X-CUBE-ST60.1.1.0
2026-08-11 15:06:58,960 [WARN] PackLoader:240 - Cannot read IP mode file for emotas.I-CUBE-CANOPEN.1.3.0
2026-08-11 15:06:58,968 [WARN] PackLoader:240 - Cannot read IP mode file for wolfSSL.I-CUBE-wolfSSL.5.9.2
2026-08-11 15:06:58,974 [ERROR] Engine:466 - /home/kkattmos/.stm32cubemx/thirdparties/pdsc/STMicroelectronics.X-CUBE-WBA.1.1.0.pdsc: PDSC version is not supported
2026-08-11 15:06:58,986 [WARN] PackLoader:240 - Cannot read IP mode file for STMicroelectronics.FP-SNS-STBOX1.2.1.0
2026-08-11 15:06:58,997 [WARN] PackLoader:240 - Cannot read IP mode file for STMicroelectronics.FP-SNS-SMARTAG2.1.2.0
2026-08-11 15:06:59,005 [WARN] PackLoader:240 - Cannot read IP mode file for STMicroelectronics.FP-SNS-FLIGHT1.5.1.0
2026-08-11 15:06:59,020 [INFO] LogOutputStream:77 - [STDOUT_REDIRECT] 1 : Invalid condition id : UX_CORESTACK_Condition cause : null
2026-08-11 15:06:59,021 [INFO] LogOutputStream:77 - [STDOUT_REDIRECT] 1 : Invalid condition id : UX_CORESTACK_Condition cause : null
2026-08-11 15:06:59,022 [INFO] LogOutputStream:77 - [STDOUT_REDIRECT] 1 : Invalid condition id : UX_CORESTACK_Condition cause : null
2026-08-11 15:06:59,022 [INFO] LogOutputStream:77 - [STDOUT_REDIRECT] 1 : Invalid condition id : UX_CORESTACK_Condition cause : null
2026-08-11 15:06:59,023 [INFO] LogOutputStream:77 - [STDOUT_REDIRECT] 1 : Invalid condition id : UX_CORESTACK_Condition cause : null
2026-08-11 15:06:59,030 [WARN] PackLoader:240 - Cannot read IP mode file for STMicroelectronics.X-CUBE-AZRTOS-WL.2.0.0
2026-08-11 15:06:59,042 [WARN] PackLoader:240 - Cannot read IP mode file for STMicroelectronics.X-CUBE-BLE2.3.3.0
2026-08-11 15:06:59,095 [WARN] PackLoader:240 - Cannot read IP mode file for Infineon.AIROC-Wi-Fi-Bluetooth-STM32.1.8.0
2026-08-11 15:06:59,113 [WARN] PackLoader:240 - Cannot read IP mode file for STMicroelectronics.X-CUBE-NFC9.1.0.0
2026-08-11 15:06:59,124 [WARN] PackLoader:240 - Cannot read IP mode file for STMicroelectronics.X-CUBE-BLE1.7.1.0
2026-08-11 15:06:59,129 [WARN] PackLoader:240 - Cannot read IP mode file for wolfSSL.I-CUBE-wolfMQTT.1.19.2
2026-08-11 15:06:59,137 [WARN] PackLoader:240 - Cannot read IP mode file for STMicroelectronics.X-CUBE-EEPRMA1.5.2.0
2026-08-11 15:06:59,147 [WARN] PackLoader:240 - Cannot read IP mode file for STMicroelectronics.FP-SNS-STAIOTCFT.1.1.0
2026-08-11 15:06:59,171 [WARN] PackLoader:240 - Cannot read IP mode file for STMicroelectronics.X-CUBE-AZRTOS-G0.1.1.0
2026-08-11 15:06:59,184 [WARN] PackLoader:240 - Cannot read IP mode file for STMicroelectronics.X-CUBE-NFC4.3.0.0
2026-08-11 15:06:59,201 [WARN] PackLoader:240 - Cannot read IP mode file for EmbeddedOffice.I-CUBE-FS-RTOS.1.0.1
2026-08-11 15:06:59,208 [WARN] PackLoader:240 - Cannot read IP mode file for wolfSSL.I-CUBE-wolfTPM.3.8.0
2026-08-11 15:06:59,216 [WARN] PackLoader:240 - Cannot read IP mode file for STMicroelectronics.X-CUBE-TCPP.4.2.0
2026-08-11 15:06:59,224 [WARN] PackLoader:240 - Cannot read IP mode file for RealThread.X-CUBE-RT-Thread_Nano.4.1.1
2026-08-11 15:06:59,229 [WARN] PackLoader:240 - Cannot read IP mode file for STMicroelectronics.FP-ATR-SIGFOX1.3.2.0
2026-08-11 15:06:59,237 [WARN] PackLoader:240 - Cannot read IP mode file for ITTIA_DB.I-CUBE-ITTIADB.8.9.0
2026-08-11 15:06:59,241 [WARN] PackLoader:240 - Cannot read IP mode file for Cesanta.I-CUBE-Mongoose.7.21.7
2026-08-11 15:06:59,250 [WARN] PackLoader:240 - Cannot read IP mode file for STMicroelectronics.X-CUBE-NFC6.3.2.0
2026-08-11 15:06:59,260 [WARN] PackLoader:240 - Cannot read IP mode file for STMicroelectronics.X-CUBE-AI.10.2.1
2026-08-11 15:06:59,298 [WARN] PackLoader:240 - Cannot read IP mode file for SEGGER.I-CUBE-embOS.1.3.1
2026-08-11 15:06:59,365 [WARN] PackLoader:240 - Cannot read IP mode file for STMicroelectronics.X-CUBE-NFC13.1.0.0
2026-08-11 15:06:59,374 [WARN] PackLoader:240 - Cannot read IP mode file for STMicroelectronics.X-CUBE-PM33A1.1.0.0
2026-08-11 15:06:59,395 [WARN] PackLoader:240 - Cannot read IP mode file for STMicroelectronics.X-CUBE-AZRTOS-F4.1.1.0
2026-08-11 15:06:59,405 [WARN] PackLoader:240 - Cannot read IP mode file for STMicroelectronics.X-CUBE-ISPU.2.1.0
2026-08-11 15:06:59,424 [WARN] PackLoader:240 - Cannot read IP mode file for STMicroelectronics.X-CUBE-IPS.3.2.0
2026-08-11 15:06:59,440 [WARN] PackLoader:240 - Cannot read IP mode file for STMicroelectronics.eDS-WB_DPC_TT-BIDIR.2.1.1
2026-08-11 15:06:59,447 [WARN] PackLoader:240 - Cannot read IP mode file for STMicroelectronics.X-CUBE-NFC12.1.0.0
2026-08-11 15:06:59,468 [WARN] PackLoader:240 - Cannot read IP mode file for STMicroelectronics.X-CUBE-AZRTOS-L5.2.0.0
2026-08-11 15:06:59,480 [WARN] PackLoader:240 - Cannot read IP mode file for STMicroelectronics.X-CUBE-ALGOBUILD.1.5.0
2026-08-11 15:06:59,485 [WARN] PackLoader:240 - Cannot read IP mode file for STMicroelectronics.eDS-WB_DPC_VIENNA.1.2.0
2026-08-11 15:06:59,534 [WARN] PackLoader:240 - Cannot read IP mode file for STMicroelectronics.X-CUBE-MEMS1.13.0.0
2026-08-11 15:06:59,643 [WARN] PackLoader:240 - Cannot read IP mode file for STMicroelectronics.eDS-WB_DPC_3PH2L-BIDIR.1.1.1
2026-08-11 15:06:59,649 [ERROR] Engine:466 - /home/kkattmos/.stm32cubemx/thirdparties/pdsc/STMicroelectronics.X-CUBE-ST67W61.1.3.0.pdsc: PDSC version is not supported
2026-08-11 15:06:59,655 [WARN] PackLoader:240 - Cannot read IP mode file for STMicroelectronics.X-CUBE-TOUCHGFX.4.26.1
2026-08-11 15:06:59,662 [WARN] PackLoader:240 - Cannot read IP mode file for STMicroelectronics.X-CUBE-DPower.1.3.0
2026-08-11 15:06:59,681 [WARN] ConditionMgr:438 - getConditionDescription Invalid condition id : LAN8742 Phy interface Condition cause : null
2026-08-11 15:06:59,681 [WARN] PackLoader:240 - Cannot read IP mode file for STMicroelectronics.X-CUBE-AZRTOS-L4.2.0.0
2026-08-11 15:06:59,683 [WARN] ConditionMgr:1044 - genDependencies : Invalid condition id : LAN8742 Phy interface Condition cause : null
2026-08-11 15:06:59,683 [WARN] ConditionMgr:1044 - genDependencies : Invalid condition id : LAN8742 Phy interface Condition cause : null
2026-08-11 15:06:59,684 [WARN] ConditionMgr:1044 - genDependencies : Invalid condition id : LAN8742 Phy interface Condition cause : null
2026-08-11 15:06:59,693 [WARN] PackLoader:240 - Cannot read IP mode file for STMicroelectronics.X-CUBE-SFXS2LP1.4.0.0
2026-08-11 15:06:59,701 [WARN] PackLoader:240 - Cannot read IP mode file for STMicroelectronics.X-CUBE-WB05N.2.1.0
2026-08-11 15:06:59,716 [WARN] ConditionMgr:438 - getConditionDescription Invalid condition id : UX DEVICE CLASS RTOS Condition cause : null
2026-08-11 15:06:59,716 [WARN] ConditionMgr:438 - getConditionDescription Invalid condition id : UX DEVICE CLASS RTOS Condition cause : null
2026-08-11 15:06:59,719 [WARN] PackLoader:240 - Cannot read IP mode file for STMicroelectronics.X-CUBE-AZRTOS-WB.2.0.0
2026-08-11 15:06:59,719 [WARN] ConditionMgr:1044 - genDependencies : Invalid condition id : UX DEVICE CLASS RTOS Condition cause : null
2026-08-11 15:06:59,720 [WARN] ConditionMgr:1044 - genDependencies : Invalid condition id : UX DEVICE CLASS RTOS Condition cause : null
2026-08-11 15:06:59,720 [WARN] ConditionMgr:1044 - genDependencies : Invalid condition id : UX DEVICE CLASS RTOS Condition cause : null
2026-08-11 15:06:59,720 [WARN] ConditionMgr:1044 - genDependencies : Invalid condition id : UX DEVICE CLASS RTOS Condition cause : null
2026-08-11 15:06:59,721 [WARN] ConditionMgr:1044 - genDependencies : Invalid condition id : UX DEVICE CLASS RTOS Condition cause : null
2026-08-11 15:06:59,727 [WARN] ConditionMgr:438 - getConditionDescription Invalid condition id : Cortex-A Device cause : null
2026-08-11 15:06:59,735 [WARN] ConditionMgr:1044 - genDependencies : Invalid condition id : Cortex-A Device cause : null
2026-08-11 15:06:59,736 [WARN] ConditionMgr:1044 - genDependencies : Invalid condition id : Cortex-A Device cause : null
2026-08-11 15:06:59,736 [WARN] ConditionMgr:1044 - genDependencies : Invalid condition id : Cortex-A Device cause : null
2026-08-11 15:06:59,746 [WARN] PackLoader:240 - Cannot read IP mode file for STMicroelectronics.X-CUBE-STSE01.2.0.0
2026-08-11 15:06:59,762 [WARN] PackLoader:240 - Cannot read IP mode file for STMicroelectronics.X-CUBE-SUBG2.5.0.0
2026-08-11 15:06:59,786 [WARN] PackLoader:240 - Cannot read IP mode file for STMicroelectronics.X-CUBE-AZRTOS-G4.2.0.0
2026-08-11 15:06:59,793 [WARN] PackLoader:240 - Cannot read IP mode file for wolfSSL.I-CUBE-wolfSSH.1.4.20
2026-08-11 15:06:59,798 [WARN] PackLoader:240 - Cannot read IP mode file for STMicroelectronics.X-CUBE-NFC7.2.0.0
2026-08-11 15:06:59,805 [ERROR] Engine:466 - /home/kkattmos/.stm32cubemx/thirdparties/pdsc/STMicroelectronics.X-CUBE-BLEMGR.4.2.0.pdsc: PDSC version is not supported
2026-08-11 15:06:59,809 [WARN] PackLoader:240 - Cannot read IP mode file for STMicroelectronics.X-CUBE-ALS.1.0.2
2026-08-11 15:06:59,823 [WARN] PackLoader:240 - Cannot read IP mode file for STMicroelectronics.X-CUBE-TOF1.3.4.3
2026-08-11 15:06:59,836 [INFO] ThirdParty:978 - Integrity check success = true
2026-08-11 15:06:59,836 [INFO] IntegrityCheckThread:100 - exiting critical section [integrity check]
2026-08-11 15:06:59,837 [INFO] IntegrityCheckThread:103 - End integrity checks thread
2026-08-11 15:07:18,809 [ERROR] LogOutputStream:75 - [STDERR_REDIRECT] Aug 11, 2026 3:07:18 PM java.util.prefs.FileSystemPreferences checkLockFile0ErrorCode
2026-08-11 15:07:18,810 [ERROR] LogOutputStream:75 - [STDERR_REDIRECT] WARNING: Could not lock System prefs. Unix error code 2.
2026-08-11 15:07:18,810 [ERROR] LogOutputStream:75 - [STDERR_REDIRECT] 
2026-08-11 15:07:18,811 [ERROR] LogOutputStream:75 - [STDERR_REDIRECT] Aug 11, 2026 3:07:18 PM java.util.prefs.FileSystemPreferences syncWorld
2026-08-11 15:07:18,811 [ERROR] LogOutputStream:75 - [STDERR_REDIRECT] WARNING: Couldn't flush system prefs: java.util.prefs.BackingStoreException: Couldn't get file lock.
2026-08-11 15:07:18,811 [ERROR] LogOutputStream:75 - [STDERR_REDIRECT] 
2026-08-11 15:07:48,793 [ERROR] LogOutputStream:75 - [STDERR_REDIRECT] Aug 11, 2026 3:07:48 PM java.util.prefs.FileSystemPreferences checkLockFile0ErrorCode
2026-08-11 15:07:48,793 [ERROR] LogOutputStream:75 - [STDERR_REDIRECT] WARNING: Could not lock System prefs. Unix error code 2.
2026-08-11 15:07:48,793 [ERROR] LogOutputStream:75 - [STDERR_REDIRECT] 
2026-08-11 15:07:48,794 [ERROR] LogOutputStream:75 - [STDERR_REDIRECT] Aug 11, 2026 3:07:48 PM java.util.prefs.FileSystemPreferences syncWorld
2026-08-11 15:07:48,794 [ERROR] LogOutputStream:75 - [STDERR_REDIRECT] WARNING: Couldn't flush system prefs: java.util.prefs.BackingStoreException: Couldn't get file lock.
2026-08-11 15:07:48,794 [ERROR] LogOutputStream:75 - [STDERR_REDIRECT] 
2026-08-11 15:08:18,792 [ERROR] LogOutputStream:75 - [STDERR_REDIRECT] Aug 11, 2026 3:08:18 PM java.util.prefs.FileSystemPreferences checkLockFile0ErrorCode
2026-08-11 15:08:18,793 [ERROR] LogOutputStream:75 - [STDERR_REDIRECT] WARNING: Could not lock System prefs. Unix error code 2.
2026-08-11 15:08:18,793 [ERROR] LogOutputStream:75 - [STDERR_REDIRECT] 
2026-08-11 15:08:18,793 [ERROR] LogOutputStream:75 - [STDERR_REDIRECT] Aug 11, 2026 3:08:18 PM java.util.prefs.FileSystemPreferences syncWorld
2026-08-11 15:08:18,794 [ERROR] LogOutputStream:75 - [STDERR_REDIRECT] WARNING: Couldn't flush system prefs: java.util.prefs.BackingStoreException: Couldn't get file lock.
2026-08-11 15:08:18,794 [ERROR] LogOutputStream:75 - [STDERR_REDIRECT] 
2026-08-11 15:08:48,793 [ERROR] LogOutputStream:75 - [STDERR_REDIRECT] Aug 11, 2026 3:08:48 PM java.util.prefs.FileSystemPreferences checkLockFile0ErrorCode
2026-08-11 15:08:48,794 [ERROR] LogOutputStream:75 - [STDERR_REDIRECT] WARNING: Could not lock System prefs. Unix error code 2.
2026-08-11 15:08:48,794 [ERROR] LogOutputStream:75 - [STDERR_REDIRECT] 
2026-08-11 15:08:48,795 [ERROR] LogOutputStream:75 - [STDERR_REDIRECT] Aug 11, 2026 3:08:48 PM java.util.prefs.FileSystemPreferences syncWorld
2026-08-11 15:08:48,795 [ERROR] LogOutputStream:75 - [STDERR_REDIRECT] WARNING: Couldn't flush system prefs: java.util.prefs.BackingStoreException: Couldn't get file lock.
2026-08-11 15:08:48,795 [ERROR] LogOutputStream:75 - [STDERR_REDIRECT] 
2026-08-11 15:09:18,793 [ERROR] LogOutputStream:75 - [STDERR_REDIRECT] Aug 11, 2026 3:09:18 PM java.util.prefs.FileSystemPreferences checkLockFile0ErrorCode
2026-08-11 15:09:18,794 [ERROR] LogOutputStream:75 - [STDERR_REDIRECT] WARNING: Could not lock System prefs. Unix error code 2.
2026-08-11 15:09:18,794 [ERROR] LogOutputStream:75 - [STDERR_REDIRECT] 
2026-08-11 15:09:18,795 [ERROR] LogOutputStream:75 - [STDERR_REDIRECT] Aug 11, 2026 3:09:18 PM java.util.prefs.FileSystemPreferences syncWorld
2026-08-11 15:09:18,795 [ERROR] LogOutputStream:75 - [STDERR_REDIRECT] WARNING: Couldn't flush system prefs: java.util.prefs.BackingStoreException: Couldn't get file lock.
2026-08-11 15:09:18,795 [ERROR] LogOutputStream:75 - [STDERR_REDIRECT] 
2026-08-11 15:09:48,792 [ERROR] LogOutputStream:75 - [STDERR_REDIRECT] Aug 11, 2026 3:09:48 PM java.util.prefs.FileSystemPreferences checkLockFile0ErrorCode
2026-08-11 15:09:48,793 [ERROR] LogOutputStream:75 - [STDERR_REDIRECT] WARNING: Could not lock System prefs. Unix error code 2.
2026-08-11 15:09:48,793 [ERROR] LogOutputStream:75 - [STDERR_REDIRECT] 
2026-08-11 15:09:48,794 [ERROR] LogOutputStream:75 - [STDERR_REDIRECT] Aug 11, 2026 3:09:48 PM java.util.prefs.FileSystemPreferences syncWorld
2026-08-11 15:09:48,794 [ERROR] LogOutputStream:75 - [STDERR_REDIRECT] WARNING: Couldn't flush system prefs: java.util.prefs.BackingStoreException: Couldn't get file lock.
2026-08-11 15:09:48,794 [ERROR] LogOutputStream:75 - [STDERR_REDIRECT] 
2026-08-11 15:10:18,791 [ERROR] LogOutputStream:75 - [STDERR_REDIRECT] Aug 11, 2026 3:10:18 PM java.util.prefs.FileSystemPreferences checkLockFile0ErrorCode
2026-08-11 15:10:18,792 [ERROR] LogOutputStream:75 - [STDERR_REDIRECT] WARNING: Could not lock System prefs. Unix error code 2.
2026-08-11 15:10:18,792 [ERROR] LogOutputStream:75 - [STDERR_REDIRECT] 
2026-08-11 15:10:18,792 [ERROR] LogOutputStream:75 - [STDERR_REDIRECT] Aug 11, 2026 3:10:18 PM java.util.prefs.FileSystemPreferences syncWorld
2026-08-11 15:10:18,792 [ERROR] LogOutputStream:75 - [STDERR_REDIRECT] WARNING: Couldn't flush system prefs: java.util.prefs.BackingStoreException: Couldn't get file lock.
2026-08-11 15:10:18,792 [ERROR] LogOutputStream:75 - [STDERR_REDIRECT] 
2026-08-11 15:10:48,792 [ERROR] LogOutputStream:75 - [STDERR_REDIRECT] Aug 11, 2026 3:10:48 PM java.util.prefs.FileSystemPreferences checkLockFile0ErrorCode
2026-08-11 15:10:48,793 [ERROR] LogOutputStream:75 - [STDERR_REDIRECT] WARNING: Could not lock System prefs. Unix error code 2.
2026-08-11 15:10:48,793 [ERROR] LogOutputStream:75 - [STDERR_REDIRECT] 
2026-08-11 15:10:48,793 [ERROR] LogOutputStream:75 - [STDERR_REDIRECT] Aug 11, 2026 3:10:48 PM java.util.prefs.FileSystemPreferences syncWorld
2026-08-11 15:10:48,793 [ERROR] LogOutputStream:75 - [STDERR_REDIRECT] WARNING: Couldn't flush system prefs: java.util.prefs.BackingStoreException: Couldn't get file lock.
2026-08-11 15:10:48,793 [ERROR] LogOutputStream:75 - [STDERR_REDIRECT] 
2026-08-11 15:11:18,794 [ERROR] LogOutputStream:75 - [STDERR_REDIRECT] Aug 11, 2026 3:11:18 PM java.util.prefs.FileSystemPreferences checkLockFile0ErrorCode
2026-08-11 15:11:18,794 [ERROR] LogOutputStream:75 - [STDERR_REDIRECT] WARNING: Could not lock System prefs. Unix error code 2.
2026-08-11 15:11:18,795 [ERROR] LogOutputStream:75 - [STDERR_REDIRECT] 
2026-08-11 15:11:18,796 [ERROR] LogOutputStream:75 - [STDERR_REDIRECT] Aug 11, 2026 3:11:18 PM java.util.prefs.FileSystemPreferences syncWorld
2026-08-11 15:11:18,796 [ERROR] LogOutputStream:75 - [STDERR_REDIRECT] WARNING: Couldn't flush system prefs: java.util.prefs.BackingStoreException: Couldn't get file lock.
2026-08-11 15:11:18,796 [ERROR] LogOutputStream:75 - [STDERR_REDIRECT] 
2026-08-11 15:11:48,793 [ERROR] LogOutputStream:75 - [STDERR_REDIRECT] Aug 11, 2026 3:11:48 PM java.util.prefs.FileSystemPreferences checkLockFile0ErrorCode
2026-08-11 15:11:48,794 [ERROR] LogOutputStream:75 - [STDERR_REDIRECT] WARNING: Could not lock System prefs. Unix error code 2.
2026-08-11 15:11:48,794 [ERROR] LogOutputStream:75 - [STDERR_REDIRECT] 
2026-08-11 15:11:48,795 [ERROR] LogOutputStream:75 - [STDERR_REDIRECT] Aug 11, 2026 3:11:48 PM java.util.prefs.FileSystemPreferences syncWorld
2026-08-11 15:11:48,795 [ERROR] LogOutputStream:75 - [STDERR_REDIRECT] WARNING: Couldn't flush system prefs: java.util.prefs.BackingStoreException: Couldn't get file lock.
2026-08-11 15:11:48,795 [ERROR] LogOutputStream:75 - [STDERR_REDIRECT] 
2026-08-11 15:12:18,793 [ERROR] LogOutputStream:75 - [STDERR_REDIRECT] Aug 11, 2026 3:12:18 PM java.util.prefs.FileSystemPreferences checkLockFile0ErrorCode
2026-08-11 15:12:18,794 [ERROR] LogOutputStream:75 - [STDERR_REDIRECT] WARNING: Could not lock System prefs. Unix error code 2.
2026-08-11 15:12:18,794 [ERROR] LogOutputStream:75 - [STDERR_REDIRECT] 
2026-08-11 15:12:18,794 [ERROR] LogOutputStream:75 - [STDERR_REDIRECT] Aug 11, 2026 3:12:18 PM java.util.prefs.FileSystemPreferences syncWorld
2026-08-11 15:12:18,795 [ERROR] LogOutputStream:75 - [STDERR_REDIRECT] WARNING: Couldn't flush system prefs: java.util.prefs.BackingStoreException: Couldn't get file lock.
2026-08-11 15:12:18,795 [ERROR] LogOutputStream:75 - [STDERR_REDIRECT] 
2026-08-11 15:12:48,793 [ERROR] LogOutputStream:75 - [STDERR_REDIRECT] Aug 11, 2026 3:12:48 PM java.util.prefs.FileSystemPreferences checkLockFile0ErrorCode
2026-08-11 15:12:48,793 [ERROR] LogOutputStream:75 - [STDERR_REDIRECT] WARNING: Could not lock System prefs. Unix error code 2.
2026-08-11 15:12:48,793 [ERROR] LogOutputStream:75 - [STDERR_REDIRECT] 
2026-08-11 15:12:48,794 [ERROR] LogOutputStream:75 - [STDERR_REDIRECT] Aug 11, 2026 3:12:48 PM java.util.prefs.FileSystemPreferences syncWorld
2026-08-11 15:12:48,794 [ERROR] LogOutputStream:75 - [STDERR_REDIRECT] WARNING: Couldn't flush system prefs: java.util.prefs.BackingStoreException: Couldn't get file lock.
2026-08-11 15:12:48,794 [ERROR] LogOutputStream:75 - [STDERR_REDIRECT] 
2026-08-11 15:13:18,793 [ERROR] LogOutputStream:75 - [STDERR_REDIRECT] Aug 11, 2026 3:13:18 PM java.util.prefs.FileSystemPreferences checkLockFile0ErrorCode
2026-08-11 15:13:18,793 [ERROR] LogOutputStream:75 - [STDERR_REDIRECT] WARNING: Could not lock System prefs. Unix error code 2.
2026-08-11 15:13:18,794 [ERROR] LogOutputStream:75 - [STDERR_REDIRECT] 
2026-08-11 15:13:18,794 [ERROR] LogOutputStream:75 - [STDERR_REDIRECT] Aug 11, 2026 3:13:18 PM java.util.prefs.FileSystemPreferences syncWorld
2026-08-11 15:13:18,794 [ERROR] LogOutputStream:75 - [STDERR_REDIRECT] WARNING: Couldn't flush system prefs: java.util.prefs.BackingStoreException: Couldn't get file lock.
2026-08-11 15:13:18,794 [ERROR] LogOutputStream:75 - [STDERR_REDIRECT] 
2026-08-11 15:13:48,793 [ERROR] LogOutputStream:75 - [STDERR_REDIRECT] Aug 11, 2026 3:13:48 PM java.util.prefs.FileSystemPreferences checkLockFile0ErrorCode
2026-08-11 15:13:48,794 [ERROR] LogOutputStream:75 - [STDERR_REDIRECT] WARNING: Could not lock System prefs. Unix error code 2.
2026-08-11 15:13:48,794 [ERROR] LogOutputStream:75 - [STDERR_REDIRECT] 
2026-08-11 15:13:48,794 [ERROR] LogOutputStream:75 - [STDERR_REDIRECT] Aug 11, 2026 3:13:48 PM java.util.prefs.FileSystemPreferences syncWorld
2026-08-11 15:13:48,795 [ERROR] LogOutputStream:75 - [STDERR_REDIRECT] WARNING: Couldn't flush system prefs: java.util.prefs.BackingStoreException: Couldn't get file lock.
2026-08-11 15:13:48,795 [ERROR] LogOutputStream:75 - [STDERR_REDIRECT] 
2026-08-11 15:13:49,082 [INFO] WebApp:194 - Connection lost
2026-08-11 15:13:49,318 [INFO] WebApp:191 - Connection restablished
2026-08-11 15:14:18,794 [ERROR] LogOutputStream:75 - [STDERR_REDIRECT] Aug 11, 2026 3:14:18 PM java.util.prefs.FileSystemPreferences checkLockFile0ErrorCode
2026-08-11 15:14:18,794 [ERROR] LogOutputStream:75 - [STDERR_REDIRECT] WARNING: Could not lock System prefs. Unix error code 2.
2026-08-11 15:14:18,794 [ERROR] LogOutputStream:75 - [STDERR_REDIRECT] 
2026-08-11 15:14:18,795 [ERROR] LogOutputStream:75 - [STDERR_REDIRECT] Aug 11, 2026 3:14:18 PM java.util.prefs.FileSystemPreferences syncWorld
2026-08-11 15:14:18,795 [ERROR] LogOutputStream:75 - [STDERR_REDIRECT] WARNING: Couldn't flush system prefs: java.util.prefs.BackingStoreException: Couldn't get file lock.
2026-08-11 15:14:18,795 [ERROR] LogOutputStream:75 - [STDERR_REDIRECT] 
2026-08-11 15:14:36,258 [INFO] WebApp:194 - Connection lost
2026-08-11 15:14:38,226 [INFO] WebApp:191 - Connection restablished
2026-08-11 15:14:38,238 [INFO] WebApp:194 - Connection lost
2026-08-11 15:14:38,406 [INFO] WebApp:191 - Connection restablished
2026-08-11 15:14:48,794 [ERROR] LogOutputStream:75 - [STDERR_REDIRECT] Aug 11, 2026 3:14:48 PM java.util.prefs.FileSystemPreferences checkLockFile0ErrorCode
2026-08-11 15:14:48,795 [ERROR] LogOutputStream:75 - [STDERR_REDIRECT] WARNING: Could not lock System prefs. Unix error code 2.
2026-08-11 15:14:48,795 [ERROR] LogOutputStream:75 - [STDERR_REDIRECT] 
2026-08-11 15:14:48,795 [ERROR] LogOutputStream:75 - [STDERR_REDIRECT] Aug 11, 2026 3:14:48 PM java.util.prefs.FileSystemPreferences syncWorld
2026-08-11 15:14:48,795 [ERROR] LogOutputStream:75 - [STDERR_REDIRECT] WARNING: Couldn't flush system prefs: java.util.prefs.BackingStoreException: Couldn't get file lock.
2026-08-11 15:14:48,795 [ERROR] LogOutputStream:75 - [STDERR_REDIRECT] 
2026-08-11 15:15:18,794 [ERROR] LogOutputStream:75 - [STDERR_REDIRECT] Aug 11, 2026 3:15:18 PM java.util.prefs.FileSystemPreferences checkLockFile0ErrorCode
2026-08-11 15:15:18,795 [ERROR] LogOutputStream:75 - [STDERR_REDIRECT] WARNING: Could not lock System prefs. Unix error code 2.
2026-08-11 15:15:18,795 [ERROR] LogOutputStream:75 - [STDERR_REDIRECT] 
2026-08-11 15:15:18,796 [ERROR] LogOutputStream:75 - [STDERR_REDIRECT] Aug 11, 2026 3:15:18 PM java.util.prefs.FileSystemPreferences syncWorld
2026-08-11 15:15:18,796 [ERROR] LogOutputStream:75 - [STDERR_REDIRECT] WARNING: Couldn't flush system prefs: java.util.prefs.BackingStoreException: Couldn't get file lock.
2026-08-11 15:15:18,796 [ERROR] LogOutputStream:75 - [STDERR_REDIRECT] 
2026-08-11 15:15:48,794 [ERROR] LogOutputStream:75 - [STDERR_REDIRECT] Aug 11, 2026 3:15:48 PM java.util.prefs.FileSystemPreferences checkLockFile0ErrorCode
2026-08-11 15:15:48,795 [ERROR] LogOutputStream:75 - [STDERR_REDIRECT] WARNING: Could not lock System prefs. Unix error code 2.
2026-08-11 15:15:48,795 [ERROR] LogOutputStream:75 - [STDERR_REDIRECT] 
2026-08-11 15:15:48,795 [ERROR] LogOutputStream:75 - [STDERR_REDIRECT] Aug 11, 2026 3:15:48 PM java.util.prefs.FileSystemPreferences syncWorld
2026-08-11 15:15:48,796 [ERROR] LogOutputStream:75 - [STDERR_REDIRECT] WARNING: Couldn't flush system prefs: java.util.prefs.BackingStoreException: Couldn't get file lock.
2026-08-11 15:15:48,796 [ERROR] LogOutputStream:75 - [STDERR_REDIRECT] 
2026-08-11 15:16:18,794 [ERROR] LogOutputStream:75 - [STDERR_REDIRECT] Aug 11, 2026 3:16:18 PM java.util.prefs.FileSystemPreferences checkLockFile0ErrorCode
2026-08-11 15:16:18,794 [ERROR] LogOutputStream:75 - [STDERR_REDIRECT] WARNING: Could not lock System prefs. Unix error code 2.
2026-08-11 15:16:18,795 [ERROR] LogOutputStream:75 - [STDERR_REDIRECT] 
2026-08-11 15:16:18,795 [ERROR] LogOutputStream:75 - [STDERR_REDIRECT] Aug 11, 2026 3:16:18 PM java.util.prefs.FileSystemPreferences syncWorld
2026-08-11 15:16:18,795 [ERROR] LogOutputStream:75 - [STDERR_REDIRECT] WARNING: Couldn't flush system prefs: java.util.prefs.BackingStoreException: Couldn't get file lock.
2026-08-11 15:16:18,795 [ERROR] LogOutputStream:75 - [STDERR_REDIRECT] 
2026-08-11 15:16:48,795 [ERROR] LogOutputStream:75 - [STDERR_REDIRECT] Aug 11, 2026 3:16:48 PM java.util.prefs.FileSystemPreferences checkLockFile0ErrorCode
2026-08-11 15:16:48,795 [ERROR] LogOutputStream:75 - [STDERR_REDIRECT] WARNING: Could not lock System prefs. Unix error code 2.
2026-08-11 15:16:48,795 [ERROR] LogOutputStream:75 - [STDERR_REDIRECT] 
2026-08-11 15:16:48,796 [ERROR] LogOutputStream:75 - [STDERR_REDIRECT] Aug 11, 2026 3:16:48 PM java.util.prefs.FileSystemPreferences syncWorld
2026-08-11 15:16:48,796 [ERROR] LogOutputStream:75 - [STDERR_REDIRECT] WARNING: Couldn't flush system prefs: java.util.prefs.BackingStoreException: Couldn't get file lock.
2026-08-11 15:16:48,796 [ERROR] LogOutputStream:75 - [STDERR_REDIRECT] 
2026-08-11 15:17:18,795 [ERROR] LogOutputStream:75 - [STDERR_REDIRECT] Aug 11, 2026 3:17:18 PM java.util.prefs.FileSystemPreferences checkLockFile0ErrorCode
2026-08-11 15:17:18,795 [ERROR] LogOutputStream:75 - [STDERR_REDIRECT] WARNING: Could not lock System prefs. Unix error code 2.
2026-08-11 15:17:18,795 [ERROR] LogOutputStream:75 - [STDERR_REDIRECT] 
2026-08-11 15:17:18,795 [ERROR] LogOutputStream:75 - [STDERR_REDIRECT] Aug 11, 2026 3:17:18 PM java.util.prefs.FileSystemPreferences syncWorld
2026-08-11 15:17:18,795 [ERROR] LogOutputStream:75 - [STDERR_REDIRECT] WARNING: Couldn't flush system prefs: java.util.prefs.BackingStoreException: Couldn't get file lock.
2026-08-11 15:17:18,796 [ERROR] LogOutputStream:75 - [STDERR_REDIRECT] 
2026-08-11 15:17:48,795 [ERROR] LogOutputStream:75 - [STDERR_REDIRECT] Aug 11, 2026 3:17:48 PM java.util.prefs.FileSystemPreferences checkLockFile0ErrorCode
2026-08-11 15:17:48,796 [ERROR] LogOutputStream:75 - [STDERR_REDIRECT] WARNING: Could not lock System prefs. Unix error code 2.
2026-08-11 15:17:48,797 [ERROR] LogOutputStream:75 - [STDERR_REDIRECT] 
2026-08-11 15:17:48,798 [ERROR] LogOutputStream:75 - [STDERR_REDIRECT] Aug 11, 2026 3:17:48 PM java.util.prefs.FileSystemPreferences syncWorld
2026-08-11 15:17:48,799 [ERROR] LogOutputStream:75 - [STDERR_REDIRECT] WARNING: Couldn't flush system prefs: java.util.prefs.BackingStoreException: Couldn't get file lock.
2026-08-11 15:17:48,799 [ERROR] LogOutputStream:75 - [STDERR_REDIRECT] 
2026-08-11 15:18:18,796 [ERROR] LogOutputStream:75 - [STDERR_REDIRECT] Aug 11, 2026 3:18:18 PM java.util.prefs.FileSystemPreferences checkLockFile0ErrorCode
2026-08-11 15:18:18,796 [ERROR] LogOutputStream:75 - [STDERR_REDIRECT] WARNING: Could not lock System prefs. Unix error code 2.
2026-08-11 15:18:18,797 [ERROR] LogOutputStream:75 - [STDERR_REDIRECT] 
2026-08-11 15:18:18,798 [ERROR] LogOutputStream:75 - [STDERR_REDIRECT] Aug 11, 2026 3:18:18 PM java.util.prefs.FileSystemPreferences syncWorld
2026-08-11 15:18:18,798 [ERROR] LogOutputStream:75 - [STDERR_REDIRECT] WARNING: Couldn't flush system prefs: java.util.prefs.BackingStoreException: Couldn't get file lock.
2026-08-11 15:18:18,798 [ERROR] LogOutputStream:75 - [STDERR_REDIRECT] 
2026-08-11 15:18:48,794 [ERROR] LogOutputStream:75 - [STDERR_REDIRECT] Aug 11, 2026 3:18:48 PM java.util.prefs.FileSystemPreferences checkLockFile0ErrorCode
2026-08-11 15:18:48,795 [ERROR] LogOutputStream:75 - [STDERR_REDIRECT] WARNING: Could not lock System prefs. Unix error code 2.
2026-08-11 15:18:48,795 [ERROR] LogOutputStream:75 - [STDERR_REDIRECT] 
2026-08-11 15:18:48,796 [ERROR] LogOutputStream:75 - [STDERR_REDIRECT] Aug 11, 2026 3:18:48 PM java.util.prefs.FileSystemPreferences syncWorld
2026-08-11 15:18:48,796 [ERROR] LogOutputStream:75 - [STDERR_REDIRECT] WARNING: Couldn't flush system prefs: java.util.prefs.BackingStoreException: Couldn't get file lock.
2026-08-11 15:18:48,796 [ERROR] LogOutputStream:75 - [STDERR_REDIRECT] 
2026-08-11 15:19:18,795 [ERROR] LogOutputStream:75 - [STDERR_REDIRECT] Aug 11, 2026 3:19:18 PM java.util.prefs.FileSystemPreferences checkLockFile0ErrorCode
2026-08-11 15:19:18,796 [ERROR] LogOutputStream:75 - [STDERR_REDIRECT] WARNING: Could not lock System prefs. Unix error code 2.
2026-08-11 15:19:18,796 [ERROR] LogOutputStream:75 - [STDERR_REDIRECT] 
2026-08-11 15:19:18,796 [ERROR] LogOutputStream:75 - [STDERR_REDIRECT] Aug 11, 2026 3:19:18 PM java.util.prefs.FileSystemPreferences syncWorld
2026-08-11 15:19:18,796 [ERROR] LogOutputStream:75 - [STDERR_REDIRECT] WARNING: Couldn't flush system prefs: java.util.prefs.BackingStoreException: Couldn't get file lock.
2026-08-11 15:19:18,796 [ERROR] LogOutputStream:75 - [STDERR_REDIRECT] 
2026-08-11 15:19:47,009 [INFO] WebApp:194 - Connection lost
2026-08-11 15:19:47,296 [INFO] WebApp:191 - Connection restablished
2026-08-11 15:19:48,795 [ERROR] LogOutputStream:75 - [STDERR_REDIRECT] Aug 11, 2026 3:19:48 PM java.util.prefs.FileSystemPreferences checkLockFile0ErrorCode
2026-08-11 15:19:48,796 [ERROR] LogOutputStream:75 - [STDERR_REDIRECT] WARNING: Could not lock System prefs. Unix error code 2.
2026-08-11 15:19:48,796 [ERROR] LogOutputStream:75 - [STDERR_REDIRECT] 
2026-08-11 15:19:48,797 [ERROR] LogOutputStream:75 - [STDERR_REDIRECT] Aug 11, 2026 3:19:48 PM java.util.prefs.FileSystemPreferences syncWorld
2026-08-11 15:19:48,798 [ERROR] LogOutputStream:75 - [STDERR_REDIRECT] WARNING: Couldn't flush system prefs: java.util.prefs.BackingStoreException: Couldn't get file lock.
2026-08-11 15:19:48,798 [ERROR] LogOutputStream:75 - [STDERR_REDIRECT] 
2026-08-11 15:20:18,795 [ERROR] LogOutputStream:75 - [STDERR_REDIRECT] Aug 11, 2026 3:20:18 PM java.util.prefs.FileSystemPreferences checkLockFile0ErrorCode
2026-08-11 15:20:18,796 [ERROR] LogOutputStream:75 - [STDERR_REDIRECT] WARNING: Could not lock System prefs. Unix error code 2.
2026-08-11 15:20:18,796 [ERROR] LogOutputStream:75 - [STDERR_REDIRECT] 
2026-08-11 15:20:18,797 [ERROR] LogOutputStream:75 - [STDERR_REDIRECT] Aug 11, 2026 3:20:18 PM java.util.prefs.FileSystemPreferences syncWorld
2026-08-11 15:20:18,797 [ERROR] LogOutputStream:75 - [STDERR_REDIRECT] WARNING: Couldn't flush system prefs: java.util.prefs.BackingStoreException: Couldn't get file lock.
2026-08-11 15:20:18,797 [ERROR] LogOutputStream:75 - [STDERR_REDIRECT] 
2026-08-11 15:20:48,796 [ERROR] LogOutputStream:75 - [STDERR_REDIRECT] Aug 11, 2026 3:20:48 PM java.util.prefs.FileSystemPreferences checkLockFile0ErrorCode
2026-08-11 15:20:48,796 [ERROR] LogOutputStream:75 - [STDERR_REDIRECT] WARNING: Could not lock System prefs. Unix error code 2.
2026-08-11 15:20:48,796 [ERROR] LogOutputStream:75 - [STDERR_REDIRECT] 
2026-08-11 15:20:48,796 [ERROR] LogOutputStream:75 - [STDERR_REDIRECT] Aug 11, 2026 3:20:48 PM java.util.prefs.FileSystemPreferences syncWorld
2026-08-11 15:20:48,797 [ERROR] LogOutputStream:75 - [STDERR_REDIRECT] WARNING: Couldn't flush system prefs: java.util.prefs.BackingStoreException: Couldn't get file lock.
2026-08-11 15:20:48,797 [ERROR] LogOutputStream:75 - [STDERR_REDIRECT] 
2026-08-11 15:21:18,795 [ERROR] LogOutputStream:75 - [STDERR_REDIRECT] Aug 11, 2026 3:21:18 PM java.util.prefs.FileSystemPreferences checkLockFile0ErrorCode
2026-08-11 15:21:18,795 [ERROR] LogOutputStream:75 - [STDERR_REDIRECT] WARNING: Could not lock System prefs. Unix error code 2.
2026-08-11 15:21:18,796 [ERROR] LogOutputStream:75 - [STDERR_REDIRECT] 
2026-08-11 15:21:18,796 [ERROR] LogOutputStream:75 - [STDERR_REDIRECT] Aug 11, 2026 3:21:18 PM java.util.prefs.FileSystemPreferences syncWorld
2026-08-11 15:21:18,796 [ERROR] LogOutputStream:75 - [STDERR_REDIRECT] WARNING: Couldn't flush system prefs: java.util.prefs.BackingStoreException: Couldn't get file lock.
2026-08-11 15:21:18,797 [ERROR] LogOutputStream:75 - [STDERR_REDIRECT] 
2026-08-11 15:21:48,795 [ERROR] LogOutputStream:75 - [STDERR_REDIRECT] Aug 11, 2026 3:21:48 PM java.util.prefs.FileSystemPreferences checkLockFile0ErrorCode
2026-08-11 15:21:48,795 [ERROR] LogOutputStream:75 - [STDERR_REDIRECT] WARNING: Could not lock System prefs. Unix error code 2.
2026-08-11 15:21:48,795 [ERROR] LogOutputStream:75 - [STDERR_REDIRECT] 
2026-08-11 15:21:48,796 [ERROR] LogOutputStream:75 - [STDERR_REDIRECT] Aug 11, 2026 3:21:48 PM java.util.prefs.FileSystemPreferences syncWorld
2026-08-11 15:21:48,796 [ERROR] LogOutputStream:75 - [STDERR_REDIRECT] WARNING: Couldn't flush system prefs: java.util.prefs.BackingStoreException: Couldn't get file lock.
2026-08-11 15:21:48,796 [ERROR] LogOutputStream:75 - [STDERR_REDIRECT] 
2026-08-11 15:22:18,795 [ERROR] LogOutputStream:75 - [STDERR_REDIRECT] Aug 11, 2026 3:22:18 PM java.util.prefs.FileSystemPreferences checkLockFile0ErrorCode
2026-08-11 15:22:18,796 [ERROR] LogOutputStream:75 - [STDERR_REDIRECT] WARNING: Could not lock System prefs. Unix error code 2.
2026-08-11 15:22:18,796 [ERROR] LogOutputStream:75 - [STDERR_REDIRECT] 
2026-08-11 15:22:18,797 [ERROR] LogOutputStream:75 - [STDERR_REDIRECT] Aug 11, 2026 3:22:18 PM java.util.prefs.FileSystemPreferences syncWorld
2026-08-11 15:22:18,797 [ERROR] LogOutputStream:75 - [STDERR_REDIRECT] WARNING: Couldn't flush system prefs: java.util.prefs.BackingStoreException: Couldn't get file lock.
2026-08-11 15:22:18,798 [ERROR] LogOutputStream:75 - [STDERR_REDIRECT] 
2026-08-11 15:22:48,795 [ERROR] LogOutputStream:75 - [STDERR_REDIRECT] Aug 11, 2026 3:22:48 PM java.util.prefs.FileSystemPreferences checkLockFile0ErrorCode
2026-08-11 15:22:48,795 [ERROR] LogOutputStream:75 - [STDERR_REDIRECT] WARNING: Could not lock System prefs. Unix error code 2.
2026-08-11 15:22:48,796 [ERROR] LogOutputStream:75 - [STDERR_REDIRECT] 
2026-08-11 15:22:48,796 [ERROR] LogOutputStream:75 - [STDERR_REDIRECT] Aug 11, 2026 3:22:48 PM java.util.prefs.FileSystemPreferences syncWorld
2026-08-11 15:22:48,796 [ERROR] LogOutputStream:75 - [STDERR_REDIRECT] WARNING: Couldn't flush system prefs: java.util.prefs.BackingStoreException: Couldn't get file lock.
2026-08-11 15:22:48,796 [ERROR] LogOutputStream:75 - [STDERR_REDIRECT] 
2026-08-11 15:23:18,796 [ERROR] LogOutputStream:75 - [STDERR_REDIRECT] Aug 11, 2026 3:23:18 PM java.util.prefs.FileSystemPreferences checkLockFile0ErrorCode
2026-08-11 15:23:18,796 [ERROR] LogOutputStream:75 - [STDERR_REDIRECT] WARNING: Could not lock System prefs. Unix error code 2.
2026-08-11 15:23:18,796 [ERROR] LogOutputStream:75 - [STDERR_REDIRECT] 
2026-08-11 15:23:18,797 [ERROR] LogOutputStream:75 - [STDERR_REDIRECT] Aug 11, 2026 3:23:18 PM java.util.prefs.FileSystemPreferences syncWorld
2026-08-11 15:23:18,797 [ERROR] LogOutputStream:75 - [STDERR_REDIRECT] WARNING: Couldn't flush system prefs: java.util.prefs.BackingStoreException: Couldn't get file lock.
2026-08-11 15:23:18,797 [ERROR] LogOutputStream:75 - [STDERR_REDIRECT] 
2026-08-11 15:23:48,795 [ERROR] LogOutputStream:75 - [STDERR_REDIRECT] Aug 11, 2026 3:23:48 PM java.util.prefs.FileSystemPreferences checkLockFile0ErrorCode
2026-08-11 15:23:48,796 [ERROR] LogOutputStream:75 - [STDERR_REDIRECT] WARNING: Could not lock System prefs. Unix error code 2.
2026-08-11 15:23:48,796 [ERROR] LogOutputStream:75 - [STDERR_REDIRECT] 
2026-08-11 15:23:48,797 [ERROR] LogOutputStream:75 - [STDERR_REDIRECT] Aug 11, 2026 3:23:48 PM java.util.prefs.FileSystemPreferences syncWorld
2026-08-11 15:23:48,797 [ERROR] LogOutputStream:75 - [STDERR_REDIRECT] WARNING: Couldn't flush system prefs: java.util.prefs.BackingStoreException: Couldn't get file lock.
2026-08-11 15:23:48,797 [ERROR] LogOutputStream:75 - [STDERR_REDIRECT] 
2026-08-11 15:24:18,796 [ERROR] LogOutputStream:75 - [STDERR_REDIRECT] Aug 11, 2026 3:24:18 PM java.util.prefs.FileSystemPreferences checkLockFile0ErrorCode
2026-08-11 15:24:18,796 [ERROR] LogOutputStream:75 - [STDERR_REDIRECT] WARNING: Could not lock System prefs. Unix error code 2.
2026-08-11 15:24:18,796 [ERROR] LogOutputStream:75 - [STDERR_REDIRECT] 
2026-08-11 15:24:18,796 [ERROR] LogOutputStream:75 - [STDERR_REDIRECT] Aug 11, 2026 3:24:18 PM java.util.prefs.FileSystemPreferences syncWorld
2026-08-11 15:24:18,797 [ERROR] LogOutputStream:75 - [STDERR_REDIRECT] WARNING: Couldn't flush system prefs: java.util.prefs.BackingStoreException: Couldn't get file lock.
2026-08-11 15:24:18,797 [ERROR] LogOutputStream:75 - [STDERR_REDIRECT] 
2026-08-11 15:24:48,796 [ERROR] LogOutputStream:75 - [STDERR_REDIRECT] Aug 11, 2026 3:24:48 PM java.util.prefs.FileSystemPreferences checkLockFile0ErrorCode
2026-08-11 15:24:48,796 [ERROR] LogOutputStream:75 - [STDERR_REDIRECT] WARNING: Could not lock System prefs. Unix error code 2.
2026-08-11 15:24:48,796 [ERROR] LogOutputStream:75 - [STDERR_REDIRECT] 
2026-08-11 15:24:48,797 [ERROR] LogOutputStream:75 - [STDERR_REDIRECT] Aug 11, 2026 3:24:48 PM java.util.prefs.FileSystemPreferences syncWorld
2026-08-11 15:24:48,797 [ERROR] LogOutputStream:75 - [STDERR_REDIRECT] WARNING: Couldn't flush system prefs: java.util.prefs.BackingStoreException: Couldn't get file lock.
2026-08-11 15:24:48,797 [ERROR] LogOutputStream:75 - [STDERR_REDIRECT] 
2026-08-11 15:24:51,089 [INFO] WebApp:194 - Connection lost
2026-08-11 15:24:51,425 [INFO] WebApp:191 - Connection restablished
2026-08-11 15:25:18,796 [ERROR] LogOutputStream:75 - [STDERR_REDIRECT] Aug 11, 2026 3:25:18 PM java.util.prefs.FileSystemPreferences checkLockFile0ErrorCode
2026-08-11 15:25:18,797 [ERROR] LogOutputStream:75 - [STDERR_REDIRECT] WARNING: Could not lock System prefs. Unix error code 2.
2026-08-11 15:25:18,797 [ERROR] LogOutputStream:75 - [STDERR_REDIRECT] 
2026-08-11 15:25:18,797 [ERROR] LogOutputStream:75 - [STDERR_REDIRECT] Aug 11, 2026 3:25:18 PM java.util.prefs.FileSystemPreferences syncWorld
2026-08-11 15:25:18,797 [ERROR] LogOutputStream:75 - [STDERR_REDIRECT] WARNING: Couldn't flush system prefs: java.util.prefs.BackingStoreException: Couldn't get file lock.
2026-08-11 15:25:18,797 [ERROR] LogOutputStream:75 - [STDERR_REDIRECT] 
2026-08-11 15:25:48,797 [ERROR] LogOutputStream:75 - [STDERR_REDIRECT] Aug 11, 2026 3:25:48 PM java.util.prefs.FileSystemPreferences checkLockFile0ErrorCode
2026-08-11 15:25:48,797 [ERROR] LogOutputStream:75 - [STDERR_REDIRECT] WARNING: Could not lock System prefs. Unix error code 2.
2026-08-11 15:25:48,797 [ERROR] LogOutputStream:75 - [STDERR_REDIRECT] 
2026-08-11 15:25:48,798 [ERROR] LogOutputStream:75 - [STDERR_REDIRECT] Aug 11, 2026 3:25:48 PM java.util.prefs.FileSystemPreferences syncWorld
2026-08-11 15:25:48,798 [ERROR] LogOutputStream:75 - [STDERR_REDIRECT] WARNING: Couldn't flush system prefs: java.util.prefs.BackingStoreException: Couldn't get file lock.
2026-08-11 15:25:48,798 [ERROR] LogOutputStream:75 - [STDERR_REDIRECT] 
2026-08-11 15:26:18,797 [ERROR] LogOutputStream:75 - [STDERR_REDIRECT] Aug 11, 2026 3:26:18 PM java.util.prefs.FileSystemPreferences checkLockFile0ErrorCode
2026-08-11 15:26:18,798 [ERROR] LogOutputStream:75 - [STDERR_REDIRECT] WARNING: Could not lock System prefs. Unix error code 2.
2026-08-11 15:26:18,798 [ERROR] LogOutputStream:75 - [STDERR_REDIRECT] 
2026-08-11 15:26:18,798 [ERROR] LogOutputStream:75 - [STDERR_REDIRECT] Aug 11, 2026 3:26:18 PM java.util.prefs.FileSystemPreferences syncWorld
2026-08-11 15:26:18,798 [ERROR] LogOutputStream:75 - [STDERR_REDIRECT] WARNING: Couldn't flush system prefs: java.util.prefs.BackingStoreException: Couldn't get file lock.
2026-08-11 15:26:18,799 [ERROR] LogOutputStream:75 - [STDERR_REDIRECT] 
2026-08-11 15:26:48,797 [ERROR] LogOutputStream:75 - [STDERR_REDIRECT] Aug 11, 2026 3:26:48 PM java.util.prefs.FileSystemPreferences checkLockFile0ErrorCode
2026-08-11 15:26:48,797 [ERROR] LogOutputStream:75 - [STDERR_REDIRECT] WARNING: Could not lock System prefs. Unix error code 2.
2026-08-11 15:26:48,797 [ERROR] LogOutputStream:75 - [STDERR_REDIRECT] 
2026-08-11 15:26:48,798 [ERROR] LogOutputStream:75 - [STDERR_REDIRECT] Aug 11, 2026 3:26:48 PM java.util.prefs.FileSystemPreferences syncWorld
2026-08-11 15:26:48,798 [ERROR] LogOutputStream:75 - [STDERR_REDIRECT] WARNING: Couldn't flush system prefs: java.util.prefs.BackingStoreException: Couldn't get file lock.
2026-08-11 15:26:48,798 [ERROR] LogOutputStream:75 - [STDERR_REDIRECT] 
2026-08-11 15:27:18,798 [ERROR] LogOutputStream:75 - [STDERR_REDIRECT] Aug 11, 2026 3:27:18 PM java.util.prefs.FileSystemPreferences checkLockFile0ErrorCode
2026-08-11 15:27:18,798 [ERROR] LogOutputStream:75 - [STDERR_REDIRECT] WARNING: Could not lock System prefs. Unix error code 2.
2026-08-11 15:27:18,798 [ERROR] LogOutputStream:75 - [STDERR_REDIRECT] 
2026-08-11 15:27:18,799 [ERROR] LogOutputStream:75 - [STDERR_REDIRECT] Aug 11, 2026 3:27:18 PM java.util.prefs.FileSystemPreferences syncWorld
2026-08-11 15:27:18,799 [ERROR] LogOutputStream:75 - [STDERR_REDIRECT] WARNING: Couldn't flush system prefs: java.util.prefs.BackingStoreException: Couldn't get file lock.
2026-08-11 15:27:18,799 [ERROR] LogOutputStream:75 - [STDERR_REDIRECT] 
2026-08-11 15:27:48,798 [ERROR] LogOutputStream:75 - [STDERR_REDIRECT] Aug 11, 2026 3:27:48 PM java.util.prefs.FileSystemPreferences checkLockFile0ErrorCode
2026-08-11 15:27:48,798 [ERROR] LogOutputStream:75 - [STDERR_REDIRECT] WARNING: Could not lock System prefs. Unix error code 2.
2026-08-11 15:27:48,798 [ERROR] LogOutputStream:75 - [STDERR_REDIRECT] 
2026-08-11 15:27:48,798 [ERROR] LogOutputStream:75 - [STDERR_REDIRECT] Aug 11, 2026 3:27:48 PM java.util.prefs.FileSystemPreferences syncWorld
2026-08-11 15:27:48,799 [ERROR] LogOutputStream:75 - [STDERR_REDIRECT] WARNING: Couldn't flush system prefs: java.util.prefs.BackingStoreException: Couldn't get file lock.
2026-08-11 15:27:48,799 [ERROR] LogOutputStream:75 - [STDERR_REDIRECT] 
2026-08-11 15:28:18,798 [ERROR] LogOutputStream:75 - [STDERR_REDIRECT] Aug 11, 2026 3:28:18 PM java.util.prefs.FileSystemPreferences checkLockFile0ErrorCode
2026-08-11 15:28:18,799 [ERROR] LogOutputStream:75 - [STDERR_REDIRECT] WARNING: Could not lock System prefs. Unix error code 2.
2026-08-11 15:28:18,799 [ERROR] LogOutputStream:75 - [STDERR_REDIRECT] 
2026-08-11 15:28:18,799 [ERROR] LogOutputStream:75 - [STDERR_REDIRECT] Aug 11, 2026 3:28:18 PM java.util.prefs.FileSystemPreferences syncWorld
2026-08-11 15:28:18,799 [ERROR] LogOutputStream:75 - [STDERR_REDIRECT] WARNING: Couldn't flush system prefs: java.util.prefs.BackingStoreException: Couldn't get file lock.
2026-08-11 15:28:18,799 [ERROR] LogOutputStream:75 - [STDERR_REDIRECT] 
2026-08-11 15:28:48,798 [ERROR] LogOutputStream:75 - [STDERR_REDIRECT] Aug 11, 2026 3:28:48 PM java.util.prefs.FileSystemPreferences checkLockFile0ErrorCode
2026-08-11 15:28:48,799 [ERROR] LogOutputStream:75 - [STDERR_REDIRECT] WARNING: Could not lock System prefs. Unix error code 2.
2026-08-11 15:28:48,799 [ERROR] LogOutputStream:75 - [STDERR_REDIRECT] 
2026-08-11 15:28:48,799 [ERROR] LogOutputStream:75 - [STDERR_REDIRECT] Aug 11, 2026 3:28:48 PM java.util.prefs.FileSystemPreferences syncWorld
2026-08-11 15:28:48,799 [ERROR] LogOutputStream:75 - [STDERR_REDIRECT] WARNING: Couldn't flush system prefs: java.util.prefs.BackingStoreException: Couldn't get file lock.
2026-08-11 15:28:48,799 [ERROR] LogOutputStream:75 - [STDERR_REDIRECT] 
2026-08-11 15:29:18,798 [ERROR] LogOutputStream:75 - [STDERR_REDIRECT] Aug 11, 2026 3:29:18 PM java.util.prefs.FileSystemPreferences checkLockFile0ErrorCode
2026-08-11 15:29:18,798 [ERROR] LogOutputStream:75 - [STDERR_REDIRECT] WARNING: Could not lock System prefs. Unix error code 2.
2026-08-11 15:29:18,798 [ERROR] LogOutputStream:75 - [STDERR_REDIRECT] 
2026-08-11 15:29:18,799 [ERROR] LogOutputStream:75 - [STDERR_REDIRECT] Aug 11, 2026 3:29:18 PM java.util.prefs.FileSystemPreferences syncWorld
2026-08-11 15:29:18,799 [ERROR] LogOutputStream:75 - [STDERR_REDIRECT] WARNING: Couldn't flush system prefs: java.util.prefs.BackingStoreException: Couldn't get file lock.
2026-08-11 15:29:18,799 [ERROR] LogOutputStream:75 - [STDERR_REDIRECT] 
2026-08-11 15:29:48,798 [ERROR] LogOutputStream:75 - [STDERR_REDIRECT] Aug 11, 2026 3:29:48 PM java.util.prefs.FileSystemPreferences checkLockFile0ErrorCode
2026-08-11 15:29:48,798 [ERROR] LogOutputStream:75 - [STDERR_REDIRECT] WARNING: Could not lock System prefs. Unix error code 2.
2026-08-11 15:29:48,798 [ERROR] LogOutputStream:75 - [STDERR_REDIRECT] 
2026-08-11 15:29:48,798 [ERROR] LogOutputStream:75 - [STDERR_REDIRECT] Aug 11, 2026 3:29:48 PM java.util.prefs.FileSystemPreferences syncWorld
2026-08-11 15:29:48,798 [ERROR] LogOutputStream:75 - [STDERR_REDIRECT] WARNING: Couldn't flush system prefs: java.util.prefs.BackingStoreException: Couldn't get file lock.
2026-08-11 15:29:48,798 [ERROR] LogOutputStream:75 - [STDERR_REDIRECT] 
2026-08-11 15:29:55,719 [INFO] WebApp:194 - Connection lost
2026-08-11 15:29:55,995 [INFO] WebApp:191 - Connection restablished
2026-08-11 15:30:18,799 [ERROR] LogOutputStream:75 - [STDERR_REDIRECT] Aug 11, 2026 3:30:18 PM java.util.prefs.FileSystemPreferences checkLockFile0ErrorCode
2026-08-11 15:30:18,799 [ERROR] LogOutputStream:75 - [STDERR_REDIRECT] WARNING: Could not lock System prefs. Unix error code 2.
2026-08-11 15:30:18,800 [ERROR] LogOutputStream:75 - [STDERR_REDIRECT] 
2026-08-11 15:30:18,800 [ERROR] LogOutputStream:75 - [STDERR_REDIRECT] Aug 11, 2026 3:30:18 PM java.util.prefs.FileSystemPreferences syncWorld
2026-08-11 15:30:18,800 [ERROR] LogOutputStream:75 - [STDERR_REDIRECT] WARNING: Couldn't flush system prefs: java.util.prefs.BackingStoreException: Couldn't get file lock.
2026-08-11 15:30:18,800 [ERROR] LogOutputStream:75 - [STDERR_REDIRECT] 
2026-08-11 15:30:48,800 [ERROR] LogOutputStream:75 - [STDERR_REDIRECT] Aug 11, 2026 3:30:48 PM java.util.prefs.FileSystemPreferences checkLockFile0ErrorCode
2026-08-11 15:30:48,800 [ERROR] LogOutputStream:75 - [STDERR_REDIRECT] WARNING: Could not lock System prefs. Unix error code 2.
2026-08-11 15:30:48,800 [ERROR] LogOutputStream:75 - [STDERR_REDIRECT] 
2026-08-11 15:30:48,800 [ERROR] LogOutputStream:75 - [STDERR_REDIRECT] Aug 11, 2026 3:30:48 PM java.util.prefs.FileSystemPreferences syncWorld
2026-08-11 15:30:48,801 [ERROR] LogOutputStream:75 - [STDERR_REDIRECT] WARNING: Couldn't flush system prefs: java.util.prefs.BackingStoreException: Couldn't get file lock.
2026-08-11 15:30:48,801 [ERROR] LogOutputStream:75 - [STDERR_REDIRECT] 
2026-08-11 15:31:18,800 [ERROR] LogOutputStream:75 - [STDERR_REDIRECT] Aug 11, 2026 3:31:18 PM java.util.prefs.FileSystemPreferences checkLockFile0ErrorCode
2026-08-11 15:31:18,800 [ERROR] LogOutputStream:75 - [STDERR_REDIRECT] WARNING: Could not lock System prefs. Unix error code 2.
2026-08-11 15:31:18,800 [ERROR] LogOutputStream:75 - [STDERR_REDIRECT] 
2026-08-11 15:31:18,801 [ERROR] LogOutputStream:75 - [STDERR_REDIRECT] Aug 11, 2026 3:31:18 PM java.util.prefs.FileSystemPreferences syncWorld
2026-08-11 15:31:18,801 [ERROR] LogOutputStream:75 - [STDERR_REDIRECT] WARNING: Couldn't flush system prefs: java.util.prefs.BackingStoreException: Couldn't get file lock.
2026-08-11 15:31:18,801 [ERROR] LogOutputStream:75 - [STDERR_REDIRECT] 
2026-08-11 15:31:48,800 [ERROR] LogOutputStream:75 - [STDERR_REDIRECT] Aug 11, 2026 3:31:48 PM java.util.prefs.FileSystemPreferences checkLockFile0ErrorCode
2026-08-11 15:31:48,800 [ERROR] LogOutputStream:75 - [STDERR_REDIRECT] WARNING: Could not lock System prefs. Unix error code 2.
2026-08-11 15:31:48,800 [ERROR] LogOutputStream:75 - [STDERR_REDIRECT] 
2026-08-11 15:31:48,800 [ERROR] LogOutputStream:75 - [STDERR_REDIRECT] Aug 11, 2026 3:31:48 PM java.util.prefs.FileSystemPreferences syncWorld
2026-08-11 15:31:48,800 [ERROR] LogOutputStream:75 - [STDERR_REDIRECT] WARNING: Couldn't flush system prefs: java.util.prefs.BackingStoreException: Couldn't get file lock.
2026-08-11 15:31:48,801 [ERROR] LogOutputStream:75 - [STDERR_REDIRECT] 
2026-08-11 15:32:18,799 [ERROR] LogOutputStream:75 - [STDERR_REDIRECT] Aug 11, 2026 3:32:18 PM java.util.prefs.FileSystemPreferences checkLockFile0ErrorCode
2026-08-11 15:32:18,800 [ERROR] LogOutputStream:75 - [STDERR_REDIRECT] WARNING: Could not lock System prefs. Unix error code 2.
2026-08-11 15:32:18,800 [ERROR] LogOutputStream:75 - [STDERR_REDIRECT] 
2026-08-11 15:32:18,800 [ERROR] LogOutputStream:75 - [STDERR_REDIRECT] Aug 11, 2026 3:32:18 PM java.util.prefs.FileSystemPreferences syncWorld
2026-08-11 15:32:18,800 [ERROR] LogOutputStream:75 - [STDERR_REDIRECT] WARNING: Couldn't flush system prefs: java.util.prefs.BackingStoreException: Couldn't get file lock.
2026-08-11 15:32:18,800 [ERROR] LogOutputStream:75 - [STDERR_REDIRECT] 
2026-08-11 15:32:48,801 [ERROR] LogOutputStream:75 - [STDERR_REDIRECT] Aug 11, 2026 3:32:48 PM java.util.prefs.FileSystemPreferences checkLockFile0ErrorCode
2026-08-11 15:32:48,801 [ERROR] LogOutputStream:75 - [STDERR_REDIRECT] WARNING: Could not lock System prefs. Unix error code 2.
2026-08-11 15:32:48,801 [ERROR] LogOutputStream:75 - [STDERR_REDIRECT] 
2026-08-11 15:32:48,801 [ERROR] LogOutputStream:75 - [STDERR_REDIRECT] Aug 11, 2026 3:32:48 PM java.util.prefs.FileSystemPreferences syncWorld
2026-08-11 15:32:48,802 [ERROR] LogOutputStream:75 - [STDERR_REDIRECT] WARNING: Couldn't flush system prefs: java.util.prefs.BackingStoreException: Couldn't get file lock.
2026-08-11 15:32:48,802 [ERROR] LogOutputStream:75 - [STDERR_REDIRECT] 
2026-08-11 15:33:18,801 [ERROR] LogOutputStream:75 - [STDERR_REDIRECT] Aug 11, 2026 3:33:18 PM java.util.prefs.FileSystemPreferences checkLockFile0ErrorCode
2026-08-11 15:33:18,801 [ERROR] LogOutputStream:75 - [STDERR_REDIRECT] WARNING: Could not lock System prefs. Unix error code 2.
2026-08-11 15:33:18,802 [ERROR] LogOutputStream:75 - [STDERR_REDIRECT] 
2026-08-11 15:33:18,802 [ERROR] LogOutputStream:75 - [STDERR_REDIRECT] Aug 11, 2026 3:33:18 PM java.util.prefs.FileSystemPreferences syncWorld
2026-08-11 15:33:18,802 [ERROR] LogOutputStream:75 - [STDERR_REDIRECT] WARNING: Couldn't flush system prefs: java.util.prefs.BackingStoreException: Couldn't get file lock.
2026-08-11 15:33:18,802 [ERROR] LogOutputStream:75 - [STDERR_REDIRECT] 
2026-08-11 15:33:48,801 [ERROR] LogOutputStream:75 - [STDERR_REDIRECT] Aug 11, 2026 3:33:48 PM java.util.prefs.FileSystemPreferences checkLockFile0ErrorCode
2026-08-11 15:33:48,801 [ERROR] LogOutputStream:75 - [STDERR_REDIRECT] WARNING: Could not lock System prefs. Unix error code 2.
2026-08-11 15:33:48,801 [ERROR] LogOutputStream:75 - [STDERR_REDIRECT] 
2026-08-11 15:33:48,802 [ERROR] LogOutputStream:75 - [STDERR_REDIRECT] Aug 11, 2026 3:33:48 PM java.util.prefs.FileSystemPreferences syncWorld
2026-08-11 15:33:48,802 [ERROR] LogOutputStream:75 - [STDERR_REDIRECT] WARNING: Couldn't flush system prefs: java.util.prefs.BackingStoreException: Couldn't get file lock.
2026-08-11 15:33:48,802 [ERROR] LogOutputStream:75 - [STDERR_REDIRECT] 
2026-08-11 15:34:18,801 [ERROR] LogOutputStream:75 - [STDERR_REDIRECT] Aug 11, 2026 3:34:18 PM java.util.prefs.FileSystemPreferences checkLockFile0ErrorCode
2026-08-11 15:34:18,802 [ERROR] LogOutputStream:75 - [STDERR_REDIRECT] WARNING: Could not lock System prefs. Unix error code 2.
2026-08-11 15:34:18,802 [ERROR] LogOutputStream:75 - [STDERR_REDIRECT] 
2026-08-11 15:34:18,802 [ERROR] LogOutputStream:75 - [STDERR_REDIRECT] Aug 11, 2026 3:34:18 PM java.util.prefs.FileSystemPreferences syncWorld
2026-08-11 15:34:18,802 [ERROR] LogOutputStream:75 - [STDERR_REDIRECT] WARNING: Couldn't flush system prefs: java.util.prefs.BackingStoreException: Couldn't get file lock.
2026-08-11 15:34:18,803 [ERROR] LogOutputStream:75 - [STDERR_REDIRECT] 
2026-08-11 15:34:48,801 [ERROR] LogOutputStream:75 - [STDERR_REDIRECT] Aug 11, 2026 3:34:48 PM java.util.prefs.FileSystemPreferences checkLockFile0ErrorCode
2026-08-11 15:34:48,802 [ERROR] LogOutputStream:75 - [STDERR_REDIRECT] WARNING: Could not lock System prefs. Unix error code 2.
2026-08-11 15:34:48,802 [ERROR] LogOutputStream:75 - [STDERR_REDIRECT] 
2026-08-11 15:34:48,802 [ERROR] LogOutputStream:75 - [STDERR_REDIRECT] Aug 11, 2026 3:34:48 PM java.util.prefs.FileSystemPreferences syncWorld
2026-08-11 15:34:48,802 [ERROR] LogOutputStream:75 - [STDERR_REDIRECT] WARNING: Couldn't flush system prefs: java.util.prefs.BackingStoreException: Couldn't get file lock.
2026-08-11 15:34:48,802 [ERROR] LogOutputStream:75 - [STDERR_REDIRECT] 
2026-08-11 15:35:18,802 [ERROR] LogOutputStream:75 - [STDERR_REDIRECT] Aug 11, 2026 3:35:18 PM java.util.prefs.FileSystemPreferences checkLockFile0ErrorCode
2026-08-11 15:35:18,803 [ERROR] LogOutputStream:75 - [STDERR_REDIRECT] WARNING: Could not lock System prefs. Unix error code 2.
2026-08-11 15:35:18,803 [ERROR] LogOutputStream:75 - [STDERR_REDIRECT] 
2026-08-11 15:35:18,803 [ERROR] LogOutputStream:75 - [STDERR_REDIRECT] Aug 11, 2026 3:35:18 PM java.util.prefs.FileSystemPreferences syncWorld
2026-08-11 15:35:18,803 [ERROR] LogOutputStream:75 - [STDERR_REDIRECT] WARNING: Couldn't flush system prefs: java.util.prefs.BackingStoreException: Couldn't get file lock.
2026-08-11 15:35:18,803 [ERROR] LogOutputStream:75 - [STDERR_REDIRECT] 
2026-08-11 15:35:48,802 [ERROR] LogOutputStream:75 - [STDERR_REDIRECT] Aug 11, 2026 3:35:48 PM java.util.prefs.FileSystemPreferences checkLockFile0ErrorCode
2026-08-11 15:35:48,803 [ERROR] LogOutputStream:75 - [STDERR_REDIRECT] WARNING: Could not lock System prefs. Unix error code 2.
2026-08-11 15:35:48,803 [ERROR] LogOutputStream:75 - [STDERR_REDIRECT] 
2026-08-11 15:35:48,803 [ERROR] LogOutputStream:75 - [STDERR_REDIRECT] Aug 11, 2026 3:35:48 PM java.util.prefs.FileSystemPreferences syncWorld
2026-08-11 15:35:48,803 [ERROR] LogOutputStream:75 - [STDERR_REDIRECT] WARNING: Couldn't flush system prefs: java.util.prefs.BackingStoreException: Couldn't get file lock.
2026-08-11 15:35:48,803 [ERROR] LogOutputStream:75 - [STDERR_REDIRECT] 
2026-08-11 15:36:18,802 [ERROR] LogOutputStream:75 - [STDERR_REDIRECT] Aug 11, 2026 3:36:18 PM java.util.prefs.FileSystemPreferences checkLockFile0ErrorCode
2026-08-11 15:36:18,803 [ERROR] LogOutputStream:75 - [STDERR_REDIRECT] WARNING: Could not lock System prefs. Unix error code 2.
2026-08-11 15:36:18,803 [ERROR] LogOutputStream:75 - [STDERR_REDIRECT] 
2026-08-11 15:36:18,803 [ERROR] LogOutputStream:75 - [STDERR_REDIRECT] Aug 11, 2026 3:36:18 PM java.util.prefs.FileSystemPreferences syncWorld
2026-08-11 15:36:18,803 [ERROR] LogOutputStream:75 - [STDERR_REDIRECT] WARNING: Couldn't flush system prefs: java.util.prefs.BackingStoreException: Couldn't get file lock.
2026-08-11 15:36:18,803 [ERROR] LogOutputStream:75 - [STDERR_REDIRECT] 
2026-08-11 15:36:48,803 [ERROR] LogOutputStream:75 - [STDERR_REDIRECT] Aug 11, 2026 3:36:48 PM java.util.prefs.FileSystemPreferences checkLockFile0ErrorCode
2026-08-11 15:36:48,803 [ERROR] LogOutputStream:75 - [STDERR_REDIRECT] WARNING: Could not lock System prefs. Unix error code 2.
2026-08-11 15:36:48,804 [ERROR] LogOutputStream:75 - [STDERR_REDIRECT] 
2026-08-11 15:36:48,804 [ERROR] LogOutputStream:75 - [STDERR_REDIRECT] Aug 11, 2026 3:36:48 PM java.util.prefs.FileSystemPreferences syncWorld
2026-08-11 15:36:48,804 [ERROR] LogOutputStream:75 - [STDERR_REDIRECT] WARNING: Couldn't flush system prefs: java.util.prefs.BackingStoreException: Couldn't get file lock.
2026-08-11 15:36:48,804 [ERROR] LogOutputStream:75 - [STDERR_REDIRECT] 
2026-08-11 15:37:18,803 [ERROR] LogOutputStream:75 - [STDERR_REDIRECT] Aug 11, 2026 3:37:18 PM java.util.prefs.FileSystemPreferences checkLockFile0ErrorCode
2026-08-11 15:37:18,804 [ERROR] LogOutputStream:75 - [STDERR_REDIRECT] WARNING: Could not lock System prefs. Unix error code 2.
2026-08-11 15:37:18,804 [ERROR] LogOutputStream:75 - [STDERR_REDIRECT] 
2026-08-11 15:37:18,804 [ERROR] LogOutputStream:75 - [STDERR_REDIRECT] Aug 11, 2026 3:37:18 PM java.util.prefs.FileSystemPreferences syncWorld
2026-08-11 15:37:18,804 [ERROR] LogOutputStream:75 - [STDERR_REDIRECT] WARNING: Couldn't flush system prefs: java.util.prefs.BackingStoreException: Couldn't get file lock.
2026-08-11 15:37:18,804 [ERROR] LogOutputStream:75 - [STDERR_REDIRECT] 
2026-08-11 15:37:48,803 [ERROR] LogOutputStream:75 - [STDERR_REDIRECT] Aug 11, 2026 3:37:48 PM java.util.prefs.FileSystemPreferences checkLockFile0ErrorCode
2026-08-11 15:37:48,803 [ERROR] LogOutputStream:75 - [STDERR_REDIRECT] WARNING: Could not lock System prefs. Unix error code 2.
2026-08-11 15:37:48,803 [ERROR] LogOutputStream:75 - [STDERR_REDIRECT] 
2026-08-11 15:37:48,804 [ERROR] LogOutputStream:75 - [STDERR_REDIRECT] Aug 11, 2026 3:37:48 PM java.util.prefs.FileSystemPreferences syncWorld
2026-08-11 15:37:48,804 [ERROR] LogOutputStream:75 - [STDERR_REDIRECT] WARNING: Couldn't flush system prefs: java.util.prefs.BackingStoreException: Couldn't get file lock.
2026-08-11 15:37:48,804 [ERROR] LogOutputStream:75 - [STDERR_REDIRECT] 
2026-08-11 15:38:18,803 [ERROR] LogOutputStream:75 - [STDERR_REDIRECT] Aug 11, 2026 3:38:18 PM java.util.prefs.FileSystemPreferences checkLockFile0ErrorCode
2026-08-11 15:38:18,804 [ERROR] LogOutputStream:75 - [STDERR_REDIRECT] WARNING: Could not lock System prefs. Unix error code 2.
2026-08-11 15:38:18,804 [ERROR] LogOutputStream:75 - [STDERR_REDIRECT] 
2026-08-11 15:38:18,804 [ERROR] LogOutputStream:75 - [STDERR_REDIRECT] Aug 11, 2026 3:38:18 PM java.util.prefs.FileSystemPreferences syncWorld
2026-08-11 15:38:18,804 [ERROR] LogOutputStream:75 - [STDERR_REDIRECT] WARNING: Couldn't flush system prefs: java.util.prefs.BackingStoreException: Couldn't get file lock.
2026-08-11 15:38:18,804 [ERROR] LogOutputStream:75 - [STDERR_REDIRECT] 
2026-08-11 15:38:48,803 [ERROR] LogOutputStream:75 - [STDERR_REDIRECT] Aug 11, 2026 3:38:48 PM java.util.prefs.FileSystemPreferences checkLockFile0ErrorCode
2026-08-11 15:38:48,804 [ERROR] LogOutputStream:75 - [STDERR_REDIRECT] WARNING: Could not lock System prefs. Unix error code 2.
2026-08-11 15:38:48,804 [ERROR] LogOutputStream:75 - [STDERR_REDIRECT] 
2026-08-11 15:38:48,804 [ERROR] LogOutputStream:75 - [STDERR_REDIRECT] Aug 11, 2026 3:38:48 PM java.util.prefs.FileSystemPreferences syncWorld
2026-08-11 15:38:48,804 [ERROR] LogOutputStream:75 - [STDERR_REDIRECT] WARNING: Couldn't flush system prefs: java.util.prefs.BackingStoreException: Couldn't get file lock.
2026-08-11 15:38:48,804 [ERROR] LogOutputStream:75 - [STDERR_REDIRECT] 
2026-08-11 15:39:18,804 [ERROR] LogOutputStream:75 - [STDERR_REDIRECT] Aug 11, 2026 3:39:18 PM java.util.prefs.FileSystemPreferences checkLockFile0ErrorCode
2026-08-11 15:39:18,805 [ERROR] LogOutputStream:75 - [STDERR_REDIRECT] WARNING: Could not lock System prefs. Unix error code 2.
2026-08-11 15:39:18,805 [ERROR] LogOutputStream:75 - [STDERR_REDIRECT] 
2026-08-11 15:39:18,805 [ERROR] LogOutputStream:75 - [STDERR_REDIRECT] Aug 11, 2026 3:39:18 PM java.util.prefs.FileSystemPreferences syncWorld
2026-08-11 15:39:18,805 [ERROR] LogOutputStream:75 - [STDERR_REDIRECT] WARNING: Couldn't flush system prefs: java.util.prefs.BackingStoreException: Couldn't get file lock.
2026-08-11 15:39:18,805 [ERROR] LogOutputStream:75 - [STDERR_REDIRECT] 
2026-08-11 15:39:48,805 [ERROR] LogOutputStream:75 - [STDERR_REDIRECT] Aug 11, 2026 3:39:48 PM java.util.prefs.FileSystemPreferences checkLockFile0ErrorCode
2026-08-11 15:39:48,805 [ERROR] LogOutputStream:75 - [STDERR_REDIRECT] WARNING: Could not lock System prefs. Unix error code 2.
2026-08-11 15:39:48,805 [ERROR] LogOutputStream:75 - [STDERR_REDIRECT] 
2026-08-11 15:39:48,806 [ERROR] LogOutputStream:75 - [STDERR_REDIRECT] Aug 11, 2026 3:39:48 PM java.util.prefs.FileSystemPreferences syncWorld
2026-08-11 15:39:48,806 [ERROR] LogOutputStream:75 - [STDERR_REDIRECT] WARNING: Couldn't flush system prefs: java.util.prefs.BackingStoreException: Couldn't get file lock.
2026-08-11 15:39:48,806 [ERROR] LogOutputStream:75 - [STDERR_REDIRECT] 
2026-08-11 15:40:04,168 [INFO] WebApp:194 - Connection lost
2026-08-11 15:40:04,912 [INFO] WebApp:191 - Connection restablished
2026-08-11 15:40:18,804 [ERROR] LogOutputStream:75 - [STDERR_REDIRECT] Aug 11, 2026 3:40:18 PM java.util.prefs.FileSystemPreferences checkLockFile0ErrorCode
2026-08-11 15:40:18,804 [ERROR] LogOutputStream:75 - [STDERR_REDIRECT] WARNING: Could not lock System prefs. Unix error code 2.
2026-08-11 15:40:18,804 [ERROR] LogOutputStream:75 - [STDERR_REDIRECT] 
2026-08-11 15:40:18,804 [ERROR] LogOutputStream:75 - [STDERR_REDIRECT] Aug 11, 2026 3:40:18 PM java.util.prefs.FileSystemPreferences syncWorld
2026-08-11 15:40:18,805 [ERROR] LogOutputStream:75 - [STDERR_REDIRECT] WARNING: Couldn't flush system prefs: java.util.prefs.BackingStoreException: Couldn't get file lock.
2026-08-11 15:40:18,805 [ERROR] LogOutputStream:75 - [STDERR_REDIRECT] 
2026-08-11 15:40:48,804 [ERROR] LogOutputStream:75 - [STDERR_REDIRECT] Aug 11, 2026 3:40:48 PM java.util.prefs.FileSystemPreferences checkLockFile0ErrorCode
2026-08-11 15:40:48,804 [ERROR] LogOutputStream:75 - [STDERR_REDIRECT] WARNING: Could not lock System prefs. Unix error code 2.
2026-08-11 15:40:48,805 [ERROR] LogOutputStream:75 - [STDERR_REDIRECT] 
2026-08-11 15:40:48,806 [ERROR] LogOutputStream:75 - [STDERR_REDIRECT] Aug 11, 2026 3:40:48 PM java.util.prefs.FileSystemPreferences syncWorld
2026-08-11 15:40:48,806 [ERROR] LogOutputStream:75 - [STDERR_REDIRECT] WARNING: Couldn't flush system prefs: java.util.prefs.BackingStoreException: Couldn't get file lock.
2026-08-11 15:40:48,806 [ERROR] LogOutputStream:75 - [STDERR_REDIRECT] 
2026-08-11 15:41:18,805 [ERROR] LogOutputStream:75 - [STDERR_REDIRECT] Aug 11, 2026 3:41:18 PM java.util.prefs.FileSystemPreferences checkLockFile0ErrorCode
2026-08-11 15:41:18,805 [ERROR] LogOutputStream:75 - [STDERR_REDIRECT] WARNING: Could not lock System prefs. Unix error code 2.
2026-08-11 15:41:18,805 [ERROR] LogOutputStream:75 - [STDERR_REDIRECT] 
2026-08-11 15:41:18,806 [ERROR] LogOutputStream:75 - [STDERR_REDIRECT] Aug 11, 2026 3:41:18 PM java.util.prefs.FileSystemPreferences syncWorld
2026-08-11 15:41:18,806 [ERROR] LogOutputStream:75 - [STDERR_REDIRECT] WARNING: Couldn't flush system prefs: java.util.prefs.BackingStoreException: Couldn't get file lock.
2026-08-11 15:41:18,806 [ERROR] LogOutputStream:75 - [STDERR_REDIRECT] 
2026-08-11 15:41:48,804 [ERROR] LogOutputStream:75 - [STDERR_REDIRECT] Aug 11, 2026 3:41:48 PM java.util.prefs.FileSystemPreferences checkLockFile0ErrorCode
2026-08-11 15:41:48,805 [ERROR] LogOutputStream:75 - [STDERR_REDIRECT] WARNING: Could not lock System prefs. Unix error code 2.
2026-08-11 15:41:48,806 [ERROR] LogOutputStream:75 - [STDERR_REDIRECT] 
2026-08-11 15:41:48,806 [ERROR] LogOutputStream:75 - [STDERR_REDIRECT] Aug 11, 2026 3:41:48 PM java.util.prefs.FileSystemPreferences syncWorld
2026-08-11 15:41:48,807 [ERROR] LogOutputStream:75 - [STDERR_REDIRECT] WARNING: Couldn't flush system prefs: java.util.prefs.BackingStoreException: Couldn't get file lock.
2026-08-11 15:41:48,807 [ERROR] LogOutputStream:75 - [STDERR_REDIRECT] 
2026-08-11 15:42:18,806 [ERROR] LogOutputStream:75 - [STDERR_REDIRECT] Aug 11, 2026 3:42:18 PM java.util.prefs.FileSystemPreferences checkLockFile0ErrorCode
2026-08-11 15:42:18,806 [ERROR] LogOutputStream:75 - [STDERR_REDIRECT] WARNING: Could not lock System prefs. Unix error code 2.
2026-08-11 15:42:18,806 [ERROR] LogOutputStream:75 - [STDERR_REDIRECT] 
2026-08-11 15:42:18,807 [ERROR] LogOutputStream:75 - [STDERR_REDIRECT] Aug 11, 2026 3:42:18 PM java.util.prefs.FileSystemPreferences syncWorld
2026-08-11 15:42:18,807 [ERROR] LogOutputStream:75 - [STDERR_REDIRECT] WARNING: Couldn't flush system prefs: java.util.prefs.BackingStoreException: Couldn't get file lock.
2026-08-11 15:42:18,807 [ERROR] LogOutputStream:75 - [STDERR_REDIRECT] 
2026-08-11 15:42:48,805 [ERROR] LogOutputStream:75 - [STDERR_REDIRECT] Aug 11, 2026 3:42:48 PM java.util.prefs.FileSystemPreferences checkLockFile0ErrorCode
2026-08-11 15:42:48,806 [ERROR] LogOutputStream:75 - [STDERR_REDIRECT] WARNING: Could not lock System prefs. Unix error code 2.
2026-08-11 15:42:48,806 [ERROR] LogOutputStream:75 - [STDERR_REDIRECT] 
2026-08-11 15:42:48,806 [ERROR] LogOutputStream:75 - [STDERR_REDIRECT] Aug 11, 2026 3:42:48 PM java.util.prefs.FileSystemPreferences syncWorld
2026-08-11 15:42:48,807 [ERROR] LogOutputStream:75 - [STDERR_REDIRECT] WARNING: Couldn't flush system prefs: java.util.prefs.BackingStoreException: Couldn't get file lock.
2026-08-11 15:42:48,807 [ERROR] LogOutputStream:75 - [STDERR_REDIRECT] 
2026-08-11 15:43:18,805 [ERROR] LogOutputStream:75 - [STDERR_REDIRECT] Aug 11, 2026 3:43:18 PM java.util.prefs.FileSystemPreferences checkLockFile0ErrorCode
2026-08-11 15:43:18,806 [ERROR] LogOutputStream:75 - [STDERR_REDIRECT] WARNING: Could not lock System prefs. Unix error code 2.
2026-08-11 15:43:18,829 [ERROR] LogOutputStream:75 - [STDERR_REDIRECT] 
2026-08-11 15:43:18,830 [ERROR] LogOutputStream:75 - [STDERR_REDIRECT] Aug 11, 2026 3:43:18 PM java.util.prefs.FileSystemPreferences syncWorld
2026-08-11 15:43:18,830 [ERROR] LogOutputStream:75 - [STDERR_REDIRECT] WARNING: Couldn't flush system prefs: java.util.prefs.BackingStoreException: Couldn't get file lock.
2026-08-11 15:43:18,830 [ERROR] LogOutputStream:75 - [STDERR_REDIRECT] 
2026-08-11 15:43:48,805 [ERROR] LogOutputStream:75 - [STDERR_REDIRECT] Aug 11, 2026 3:43:48 PM java.util.prefs.FileSystemPreferences checkLockFile0ErrorCode
2026-08-11 15:43:48,805 [ERROR] LogOutputStream:75 - [STDERR_REDIRECT] WARNING: Could not lock System prefs. Unix error code 2.
2026-08-11 15:43:48,806 [ERROR] LogOutputStream:75 - [STDERR_REDIRECT] 
2026-08-11 15:43:48,806 [ERROR] LogOutputStream:75 - [STDERR_REDIRECT] Aug 11, 2026 3:43:48 PM java.util.prefs.FileSystemPreferences syncWorld
2026-08-11 15:43:48,806 [ERROR] LogOutputStream:75 - [STDERR_REDIRECT] WARNING: Couldn't flush system prefs: java.util.prefs.BackingStoreException: Couldn't get file lock.
2026-08-11 15:43:48,806 [ERROR] LogOutputStream:75 - [STDERR_REDIRECT] 
2026-08-11 15:44:18,805 [ERROR] LogOutputStream:75 - [STDERR_REDIRECT] Aug 11, 2026 3:44:18 PM java.util.prefs.FileSystemPreferences checkLockFile0ErrorCode
2026-08-11 15:44:18,806 [ERROR] LogOutputStream:75 - [STDERR_REDIRECT] WARNING: Could not lock System prefs. Unix error code 2.
2026-08-11 15:44:18,806 [ERROR] LogOutputStream:75 - [STDERR_REDIRECT] 
2026-08-11 15:44:18,806 [ERROR] LogOutputStream:75 - [STDERR_REDIRECT] Aug 11, 2026 3:44:18 PM java.util.prefs.FileSystemPreferences syncWorld
2026-08-11 15:44:18,806 [ERROR] LogOutputStream:75 - [STDERR_REDIRECT] WARNING: Couldn't flush system prefs: java.util.prefs.BackingStoreException: Couldn't get file lock.
2026-08-11 15:44:18,806 [ERROR] LogOutputStream:75 - [STDERR_REDIRECT] 
2026-08-11 15:44:48,806 [ERROR] LogOutputStream:75 - [STDERR_REDIRECT] Aug 11, 2026 3:44:48 PM java.util.prefs.FileSystemPreferences checkLockFile0ErrorCode
2026-08-11 15:44:48,806 [ERROR] LogOutputStream:75 - [STDERR_REDIRECT] WARNING: Could not lock System prefs. Unix error code 2.
2026-08-11 15:44:48,807 [ERROR] LogOutputStream:75 - [STDERR_REDIRECT] 
2026-08-11 15:44:48,807 [ERROR] LogOutputStream:75 - [STDERR_REDIRECT] Aug 11, 2026 3:44:48 PM java.util.prefs.FileSystemPreferences syncWorld
2026-08-11 15:44:48,807 [ERROR] LogOutputStream:75 - [STDERR_REDIRECT] WARNING: Couldn't flush system prefs: java.util.prefs.BackingStoreException: Couldn't get file lock.
2026-08-11 15:44:48,807 [ERROR] LogOutputStream:75 - [STDERR_REDIRECT] 
2026-08-11 15:45:12,627 [INFO] WebApp:194 - Connection lost
2026-08-11 15:45:15,129 [INFO] WebApp:191 - Connection restablished
2026-08-11 15:45:18,805 [ERROR] LogOutputStream:75 - [STDERR_REDIRECT] Aug 11, 2026 3:45:18 PM java.util.prefs.FileSystemPreferences checkLockFile0ErrorCode
2026-08-11 15:45:18,805 [ERROR] LogOutputStream:75 - [STDERR_REDIRECT] WARNING: Could not lock System prefs. Unix error code 2.
2026-08-11 15:45:18,805 [ERROR] LogOutputStream:75 - [STDERR_REDIRECT] 
2026-08-11 15:45:18,805 [ERROR] LogOutputStream:75 - [STDERR_REDIRECT] Aug 11, 2026 3:45:18 PM java.util.prefs.FileSystemPreferences syncWorld
2026-08-11 15:45:18,806 [ERROR] LogOutputStream:75 - [STDERR_REDIRECT] WARNING: Couldn't flush system prefs: java.util.prefs.BackingStoreException: Couldn't get file lock.
2026-08-11 15:45:18,806 [ERROR] LogOutputStream:75 - [STDERR_REDIRECT] 
2026-08-11 15:45:48,804 [ERROR] LogOutputStream:75 - [STDERR_REDIRECT] Aug 11, 2026 3:45:48 PM java.util.prefs.FileSystemPreferences checkLockFile0ErrorCode
2026-08-11 15:45:48,804 [ERROR] LogOutputStream:75 - [STDERR_REDIRECT] WARNING: Could not lock System prefs. Unix error code 2.
2026-08-11 15:45:48,804 [ERROR] LogOutputStream:75 - [STDERR_REDIRECT] 
2026-08-11 15:45:48,805 [ERROR] LogOutputStream:75 - [STDERR_REDIRECT] Aug 11, 2026 3:45:48 PM java.util.prefs.FileSystemPreferences syncWorld
2026-08-11 15:45:48,805 [ERROR] LogOutputStream:75 - [STDERR_REDIRECT] WARNING: Couldn't flush system prefs: java.util.prefs.BackingStoreException: Couldn't get file lock.
2026-08-11 15:45:48,805 [ERROR] LogOutputStream:75 - [STDERR_REDIRECT] 
2026-08-11 15:46:18,805 [ERROR] LogOutputStream:75 - [STDERR_REDIRECT] Aug 11, 2026 3:46:18 PM java.util.prefs.FileSystemPreferences checkLockFile0ErrorCode
2026-08-11 15:46:18,805 [ERROR] LogOutputStream:75 - [STDERR_REDIRECT] WARNING: Could not lock System prefs. Unix error code 2.
2026-08-11 15:46:18,805 [ERROR] LogOutputStream:75 - [STDERR_REDIRECT] 
2026-08-11 15:46:18,806 [ERROR] LogOutputStream:75 - [STDERR_REDIRECT] Aug 11, 2026 3:46:18 PM java.util.prefs.FileSystemPreferences syncWorld
2026-08-11 15:46:18,806 [ERROR] LogOutputStream:75 - [STDERR_REDIRECT] WARNING: Couldn't flush system prefs: java.util.prefs.BackingStoreException: Couldn't get file lock.
2026-08-11 15:46:18,806 [ERROR] LogOutputStream:75 - [STDERR_REDIRECT] 
2026-08-11 15:46:48,805 [ERROR] LogOutputStream:75 - [STDERR_REDIRECT] Aug 11, 2026 3:46:48 PM java.util.prefs.FileSystemPreferences checkLockFile0ErrorCode
2026-08-11 15:46:48,806 [ERROR] LogOutputStream:75 - [STDERR_REDIRECT] WARNING: Could not lock System prefs. Unix error code 2.
2026-08-11 15:46:48,806 [ERROR] LogOutputStream:75 - [STDERR_REDIRECT] 
2026-08-11 15:46:48,807 [ERROR] LogOutputStream:75 - [STDERR_REDIRECT] Aug 11, 2026 3:46:48 PM java.util.prefs.FileSystemPreferences syncWorld
2026-08-11 15:46:48,807 [ERROR] LogOutputStream:75 - [STDERR_REDIRECT] WARNING: Couldn't flush system prefs: java.util.prefs.BackingStoreException: Couldn't get file lock.
2026-08-11 15:46:48,807 [ERROR] LogOutputStream:75 - [STDERR_REDIRECT] 
2026-08-11 15:47:18,806 [ERROR] LogOutputStream:75 - [STDERR_REDIRECT] Aug 11, 2026 3:47:18 PM java.util.prefs.FileSystemPreferences checkLockFile0ErrorCode
2026-08-11 15:47:18,806 [ERROR] LogOutputStream:75 - [STDERR_REDIRECT] WARNING: Could not lock System prefs. Unix error code 2.
2026-08-11 15:47:18,806 [ERROR] LogOutputStream:75 - [STDERR_REDIRECT] 
2026-08-11 15:47:18,807 [ERROR] LogOutputStream:75 - [STDERR_REDIRECT] Aug 11, 2026 3:47:18 PM java.util.prefs.FileSystemPreferences syncWorld
2026-08-11 15:47:18,807 [ERROR] LogOutputStream:75 - [STDERR_REDIRECT] WARNING: Couldn't flush system prefs: java.util.prefs.BackingStoreException: Couldn't get file lock.
2026-08-11 15:47:18,807 [ERROR] LogOutputStream:75 - [STDERR_REDIRECT] 
2026-08-11 15:47:48,806 [ERROR] LogOutputStream:75 - [STDERR_REDIRECT] Aug 11, 2026 3:47:48 PM java.util.prefs.FileSystemPreferences checkLockFile0ErrorCode
2026-08-11 15:47:48,806 [ERROR] LogOutputStream:75 - [STDERR_REDIRECT] WARNING: Could not lock System prefs. Unix error code 2.
2026-08-11 15:47:48,806 [ERROR] LogOutputStream:75 - [STDERR_REDIRECT] 
2026-08-11 15:47:48,807 [ERROR] LogOutputStream:75 - [STDERR_REDIRECT] Aug 11, 2026 3:47:48 PM java.util.prefs.FileSystemPreferences syncWorld
2026-08-11 15:47:48,807 [ERROR] LogOutputStream:75 - [STDERR_REDIRECT] WARNING: Couldn't flush system prefs: java.util.prefs.BackingStoreException: Couldn't get file lock.
2026-08-11 15:47:48,807 [ERROR] LogOutputStream:75 - [STDERR_REDIRECT] 
2026-08-11 15:48:18,806 [ERROR] LogOutputStream:75 - [STDERR_REDIRECT] Aug 11, 2026 3:48:18 PM java.util.prefs.FileSystemPreferences checkLockFile0ErrorCode
2026-08-11 15:48:18,807 [ERROR] LogOutputStream:75 - [STDERR_REDIRECT] WARNING: Could not lock System prefs. Unix error code 2.
2026-08-11 15:48:18,807 [ERROR] LogOutputStream:75 - [STDERR_REDIRECT] 
2026-08-11 15:48:18,807 [ERROR] LogOutputStream:75 - [STDERR_REDIRECT] Aug 11, 2026 3:48:18 PM java.util.prefs.FileSystemPreferences syncWorld
2026-08-11 15:48:18,808 [ERROR] LogOutputStream:75 - [STDERR_REDIRECT] WARNING: Couldn't flush system prefs: java.util.prefs.BackingStoreException: Couldn't get file lock.
2026-08-11 15:48:18,808 [ERROR] LogOutputStream:75 - [STDERR_REDIRECT] 
2026-08-11 15:48:48,807 [ERROR] LogOutputStream:75 - [STDERR_REDIRECT] Aug 11, 2026 3:48:48 PM java.util.prefs.FileSystemPreferences checkLockFile0ErrorCode
2026-08-11 15:48:48,807 [ERROR] LogOutputStream:75 - [STDERR_REDIRECT] WARNING: Could not lock System prefs. Unix error code 2.
2026-08-11 15:48:48,808 [ERROR] LogOutputStream:75 - [STDERR_REDIRECT] 
2026-08-11 15:48:48,809 [ERROR] LogOutputStream:75 - [STDERR_REDIRECT] Aug 11, 2026 3:48:48 PM java.util.prefs.FileSystemPreferences syncWorld
2026-08-11 15:48:48,809 [ERROR] LogOutputStream:75 - [STDERR_REDIRECT] WARNING: Couldn't flush system prefs: java.util.prefs.BackingStoreException: Couldn't get file lock.
2026-08-11 15:48:48,809 [ERROR] LogOutputStream:75 - [STDERR_REDIRECT] 
2026-08-11 15:49:18,808 [ERROR] LogOutputStream:75 - [STDERR_REDIRECT] Aug 11, 2026 3:49:18 PM java.util.prefs.FileSystemPreferences checkLockFile0ErrorCode
2026-08-11 15:49:18,808 [ERROR] LogOutputStream:75 - [STDERR_REDIRECT] WARNING: Could not lock System prefs. Unix error code 2.
2026-08-11 15:49:18,808 [ERROR] LogOutputStream:75 - [STDERR_REDIRECT] 
2026-08-11 15:49:18,809 [ERROR] LogOutputStream:75 - [STDERR_REDIRECT] Aug 11, 2026 3:49:18 PM java.util.prefs.FileSystemPreferences syncWorld
2026-08-11 15:49:18,809 [ERROR] LogOutputStream:75 - [STDERR_REDIRECT] WARNING: Couldn't flush system prefs: java.util.prefs.BackingStoreException: Couldn't get file lock.
2026-08-11 15:49:18,809 [ERROR] LogOutputStream:75 - [STDERR_REDIRECT] 
2026-08-11 15:49:48,808 [ERROR] LogOutputStream:75 - [STDERR_REDIRECT] Aug 11, 2026 3:49:48 PM java.util.prefs.FileSystemPreferences checkLockFile0ErrorCode
2026-08-11 15:49:48,808 [ERROR] LogOutputStream:75 - [STDERR_REDIRECT] WARNING: Could not lock System prefs. Unix error code 2.
2026-08-11 15:49:48,808 [ERROR] LogOutputStream:75 - [STDERR_REDIRECT] 
2026-08-11 15:49:48,808 [ERROR] LogOutputStream:75 - [STDERR_REDIRECT] Aug 11, 2026 3:49:48 PM java.util.prefs.FileSystemPreferences syncWorld
2026-08-11 15:49:48,808 [ERROR] LogOutputStream:75 - [STDERR_REDIRECT] WARNING: Couldn't flush system prefs: java.util.prefs.BackingStoreException: Couldn't get file lock.
2026-08-11 15:49:48,808 [ERROR] LogOutputStream:75 - [STDERR_REDIRECT] 
2026-08-11 15:50:18,808 [ERROR] LogOutputStream:75 - [STDERR_REDIRECT] Aug 11, 2026 3:50:18 PM java.util.prefs.FileSystemPreferences checkLockFile0ErrorCode
2026-08-11 15:50:18,809 [ERROR] LogOutputStream:75 - [STDERR_REDIRECT] WARNING: Could not lock System prefs. Unix error code 2.
2026-08-11 15:50:18,809 [ERROR] LogOutputStream:75 - [STDERR_REDIRECT] 
2026-08-11 15:50:18,809 [ERROR] LogOutputStream:75 - [STDERR_REDIRECT] Aug 11, 2026 3:50:18 PM java.util.prefs.FileSystemPreferences syncWorld
2026-08-11 15:50:18,810 [ERROR] LogOutputStream:75 - [STDERR_REDIRECT] WARNING: Couldn't flush system prefs: java.util.prefs.BackingStoreException: Couldn't get file lock.
2026-08-11 15:50:18,810 [ERROR] LogOutputStream:75 - [STDERR_REDIRECT] 
2026-08-11 15:50:48,808 [ERROR] LogOutputStream:75 - [STDERR_REDIRECT] Aug 11, 2026 3:50:48 PM java.util.prefs.FileSystemPreferences checkLockFile0ErrorCode
2026-08-11 15:50:48,808 [ERROR] LogOutputStream:75 - [STDERR_REDIRECT] WARNING: Could not lock System prefs. Unix error code 2.
2026-08-11 15:50:48,808 [ERROR] LogOutputStream:75 - [STDERR_REDIRECT] 
2026-08-11 15:50:48,809 [ERROR] LogOutputStream:75 - [STDERR_REDIRECT] Aug 11, 2026 3:50:48 PM java.util.prefs.FileSystemPreferences syncWorld
2026-08-11 15:50:48,809 [ERROR] LogOutputStream:75 - [STDERR_REDIRECT] WARNING: Couldn't flush system prefs: java.util.prefs.BackingStoreException: Couldn't get file lock.
2026-08-11 15:50:48,809 [ERROR] LogOutputStream:75 - [STDERR_REDIRECT] 
2026-08-11 15:51:18,808 [ERROR] LogOutputStream:75 - [STDERR_REDIRECT] Aug 11, 2026 3:51:18 PM java.util.prefs.FileSystemPreferences checkLockFile0ErrorCode
2026-08-11 15:51:18,808 [ERROR] LogOutputStream:75 - [STDERR_REDIRECT] WARNING: Could not lock System prefs. Unix error code 2.
2026-08-11 15:51:18,808 [ERROR] LogOutputStream:75 - [STDERR_REDIRECT] 
2026-08-11 15:51:18,809 [ERROR] LogOutputStream:75 - [STDERR_REDIRECT] Aug 11, 2026 3:51:18 PM java.util.prefs.FileSystemPreferences syncWorld
2026-08-11 15:51:18,809 [ERROR] LogOutputStream:75 - [STDERR_REDIRECT] WARNING: Couldn't flush system prefs: java.util.prefs.BackingStoreException: Couldn't get file lock.
2026-08-11 15:51:18,809 [ERROR] LogOutputStream:75 - [STDERR_REDIRECT] 
2026-08-11 15:51:48,808 [ERROR] LogOutputStream:75 - [STDERR_REDIRECT] Aug 11, 2026 3:51:48 PM java.util.prefs.FileSystemPreferences checkLockFile0ErrorCode
2026-08-11 15:51:48,809 [ERROR] LogOutputStream:75 - [STDERR_REDIRECT] WARNING: Could not lock System prefs. Unix error code 2.
2026-08-11 15:51:48,809 [ERROR] LogOutputStream:75 - [STDERR_REDIRECT] 
2026-08-11 15:51:48,809 [ERROR] LogOutputStream:75 - [STDERR_REDIRECT] Aug 11, 2026 3:51:48 PM java.util.prefs.FileSystemPreferences syncWorld
2026-08-11 15:51:48,809 [ERROR] LogOutputStream:75 - [STDERR_REDIRECT] WARNING: Couldn't flush system prefs: java.util.prefs.BackingStoreException: Couldn't get file lock.
2026-08-11 15:51:48,809 [ERROR] LogOutputStream:75 - [STDERR_REDIRECT] 
2026-08-11 15:52:18,809 [ERROR] LogOutputStream:75 - [STDERR_REDIRECT] Aug 11, 2026 3:52:18 PM java.util.prefs.FileSystemPreferences checkLockFile0ErrorCode
2026-08-11 15:52:18,809 [ERROR] LogOutputStream:75 - [STDERR_REDIRECT] WARNING: Could not lock System prefs. Unix error code 2.
2026-08-11 15:52:18,809 [ERROR] LogOutputStream:75 - [STDERR_REDIRECT] 
2026-08-11 15:52:18,810 [ERROR] LogOutputStream:75 - [STDERR_REDIRECT] Aug 11, 2026 3:52:18 PM java.util.prefs.FileSystemPreferences syncWorld
2026-08-11 15:52:18,810 [ERROR] LogOutputStream:75 - [STDERR_REDIRECT] WARNING: Couldn't flush system prefs: java.util.prefs.BackingStoreException: Couldn't get file lock.
2026-08-11 15:52:18,810 [ERROR] LogOutputStream:75 - [STDERR_REDIRECT] 
2026-08-11 15:52:48,810 [ERROR] LogOutputStream:75 - [STDERR_REDIRECT] Aug 11, 2026 3:52:48 PM java.util.prefs.FileSystemPreferences checkLockFile0ErrorCode
2026-08-11 15:52:48,810 [ERROR] LogOutputStream:75 - [STDERR_REDIRECT] WARNING: Could not lock System prefs. Unix error code 2.
2026-08-11 15:52:48,810 [ERROR] LogOutputStream:75 - [STDERR_REDIRECT] 
2026-08-11 15:52:48,811 [ERROR] LogOutputStream:75 - [STDERR_REDIRECT] Aug 11, 2026 3:52:48 PM java.util.prefs.FileSystemPreferences syncWorld
2026-08-11 15:52:48,811 [ERROR] LogOutputStream:75 - [STDERR_REDIRECT] WARNING: Couldn't flush system prefs: java.util.prefs.BackingStoreException: Couldn't get file lock.
2026-08-11 15:52:48,811 [ERROR] LogOutputStream:75 - [STDERR_REDIRECT] 
2026-08-11 15:53:18,809 [ERROR] LogOutputStream:75 - [STDERR_REDIRECT] Aug 11, 2026 3:53:18 PM java.util.prefs.FileSystemPreferences checkLockFile0ErrorCode
2026-08-11 15:53:18,810 [ERROR] LogOutputStream:75 - [STDERR_REDIRECT] WARNING: Could not lock System prefs. Unix error code 2.
2026-08-11 15:53:18,810 [ERROR] LogOutputStream:75 - [STDERR_REDIRECT] 
2026-08-11 15:53:18,811 [ERROR] LogOutputStream:75 - [STDERR_REDIRECT] Aug 11, 2026 3:53:18 PM java.util.prefs.FileSystemPreferences syncWorld
2026-08-11 15:53:18,811 [ERROR] LogOutputStream:75 - [STDERR_REDIRECT] WARNING: Couldn't flush system prefs: java.util.prefs.BackingStoreException: Couldn't get file lock.
2026-08-11 15:53:18,812 [ERROR] LogOutputStream:75 - [STDERR_REDIRECT] 
2026-08-11 15:53:48,808 [ERROR] LogOutputStream:75 - [STDERR_REDIRECT] Aug 11, 2026 3:53:48 PM java.util.prefs.FileSystemPreferences checkLockFile0ErrorCode
2026-08-11 15:53:48,809 [ERROR] LogOutputStream:75 - [STDERR_REDIRECT] WARNING: Could not lock System prefs. Unix error code 2.
2026-08-11 15:53:48,809 [ERROR] LogOutputStream:75 - [STDERR_REDIRECT] 
2026-08-11 15:53:48,809 [ERROR] LogOutputStream:75 - [STDERR_REDIRECT] Aug 11, 2026 3:53:48 PM java.util.prefs.FileSystemPreferences syncWorld
2026-08-11 15:53:48,809 [ERROR] LogOutputStream:75 - [STDERR_REDIRECT] WARNING: Couldn't flush system prefs: java.util.prefs.BackingStoreException: Couldn't get file lock.
2026-08-11 15:53:48,809 [ERROR] LogOutputStream:75 - [STDERR_REDIRECT] 
2026-08-11 15:54:18,810 [ERROR] LogOutputStream:75 - [STDERR_REDIRECT] Aug 11, 2026 3:54:18 PM java.util.prefs.FileSystemPreferences checkLockFile0ErrorCode
2026-08-11 15:54:18,811 [ERROR] LogOutputStream:75 - [STDERR_REDIRECT] WARNING: Could not lock System prefs. Unix error code 2.
2026-08-11 15:54:18,811 [ERROR] LogOutputStream:75 - [STDERR_REDIRECT] 
2026-08-11 15:54:18,811 [ERROR] LogOutputStream:75 - [STDERR_REDIRECT] Aug 11, 2026 3:54:18 PM java.util.prefs.FileSystemPreferences syncWorld
2026-08-11 15:54:18,811 [ERROR] LogOutputStream:75 - [STDERR_REDIRECT] WARNING: Couldn't flush system prefs: java.util.prefs.BackingStoreException: Couldn't get file lock.
2026-08-11 15:54:18,811 [ERROR] LogOutputStream:75 - [STDERR_REDIRECT] 
2026-08-11 15:54:48,810 [ERROR] LogOutputStream:75 - [STDERR_REDIRECT] Aug 11, 2026 3:54:48 PM java.util.prefs.FileSystemPreferences checkLockFile0ErrorCode
2026-08-11 15:54:48,811 [ERROR] LogOutputStream:75 - [STDERR_REDIRECT] WARNING: Could not lock System prefs. Unix error code 2.
2026-08-11 15:54:48,811 [ERROR] LogOutputStream:75 - [STDERR_REDIRECT] 
2026-08-11 15:54:48,811 [ERROR] LogOutputStream:75 - [STDERR_REDIRECT] Aug 11, 2026 3:54:48 PM java.util.prefs.FileSystemPreferences syncWorld
2026-08-11 15:54:48,812 [ERROR] LogOutputStream:75 - [STDERR_REDIRECT] WARNING: Couldn't flush system prefs: java.util.prefs.BackingStoreException: Couldn't get file lock.
2026-08-11 15:54:48,812 [ERROR] LogOutputStream:75 - [STDERR_REDIRECT] 
2026-08-11 15:55:18,810 [ERROR] LogOutputStream:75 - [STDERR_REDIRECT] Aug 11, 2026 3:55:18 PM java.util.prefs.FileSystemPreferences checkLockFile0ErrorCode
2026-08-11 15:55:18,810 [ERROR] LogOutputStream:75 - [STDERR_REDIRECT] WARNING: Could not lock System prefs. Unix error code 2.
2026-08-11 15:55:18,810 [ERROR] LogOutputStream:75 - [STDERR_REDIRECT] 
2026-08-11 15:55:18,810 [ERROR] LogOutputStream:75 - [STDERR_REDIRECT] Aug 11, 2026 3:55:18 PM java.util.prefs.FileSystemPreferences syncWorld
2026-08-11 15:55:18,810 [ERROR] LogOutputStream:75 - [STDERR_REDIRECT] WARNING: Couldn't flush system prefs: java.util.prefs.BackingStoreException: Couldn't get file lock.
2026-08-11 15:55:18,810 [ERROR] LogOutputStream:75 - [STDERR_REDIRECT] 
2026-08-11 15:55:28,034 [INFO] WebApp:194 - Connection lost
2026-08-11 15:55:28,514 [INFO] WebApp:191 - Connection restablished
2026-08-11 15:55:48,810 [ERROR] LogOutputStream:75 - [STDERR_REDIRECT] Aug 11, 2026 3:55:48 PM java.util.prefs.FileSystemPreferences checkLockFile0ErrorCode
2026-08-11 15:55:48,810 [ERROR] LogOutputStream:75 - [STDERR_REDIRECT] WARNING: Could not lock System prefs. Unix error code 2.
2026-08-11 15:55:48,810 [ERROR] LogOutputStream:75 - [STDERR_REDIRECT] 
2026-08-11 15:55:48,810 [ERROR] LogOutputStream:75 - [STDERR_REDIRECT] Aug 11, 2026 3:55:48 PM java.util.prefs.FileSystemPreferences syncWorld
2026-08-11 15:55:48,811 [ERROR] LogOutputStream:75 - [STDERR_REDIRECT] WARNING: Couldn't flush system prefs: java.util.prefs.BackingStoreException: Couldn't get file lock.
2026-08-11 15:55:48,811 [ERROR] LogOutputStream:75 - [STDERR_REDIRECT] 
2026-08-11 15:56:18,810 [ERROR] LogOutputStream:75 - [STDERR_REDIRECT] Aug 11, 2026 3:56:18 PM java.util.prefs.FileSystemPreferences checkLockFile0ErrorCode
2026-08-11 15:56:18,810 [ERROR] LogOutputStream:75 - [STDERR_REDIRECT] WARNING: Could not lock System prefs. Unix error code 2.
2026-08-11 15:56:18,810 [ERROR] LogOutputStream:75 - [STDERR_REDIRECT] 
2026-08-11 15:56:18,811 [ERROR] LogOutputStream:75 - [STDERR_REDIRECT] Aug 11, 2026 3:56:18 PM java.util.prefs.FileSystemPreferences syncWorld
2026-08-11 15:56:18,811 [ERROR] LogOutputStream:75 - [STDERR_REDIRECT] WARNING: Couldn't flush system prefs: java.util.prefs.BackingStoreException: Couldn't get file lock.
2026-08-11 15:56:18,811 [ERROR] LogOutputStream:75 - [STDERR_REDIRECT] 
2026-08-11 15:56:48,811 [ERROR] LogOutputStream:75 - [STDERR_REDIRECT] Aug 11, 2026 3:56:48 PM java.util.prefs.FileSystemPreferences checkLockFile0ErrorCode
2026-08-11 15:56:48,811 [ERROR] LogOutputStream:75 - [STDERR_REDIRECT] WARNING: Could not lock System prefs. Unix error code 2.
2026-08-11 15:56:48,812 [ERROR] LogOutputStream:75 - [STDERR_REDIRECT] 
2026-08-11 15:56:48,812 [ERROR] LogOutputStream:75 - [STDERR_REDIRECT] Aug 11, 2026 3:56:48 PM java.util.prefs.FileSystemPreferences syncWorld
2026-08-11 15:56:48,812 [ERROR] LogOutputStream:75 - [STDERR_REDIRECT] WARNING: Couldn't flush system prefs: java.util.prefs.BackingStoreException: Couldn't get file lock.
2026-08-11 15:56:48,812 [ERROR] LogOutputStream:75 - [STDERR_REDIRECT] 
2026-08-11 15:57:18,810 [ERROR] LogOutputStream:75 - [STDERR_REDIRECT] Aug 11, 2026 3:57:18 PM java.util.prefs.FileSystemPreferences checkLockFile0ErrorCode
2026-08-11 15:57:18,811 [ERROR] LogOutputStream:75 - [STDERR_REDIRECT] WARNING: Could not lock System prefs. Unix error code 2.
2026-08-11 15:57:18,811 [ERROR] LogOutputStream:75 - [STDERR_REDIRECT] 
2026-08-11 15:57:18,811 [ERROR] LogOutputStream:75 - [STDERR_REDIRECT] Aug 11, 2026 3:57:18 PM java.util.prefs.FileSystemPreferences syncWorld
2026-08-11 15:57:18,812 [ERROR] LogOutputStream:75 - [STDERR_REDIRECT] WARNING: Couldn't flush system prefs: java.util.prefs.BackingStoreException: Couldn't get file lock.
2026-08-11 15:57:18,812 [ERROR] LogOutputStream:75 - [STDERR_REDIRECT] 
2026-08-11 15:57:43,032 [INFO] WebApp:194 - Connection lost
2026-08-11 15:57:46,114 [INFO] WebApp:191 - Connection restablished
2026-08-11 15:57:48,810 [ERROR] LogOutputStream:75 - [STDERR_REDIRECT] Aug 11, 2026 3:57:48 PM java.util.prefs.FileSystemPreferences checkLockFile0ErrorCode
2026-08-11 15:57:48,810 [ERROR] LogOutputStream:75 - [STDERR_REDIRECT] WARNING: Could not lock System prefs. Unix error code 2.
2026-08-11 15:57:48,810 [ERROR] LogOutputStream:75 - [STDERR_REDIRECT] 
2026-08-11 15:57:48,811 [ERROR] LogOutputStream:75 - [STDERR_REDIRECT] Aug 11, 2026 3:57:48 PM java.util.prefs.FileSystemPreferences syncWorld
2026-08-11 15:57:48,811 [ERROR] LogOutputStream:75 - [STDERR_REDIRECT] WARNING: Couldn't flush system prefs: java.util.prefs.BackingStoreException: Couldn't get file lock.
2026-08-11 15:57:48,811 [ERROR] LogOutputStream:75 - [STDERR_REDIRECT] 
2026-08-11 15:58:18,812 [ERROR] LogOutputStream:75 - [STDERR_REDIRECT] Aug 11, 2026 3:58:18 PM java.util.prefs.FileSystemPreferences checkLockFile0ErrorCode
2026-08-11 15:58:18,812 [ERROR] LogOutputStream:75 - [STDERR_REDIRECT] WARNING: Could not lock System prefs. Unix error code 2.
2026-08-11 15:58:18,812 [ERROR] LogOutputStream:75 - [STDERR_REDIRECT] 
2026-08-11 15:58:18,812 [ERROR] LogOutputStream:75 - [STDERR_REDIRECT] Aug 11, 2026 3:58:18 PM java.util.prefs.FileSystemPreferences syncWorld
2026-08-11 15:58:18,812 [ERROR] LogOutputStream:75 - [STDERR_REDIRECT] WARNING: Couldn't flush system prefs: java.util.prefs.BackingStoreException: Couldn't get file lock.
2026-08-11 15:58:18,812 [ERROR] LogOutputStream:75 - [STDERR_REDIRECT] 
2026-08-11 15:58:48,810 [ERROR] LogOutputStream:75 - [STDERR_REDIRECT] Aug 11, 2026 3:58:48 PM java.util.prefs.FileSystemPreferences checkLockFile0ErrorCode
2026-08-11 15:58:48,811 [ERROR] LogOutputStream:75 - [STDERR_REDIRECT] WARNING: Could not lock System prefs. Unix error code 2.
2026-08-11 15:58:48,811 [ERROR] LogOutputStream:75 - [STDERR_REDIRECT] 
2026-08-11 15:58:48,811 [ERROR] LogOutputStream:75 - [STDERR_REDIRECT] Aug 11, 2026 3:58:48 PM java.util.prefs.FileSystemPreferences syncWorld
2026-08-11 15:58:48,812 [ERROR] LogOutputStream:75 - [STDERR_REDIRECT] WARNING: Couldn't flush system prefs: java.util.prefs.BackingStoreException: Couldn't get file lock.
2026-08-11 15:58:48,812 [ERROR] LogOutputStream:75 - [STDERR_REDIRECT] 
2026-08-11 15:59:18,811 [ERROR] LogOutputStream:75 - [STDERR_REDIRECT] Aug 11, 2026 3:59:18 PM java.util.prefs.FileSystemPreferences checkLockFile0ErrorCode
2026-08-11 15:59:18,811 [ERROR] LogOutputStream:75 - [STDERR_REDIRECT] WARNING: Could not lock System prefs. Unix error code 2.
2026-08-11 15:59:18,811 [ERROR] LogOutputStream:75 - [STDERR_REDIRECT] 
2026-08-11 15:59:18,812 [ERROR] LogOutputStream:75 - [STDERR_REDIRECT] Aug 11, 2026 3:59:18 PM java.util.prefs.FileSystemPreferences syncWorld
2026-08-11 15:59:18,812 [ERROR] LogOutputStream:75 - [STDERR_REDIRECT] WARNING: Couldn't flush system prefs: java.util.prefs.BackingStoreException: Couldn't get file lock.
2026-08-11 15:59:18,812 [ERROR] LogOutputStream:75 - [STDERR_REDIRECT] 
2026-08-11 15:59:28,171 [INFO] WebApp:194 - Connection lost
2026-08-11 15:59:28,704 [INFO] WebApp:191 - Connection restablished
2026-08-11 15:59:46,806 [INFO] WebApp:194 - Connection lost
2026-08-11 15:59:48,810 [ERROR] LogOutputStream:75 - [STDERR_REDIRECT] Aug 11, 2026 3:59:48 PM java.util.prefs.FileSystemPreferences checkLockFile0ErrorCode
2026-08-11 15:59:48,811 [ERROR] LogOutputStream:75 - [STDERR_REDIRECT] WARNING: Could not lock System prefs. Unix error code 2.
2026-08-11 15:59:48,811 [ERROR] LogOutputStream:75 - [STDERR_REDIRECT] 
2026-08-11 15:59:48,811 [ERROR] LogOutputStream:75 - [STDERR_REDIRECT] Aug 11, 2026 3:59:48 PM java.util.prefs.FileSystemPreferences syncWorld
2026-08-11 15:59:48,811 [ERROR] LogOutputStream:75 - [STDERR_REDIRECT] WARNING: Couldn't flush system prefs: java.util.prefs.BackingStoreException: Couldn't get file lock.
2026-08-11 15:59:48,811 [ERROR] LogOutputStream:75 - [STDERR_REDIRECT] 
2026-08-11 15:59:50,619 [INFO] WebApp:191 - Connection restablished
2026-08-11 16:00:18,811 [ERROR] LogOutputStream:75 - [STDERR_REDIRECT] Aug 11, 2026 4:00:18 PM java.util.prefs.FileSystemPreferences checkLockFile0ErrorCode
2026-08-11 16:00:18,811 [ERROR] LogOutputStream:75 - [STDERR_REDIRECT] WARNING: Could not lock System prefs. Unix error code 2.
2026-08-11 16:00:18,812 [ERROR] LogOutputStream:75 - [STDERR_REDIRECT] 
2026-08-11 16:00:18,812 [ERROR] LogOutputStream:75 - [STDERR_REDIRECT] Aug 11, 2026 4:00:18 PM java.util.prefs.FileSystemPreferences syncWorld
2026-08-11 16:00:18,812 [ERROR] LogOutputStream:75 - [STDERR_REDIRECT] WARNING: Couldn't flush system prefs: java.util.prefs.BackingStoreException: Couldn't get file lock.
2026-08-11 16:00:18,812 [ERROR] LogOutputStream:75 - [STDERR_REDIRECT] 
2026-08-11 16:00:23,640 [INFO] WebApp:194 - Connection lost
2026-08-11 16:00:23,838 [INFO] WebApp:191 - Connection restablished
2026-08-11 16:00:48,811 [ERROR] LogOutputStream:75 - [STDERR_REDIRECT] Aug 11, 2026 4:00:48 PM java.util.prefs.FileSystemPreferences checkLockFile0ErrorCode
2026-08-11 16:00:48,812 [ERROR] LogOutputStream:75 - [STDERR_REDIRECT] WARNING: Could not lock System prefs. Unix error code 2.
2026-08-11 16:00:48,812 [ERROR] LogOutputStream:75 - [STDERR_REDIRECT] 
2026-08-11 16:00:48,812 [ERROR] LogOutputStream:75 - [STDERR_REDIRECT] Aug 11, 2026 4:00:48 PM java.util.prefs.FileSystemPreferences syncWorld
2026-08-11 16:00:48,812 [ERROR] LogOutputStream:75 - [STDERR_REDIRECT] WARNING: Couldn't flush system prefs: java.util.prefs.BackingStoreException: Couldn't get file lock.
2026-08-11 16:00:48,812 [ERROR] LogOutputStream:75 - [STDERR_REDIRECT] 
2026-08-11 16:01:18,811 [ERROR] LogOutputStream:75 - [STDERR_REDIRECT] Aug 11, 2026 4:01:18 PM java.util.prefs.FileSystemPreferences checkLockFile0ErrorCode
2026-08-11 16:01:18,812 [ERROR] LogOutputStream:75 - [STDERR_REDIRECT] WARNING: Could not lock System prefs. Unix error code 2.
2026-08-11 16:01:18,812 [ERROR] LogOutputStream:75 - [STDERR_REDIRECT] 
2026-08-11 16:01:18,812 [ERROR] LogOutputStream:75 - [STDERR_REDIRECT] Aug 11, 2026 4:01:18 PM java.util.prefs.FileSystemPreferences syncWorld
2026-08-11 16:01:18,813 [ERROR] LogOutputStream:75 - [STDERR_REDIRECT] WARNING: Couldn't flush system prefs: java.util.prefs.BackingStoreException: Couldn't get file lock.
2026-08-11 16:01:18,813 [ERROR] LogOutputStream:75 - [STDERR_REDIRECT] 
2026-08-11 16:01:48,812 [ERROR] LogOutputStream:75 - [STDERR_REDIRECT] Aug 11, 2026 4:01:48 PM java.util.prefs.FileSystemPreferences checkLockFile0ErrorCode
2026-08-11 16:01:48,813 [ERROR] LogOutputStream:75 - [STDERR_REDIRECT] WARNING: Could not lock System prefs. Unix error code 2.
2026-08-11 16:01:48,813 [ERROR] LogOutputStream:75 - [STDERR_REDIRECT] 
2026-08-11 16:01:48,813 [ERROR] LogOutputStream:75 - [STDERR_REDIRECT] Aug 11, 2026 4:01:48 PM java.util.prefs.FileSystemPreferences syncWorld
2026-08-11 16:01:48,813 [ERROR] LogOutputStream:75 - [STDERR_REDIRECT] WARNING: Couldn't flush system prefs: java.util.prefs.BackingStoreException: Couldn't get file lock.
2026-08-11 16:01:48,813 [ERROR] LogOutputStream:75 - [STDERR_REDIRECT] 
2026-08-11 16:02:18,814 [ERROR] LogOutputStream:75 - [STDERR_REDIRECT] Aug 11, 2026 4:02:18 PM java.util.prefs.FileSystemPreferences checkLockFile0ErrorCode
2026-08-11 16:02:18,814 [ERROR] LogOutputStream:75 - [STDERR_REDIRECT] WARNING: Could not lock System prefs. Unix error code 2.
2026-08-11 16:02:18,815 [ERROR] LogOutputStream:75 - [STDERR_REDIRECT] 
2026-08-11 16:02:18,815 [ERROR] LogOutputStream:75 - [STDERR_REDIRECT] Aug 11, 2026 4:02:18 PM java.util.prefs.FileSystemPreferences syncWorld
2026-08-11 16:02:18,816 [ERROR] LogOutputStream:75 - [STDERR_REDIRECT] WARNING: Couldn't flush system prefs: java.util.prefs.BackingStoreException: Couldn't get file lock.
2026-08-11 16:02:18,816 [ERROR] LogOutputStream:75 - [STDERR_REDIRECT] 
2026-08-11 16:02:48,814 [ERROR] LogOutputStream:75 - [STDERR_REDIRECT] Aug 11, 2026 4:02:48 PM java.util.prefs.FileSystemPreferences checkLockFile0ErrorCode
2026-08-11 16:02:48,814 [ERROR] LogOutputStream:75 - [STDERR_REDIRECT] WARNING: Could not lock System prefs. Unix error code 2.
2026-08-11 16:02:48,814 [ERROR] LogOutputStream:75 - [STDERR_REDIRECT] 
2026-08-11 16:02:48,815 [ERROR] LogOutputStream:75 - [STDERR_REDIRECT] Aug 11, 2026 4:02:48 PM java.util.prefs.FileSystemPreferences syncWorld
2026-08-11 16:02:48,815 [ERROR] LogOutputStream:75 - [STDERR_REDIRECT] WARNING: Couldn't flush system prefs: java.util.prefs.BackingStoreException: Couldn't get file lock.
2026-08-11 16:02:48,815 [ERROR] LogOutputStream:75 - [STDERR_REDIRECT] 
2026-08-11 16:03:18,814 [ERROR] LogOutputStream:75 - [STDERR_REDIRECT] Aug 11, 2026 4:03:18 PM java.util.prefs.FileSystemPreferences checkLockFile0ErrorCode
2026-08-11 16:03:18,814 [ERROR] LogOutputStream:75 - [STDERR_REDIRECT] WARNING: Could not lock System prefs. Unix error code 2.
2026-08-11 16:03:18,814 [ERROR] LogOutputStream:75 - [STDERR_REDIRECT] 
2026-08-11 16:03:18,815 [ERROR] LogOutputStream:75 - [STDERR_REDIRECT] Aug 11, 2026 4:03:18 PM java.util.prefs.FileSystemPreferences syncWorld
2026-08-11 16:03:18,815 [ERROR] LogOutputStream:75 - [STDERR_REDIRECT] WARNING: Couldn't flush system prefs: java.util.prefs.BackingStoreException: Couldn't get file lock.
2026-08-11 16:03:18,815 [ERROR] LogOutputStream:75 - [STDERR_REDIRECT] 
2026-08-11 16:03:48,814 [ERROR] LogOutputStream:75 - [STDERR_REDIRECT] Aug 11, 2026 4:03:48 PM java.util.prefs.FileSystemPreferences checkLockFile0ErrorCode
2026-08-11 16:03:48,814 [ERROR] LogOutputStream:75 - [STDERR_REDIRECT] WARNING: Could not lock System prefs. Unix error code 2.
2026-08-11 16:03:48,814 [ERROR] LogOutputStream:75 - [STDERR_REDIRECT] 
2026-08-11 16:03:48,815 [ERROR] LogOutputStream:75 - [STDERR_REDIRECT] Aug 11, 2026 4:03:48 PM java.util.prefs.FileSystemPreferences syncWorld
2026-08-11 16:03:48,815 [ERROR] LogOutputStream:75 - [STDERR_REDIRECT] WARNING: Couldn't flush system prefs: java.util.prefs.BackingStoreException: Couldn't get file lock.
2026-08-11 16:03:48,815 [ERROR] LogOutputStream:75 - [STDERR_REDIRECT] 
2026-08-11 16:04:18,814 [ERROR] LogOutputStream:75 - [STDERR_REDIRECT] Aug 11, 2026 4:04:18 PM java.util.prefs.FileSystemPreferences checkLockFile0ErrorCode
2026-08-11 16:04:18,815 [ERROR] LogOutputStream:75 - [STDERR_REDIRECT] WARNING: Could not lock System prefs. Unix error code 2.
2026-08-11 16:04:18,815 [ERROR] LogOutputStream:75 - [STDERR_REDIRECT] 
2026-08-11 16:04:18,815 [ERROR] LogOutputStream:75 - [STDERR_REDIRECT] Aug 11, 2026 4:04:18 PM java.util.prefs.FileSystemPreferences syncWorld
2026-08-11 16:04:18,815 [ERROR] LogOutputStream:75 - [STDERR_REDIRECT] WARNING: Couldn't flush system prefs: java.util.prefs.BackingStoreException: Couldn't get file lock.
2026-08-11 16:04:18,816 [ERROR] LogOutputStream:75 - [STDERR_REDIRECT] 
2026-08-11 16:04:48,814 [ERROR] LogOutputStream:75 - [STDERR_REDIRECT] Aug 11, 2026 4:04:48 PM java.util.prefs.FileSystemPreferences checkLockFile0ErrorCode
2026-08-11 16:04:48,814 [ERROR] LogOutputStream:75 - [STDERR_REDIRECT] WARNING: Could not lock System prefs. Unix error code 2.
2026-08-11 16:04:48,814 [ERROR] LogOutputStream:75 - [STDERR_REDIRECT] 
2026-08-11 16:04:48,815 [ERROR] LogOutputStream:75 - [STDERR_REDIRECT] Aug 11, 2026 4:04:48 PM java.util.prefs.FileSystemPreferences syncWorld
2026-08-11 16:04:48,815 [ERROR] LogOutputStream:75 - [STDERR_REDIRECT] WARNING: Couldn't flush system prefs: java.util.prefs.BackingStoreException: Couldn't get file lock.
2026-08-11 16:04:48,815 [ERROR] LogOutputStream:75 - [STDERR_REDIRECT] 
2026-08-11 16:05:18,814 [ERROR] LogOutputStream:75 - [STDERR_REDIRECT] Aug 11, 2026 4:05:18 PM java.util.prefs.FileSystemPreferences checkLockFile0ErrorCode
2026-08-11 16:05:18,815 [ERROR] LogOutputStream:75 - [STDERR_REDIRECT] WARNING: Could not lock System prefs. Unix error code 2.
2026-08-11 16:05:18,815 [ERROR] LogOutputStream:75 - [STDERR_REDIRECT] 
2026-08-11 16:05:18,815 [ERROR] LogOutputStream:75 - [STDERR_REDIRECT] Aug 11, 2026 4:05:18 PM java.util.prefs.FileSystemPreferences syncWorld
2026-08-11 16:05:18,815 [ERROR] LogOutputStream:75 - [STDERR_REDIRECT] WARNING: Couldn't flush system prefs: java.util.prefs.BackingStoreException: Couldn't get file lock.
2026-08-11 16:05:18,815 [ERROR] LogOutputStream:75 - [STDERR_REDIRECT] 
2026-08-11 16:05:48,815 [ERROR] LogOutputStream:75 - [STDERR_REDIRECT] Aug 11, 2026 4:05:48 PM java.util.prefs.FileSystemPreferences checkLockFile0ErrorCode
2026-08-11 16:05:48,816 [ERROR] LogOutputStream:75 - [STDERR_REDIRECT] WARNING: Could not lock System prefs. Unix error code 2.
2026-08-11 16:05:48,816 [ERROR] LogOutputStream:75 - [STDERR_REDIRECT] 
2026-08-11 16:05:48,816 [ERROR] LogOutputStream:75 - [STDERR_REDIRECT] Aug 11, 2026 4:05:48 PM java.util.prefs.FileSystemPreferences syncWorld
2026-08-11 16:05:48,816 [ERROR] LogOutputStream:75 - [STDERR_REDIRECT] WARNING: Couldn't flush system prefs: java.util.prefs.BackingStoreException: Couldn't get file lock.
2026-08-11 16:05:48,816 [ERROR] LogOutputStream:75 - [STDERR_REDIRECT] 
2026-08-11 16:06:18,816 [ERROR] LogOutputStream:75 - [STDERR_REDIRECT] Aug 11, 2026 4:06:18 PM java.util.prefs.FileSystemPreferences checkLockFile0ErrorCode
2026-08-11 16:06:18,816 [ERROR] LogOutputStream:75 - [STDERR_REDIRECT] WARNING: Could not lock System prefs. Unix error code 2.
2026-08-11 16:06:18,817 [ERROR] LogOutputStream:75 - [STDERR_REDIRECT] 
2026-08-11 16:06:18,817 [ERROR] LogOutputStream:75 - [STDERR_REDIRECT] Aug 11, 2026 4:06:18 PM java.util.prefs.FileSystemPreferences syncWorld
2026-08-11 16:06:18,818 [ERROR] LogOutputStream:75 - [STDERR_REDIRECT] WARNING: Couldn't flush system prefs: java.util.prefs.BackingStoreException: Couldn't get file lock.
2026-08-11 16:06:18,818 [ERROR] LogOutputStream:75 - [STDERR_REDIRECT] 
2026-08-11 16:06:48,817 [ERROR] LogOutputStream:75 - [STDERR_REDIRECT] Aug 11, 2026 4:06:48 PM java.util.prefs.FileSystemPreferences checkLockFile0ErrorCode
2026-08-11 16:06:48,817 [ERROR] LogOutputStream:75 - [STDERR_REDIRECT] WARNING: Could not lock System prefs. Unix error code 2.
2026-08-11 16:06:48,818 [ERROR] LogOutputStream:75 - [STDERR_REDIRECT] 
2026-08-11 16:06:48,819 [ERROR] LogOutputStream:75 - [STDERR_REDIRECT] Aug 11, 2026 4:06:48 PM java.util.prefs.FileSystemPreferences syncWorld
2026-08-11 16:06:48,819 [ERROR] LogOutputStream:75 - [STDERR_REDIRECT] WARNING: Couldn't flush system prefs: java.util.prefs.BackingStoreException: Couldn't get file lock.
2026-08-11 16:06:48,819 [ERROR] LogOutputStream:75 - [STDERR_REDIRECT] 
2026-08-11 16:07:18,816 [ERROR] LogOutputStream:75 - [STDERR_REDIRECT] Aug 11, 2026 4:07:18 PM java.util.prefs.FileSystemPreferences checkLockFile0ErrorCode
2026-08-11 16:07:18,817 [ERROR] LogOutputStream:75 - [STDERR_REDIRECT] WARNING: Could not lock System prefs. Unix error code 2.
2026-08-11 16:07:18,817 [ERROR] LogOutputStream:75 - [STDERR_REDIRECT] 
2026-08-11 16:07:18,817 [ERROR] LogOutputStream:75 - [STDERR_REDIRECT] Aug 11, 2026 4:07:18 PM java.util.prefs.FileSystemPreferences syncWorld
2026-08-11 16:07:18,818 [ERROR] LogOutputStream:75 - [STDERR_REDIRECT] WARNING: Couldn't flush system prefs: java.util.prefs.BackingStoreException: Couldn't get file lock.
2026-08-11 16:07:18,818 [ERROR] LogOutputStream:75 - [STDERR_REDIRECT] 
2026-08-11 16:07:48,817 [ERROR] LogOutputStream:75 - [STDERR_REDIRECT] Aug 11, 2026 4:07:48 PM java.util.prefs.FileSystemPreferences checkLockFile0ErrorCode
2026-08-11 16:07:48,817 [ERROR] LogOutputStream:75 - [STDERR_REDIRECT] WARNING: Could not lock System prefs. Unix error code 2.
2026-08-11 16:07:48,817 [ERROR] LogOutputStream:75 - [STDERR_REDIRECT] 
2026-08-11 16:07:48,817 [ERROR] LogOutputStream:75 - [STDERR_REDIRECT] Aug 11, 2026 4:07:48 PM java.util.prefs.FileSystemPreferences syncWorld
2026-08-11 16:07:48,818 [ERROR] LogOutputStream:75 - [STDERR_REDIRECT] WARNING: Couldn't flush system prefs: java.util.prefs.BackingStoreException: Couldn't get file lock.
2026-08-11 16:07:48,818 [ERROR] LogOutputStream:75 - [STDERR_REDIRECT] 
2026-08-11 16:08:18,817 [ERROR] LogOutputStream:75 - [STDERR_REDIRECT] Aug 11, 2026 4:08:18 PM java.util.prefs.FileSystemPreferences checkLockFile0ErrorCode
2026-08-11 16:08:18,818 [ERROR] LogOutputStream:75 - [STDERR_REDIRECT] WARNING: Could not lock System prefs. Unix error code 2.
2026-08-11 16:08:18,818 [ERROR] LogOutputStream:75 - [STDERR_REDIRECT] 
2026-08-11 16:08:18,818 [ERROR] LogOutputStream:75 - [STDERR_REDIRECT] Aug 11, 2026 4:08:18 PM java.util.prefs.FileSystemPreferences syncWorld
2026-08-11 16:08:18,818 [ERROR] LogOutputStream:75 - [STDERR_REDIRECT] WARNING: Couldn't flush system prefs: java.util.prefs.BackingStoreException: Couldn't get file lock.
2026-08-11 16:08:18,818 [ERROR] LogOutputStream:75 - [STDERR_REDIRECT] 
2026-08-11 16:08:48,818 [ERROR] LogOutputStream:75 - [STDERR_REDIRECT] Aug 11, 2026 4:08:48 PM java.util.prefs.FileSystemPreferences checkLockFile0ErrorCode
2026-08-11 16:08:48,818 [ERROR] LogOutputStream:75 - [STDERR_REDIRECT] WARNING: Could not lock System prefs. Unix error code 2.
2026-08-11 16:08:48,819 [ERROR] LogOutputStream:75 - [STDERR_REDIRECT] 
2026-08-11 16:08:48,819 [ERROR] LogOutputStream:75 - [STDERR_REDIRECT] Aug 11, 2026 4:08:48 PM java.util.prefs.FileSystemPreferences syncWorld
2026-08-11 16:08:48,819 [ERROR] LogOutputStream:75 - [STDERR_REDIRECT] WARNING: Couldn't flush system prefs: java.util.prefs.BackingStoreException: Couldn't get file lock.
2026-08-11 16:08:48,819 [ERROR] LogOutputStream:75 - [STDERR_REDIRECT] 
2026-08-11 16:09:18,958 [ERROR] LogOutputStream:75 - [STDERR_REDIRECT] Aug 11, 2026 4:09:18 PM java.util.prefs.FileSystemPreferences checkLockFile0ErrorCode
2026-08-11 16:09:18,958 [ERROR] LogOutputStream:75 - [STDERR_REDIRECT] WARNING: Could not lock System prefs. Unix error code 2.
2026-08-11 16:09:18,959 [ERROR] LogOutputStream:75 - [STDERR_REDIRECT] 
2026-08-11 16:09:18,959 [ERROR] LogOutputStream:75 - [STDERR_REDIRECT] Aug 11, 2026 4:09:18 PM java.util.prefs.FileSystemPreferences syncWorld
2026-08-11 16:09:18,959 [ERROR] LogOutputStream:75 - [STDERR_REDIRECT] WARNING: Couldn't flush system prefs: java.util.prefs.BackingStoreException: Couldn't get file lock.
2026-08-11 16:09:18,959 [ERROR] LogOutputStream:75 - [STDERR_REDIRECT] 
2026-08-11 16:09:48,819 [ERROR] LogOutputStream:75 - [STDERR_REDIRECT] Aug 11, 2026 4:09:48 PM java.util.prefs.FileSystemPreferences checkLockFile0ErrorCode
2026-08-11 16:09:48,819 [ERROR] LogOutputStream:75 - [STDERR_REDIRECT] WARNING: Could not lock System prefs. Unix error code 2.
2026-08-11 16:09:48,819 [ERROR] LogOutputStream:75 - [STDERR_REDIRECT] 
2026-08-11 16:09:48,819 [ERROR] LogOutputStream:75 - [STDERR_REDIRECT] Aug 11, 2026 4:09:48 PM java.util.prefs.FileSystemPreferences syncWorld
2026-08-11 16:09:48,819 [ERROR] LogOutputStream:75 - [STDERR_REDIRECT] WARNING: Couldn't flush system prefs: java.util.prefs.BackingStoreException: Couldn't get file lock.
2026-08-11 16:09:48,819 [ERROR] LogOutputStream:75 - [STDERR_REDIRECT] 
2026-08-11 16:10:18,819 [ERROR] LogOutputStream:75 - [STDERR_REDIRECT] Aug 11, 2026 4:10:18 PM java.util.prefs.FileSystemPreferences checkLockFile0ErrorCode
2026-08-11 16:10:18,820 [ERROR] LogOutputStream:75 - [STDERR_REDIRECT] WARNING: Could not lock System prefs. Unix error code 2.
2026-08-11 16:10:18,820 [ERROR] LogOutputStream:75 - [STDERR_REDIRECT] 
2026-08-11 16:10:18,820 [ERROR] LogOutputStream:75 - [STDERR_REDIRECT] Aug 11, 2026 4:10:18 PM java.util.prefs.FileSystemPreferences syncWorld
2026-08-11 16:10:18,821 [ERROR] LogOutputStream:75 - [STDERR_REDIRECT] WARNING: Couldn't flush system prefs: java.util.prefs.BackingStoreException: Couldn't get file lock.
2026-08-11 16:10:18,821 [ERROR] LogOutputStream:75 - [STDERR_REDIRECT] 
2026-08-11 16:10:48,819 [ERROR] LogOutputStream:75 - [STDERR_REDIRECT] Aug 11, 2026 4:10:48 PM java.util.prefs.FileSystemPreferences checkLockFile0ErrorCode
2026-08-11 16:10:48,820 [ERROR] LogOutputStream:75 - [STDERR_REDIRECT] WARNING: Could not lock System prefs. Unix error code 2.
2026-08-11 16:10:48,820 [ERROR] LogOutputStream:75 - [STDERR_REDIRECT] 
2026-08-11 16:10:48,821 [ERROR] LogOutputStream:75 - [STDERR_REDIRECT] Aug 11, 2026 4:10:48 PM java.util.prefs.FileSystemPreferences syncWorld
2026-08-11 16:10:48,821 [ERROR] LogOutputStream:75 - [STDERR_REDIRECT] WARNING: Couldn't flush system prefs: java.util.prefs.BackingStoreException: Couldn't get file lock.
2026-08-11 16:10:48,821 [ERROR] LogOutputStream:75 - [STDERR_REDIRECT] 
2026-08-11 16:11:18,820 [ERROR] LogOutputStream:75 - [STDERR_REDIRECT] Aug 11, 2026 4:11:18 PM java.util.prefs.FileSystemPreferences checkLockFile0ErrorCode
2026-08-11 16:11:18,820 [ERROR] LogOutputStream:75 - [STDERR_REDIRECT] WARNING: Could not lock System prefs. Unix error code 2.
2026-08-11 16:11:18,820 [ERROR] LogOutputStream:75 - [STDERR_REDIRECT] 
2026-08-11 16:11:18,821 [ERROR] LogOutputStream:75 - [STDERR_REDIRECT] Aug 11, 2026 4:11:18 PM java.util.prefs.FileSystemPreferences syncWorld
2026-08-11 16:11:18,821 [ERROR] LogOutputStream:75 - [STDERR_REDIRECT] WARNING: Couldn't flush system prefs: java.util.prefs.BackingStoreException: Couldn't get file lock.
2026-08-11 16:11:18,821 [ERROR] LogOutputStream:75 - [STDERR_REDIRECT] 
2026-08-11 16:11:48,820 [ERROR] LogOutputStream:75 - [STDERR_REDIRECT] Aug 11, 2026 4:11:48 PM java.util.prefs.FileSystemPreferences checkLockFile0ErrorCode
2026-08-11 16:11:48,820 [ERROR] LogOutputStream:75 - [STDERR_REDIRECT] WARNING: Could not lock System prefs. Unix error code 2.
2026-08-11 16:11:48,820 [ERROR] LogOutputStream:75 - [STDERR_REDIRECT] 
2026-08-11 16:11:48,821 [ERROR] LogOutputStream:75 - [STDERR_REDIRECT] Aug 11, 2026 4:11:48 PM java.util.prefs.FileSystemPreferences syncWorld
2026-08-11 16:11:48,821 [ERROR] LogOutputStream:75 - [STDERR_REDIRECT] WARNING: Couldn't flush system prefs: java.util.prefs.BackingStoreException: Couldn't get file lock.
2026-08-11 16:11:48,821 [ERROR] LogOutputStream:75 - [STDERR_REDIRECT] 
2026-08-11 16:12:18,820 [ERROR] LogOutputStream:75 - [STDERR_REDIRECT] Aug 11, 2026 4:12:18 PM java.util.prefs.FileSystemPreferences checkLockFile0ErrorCode
2026-08-11 16:12:18,821 [ERROR] LogOutputStream:75 - [STDERR_REDIRECT] WARNING: Could not lock System prefs. Unix error code 2.
2026-08-11 16:12:18,821 [ERROR] LogOutputStream:75 - [STDERR_REDIRECT] 
2026-08-11 16:12:18,821 [ERROR] LogOutputStream:75 - [STDERR_REDIRECT] Aug 11, 2026 4:12:18 PM java.util.prefs.FileSystemPreferences syncWorld
2026-08-11 16:12:18,821 [ERROR] LogOutputStream:75 - [STDERR_REDIRECT] WARNING: Couldn't flush system prefs: java.util.prefs.BackingStoreException: Couldn't get file lock.
2026-08-11 16:12:18,822 [ERROR] LogOutputStream:75 - [STDERR_REDIRECT] 
2026-08-11 16:12:48,819 [ERROR] LogOutputStream:75 - [STDERR_REDIRECT] Aug 11, 2026 4:12:48 PM java.util.prefs.FileSystemPreferences checkLockFile0ErrorCode
2026-08-11 16:12:48,820 [ERROR] LogOutputStream:75 - [STDERR_REDIRECT] WARNING: Could not lock System prefs. Unix error code 2.
2026-08-11 16:12:48,820 [ERROR] LogOutputStream:75 - [STDERR_REDIRECT] 
2026-08-11 16:12:48,820 [ERROR] LogOutputStream:75 - [STDERR_REDIRECT] Aug 11, 2026 4:12:48 PM java.util.prefs.FileSystemPreferences syncWorld
2026-08-11 16:12:48,820 [ERROR] LogOutputStream:75 - [STDERR_REDIRECT] WARNING: Couldn't flush system prefs: java.util.prefs.BackingStoreException: Couldn't get file lock.
2026-08-11 16:12:48,820 [ERROR] LogOutputStream:75 - [STDERR_REDIRECT] 
2026-08-11 16:13:18,820 [ERROR] LogOutputStream:75 - [STDERR_REDIRECT] Aug 11, 2026 4:13:18 PM java.util.prefs.FileSystemPreferences checkLockFile0ErrorCode
2026-08-11 16:13:18,821 [ERROR] LogOutputStream:75 - [STDERR_REDIRECT] WARNING: Could not lock System prefs. Unix error code 2.
2026-08-11 16:13:18,821 [ERROR] LogOutputStream:75 - [STDERR_REDIRECT] 
2026-08-11 16:13:18,821 [ERROR] LogOutputStream:75 - [STDERR_REDIRECT] Aug 11, 2026 4:13:18 PM java.util.prefs.FileSystemPreferences syncWorld
2026-08-11 16:13:18,821 [ERROR] LogOutputStream:75 - [STDERR_REDIRECT] WARNING: Couldn't flush system prefs: java.util.prefs.BackingStoreException: Couldn't get file lock.
2026-08-11 16:13:18,821 [ERROR] LogOutputStream:75 - [STDERR_REDIRECT] 
2026-08-11 16:13:48,821 [ERROR] LogOutputStream:75 - [STDERR_REDIRECT] Aug 11, 2026 4:13:48 PM java.util.prefs.FileSystemPreferences checkLockFile0ErrorCode
2026-08-11 16:13:48,822 [ERROR] LogOutputStream:75 - [STDERR_REDIRECT] WARNING: Could not lock System prefs. Unix error code 2.
2026-08-11 16:13:48,822 [ERROR] LogOutputStream:75 - [STDERR_REDIRECT] 
2026-08-11 16:13:48,822 [ERROR] LogOutputStream:75 - [STDERR_REDIRECT] Aug 11, 2026 4:13:48 PM java.util.prefs.FileSystemPreferences syncWorld
2026-08-11 16:13:48,822 [ERROR] LogOutputStream:75 - [STDERR_REDIRECT] WARNING: Couldn't flush system prefs: java.util.prefs.BackingStoreException: Couldn't get file lock.
2026-08-11 16:13:48,822 [ERROR] LogOutputStream:75 - [STDERR_REDIRECT] 
2026-08-11 16:14:18,821 [ERROR] LogOutputStream:75 - [STDERR_REDIRECT] Aug 11, 2026 4:14:18 PM java.util.prefs.FileSystemPreferences checkLockFile0ErrorCode
2026-08-11 16:14:18,821 [ERROR] LogOutputStream:75 - [STDERR_REDIRECT] WARNING: Could not lock System prefs. Unix error code 2.
2026-08-11 16:14:18,822 [ERROR] LogOutputStream:75 - [STDERR_REDIRECT] 
2026-08-11 16:14:18,822 [ERROR] LogOutputStream:75 - [STDERR_REDIRECT] Aug 11, 2026 4:14:18 PM java.util.prefs.FileSystemPreferences syncWorld
2026-08-11 16:14:18,822 [ERROR] LogOutputStream:75 - [STDERR_REDIRECT] WARNING: Couldn't flush system prefs: java.util.prefs.BackingStoreException: Couldn't get file lock.
2026-08-11 16:14:18,822 [ERROR] LogOutputStream:75 - [STDERR_REDIRECT] 
2026-08-11 16:14:48,821 [ERROR] LogOutputStream:75 - [STDERR_REDIRECT] Aug 11, 2026 4:14:48 PM java.util.prefs.FileSystemPreferences checkLockFile0ErrorCode
2026-08-11 16:14:48,821 [ERROR] LogOutputStream:75 - [STDERR_REDIRECT] WARNING: Could not lock System prefs. Unix error code 2.
2026-08-11 16:14:48,821 [ERROR] LogOutputStream:75 - [STDERR_REDIRECT] 
2026-08-11 16:14:48,821 [ERROR] LogOutputStream:75 - [STDERR_REDIRECT] Aug 11, 2026 4:14:48 PM java.util.prefs.FileSystemPreferences syncWorld
2026-08-11 16:14:48,821 [ERROR] LogOutputStream:75 - [STDERR_REDIRECT] WARNING: Couldn't flush system prefs: java.util.prefs.BackingStoreException: Couldn't get file lock.
2026-08-11 16:14:48,821 [ERROR] LogOutputStream:75 - [STDERR_REDIRECT] 
2026-08-11 16:15:18,821 [ERROR] LogOutputStream:75 - [STDERR_REDIRECT] Aug 11, 2026 4:15:18 PM java.util.prefs.FileSystemPreferences checkLockFile0ErrorCode
2026-08-11 16:15:18,821 [ERROR] LogOutputStream:75 - [STDERR_REDIRECT] WARNING: Could not lock System prefs. Unix error code 2.
2026-08-11 16:15:18,821 [ERROR] LogOutputStream:75 - [STDERR_REDIRECT] 
2026-08-11 16:15:18,822 [ERROR] LogOutputStream:75 - [STDERR_REDIRECT] Aug 11, 2026 4:15:18 PM java.util.prefs.FileSystemPreferences syncWorld
2026-08-11 16:15:18,822 [ERROR] LogOutputStream:75 - [STDERR_REDIRECT] WARNING: Couldn't flush system prefs: java.util.prefs.BackingStoreException: Couldn't get file lock.
2026-08-11 16:15:18,822 [ERROR] LogOutputStream:75 - [STDERR_REDIRECT] 
2026-08-11 16:15:48,821 [ERROR] LogOutputStream:75 - [STDERR_REDIRECT] Aug 11, 2026 4:15:48 PM java.util.prefs.FileSystemPreferences checkLockFile0ErrorCode
2026-08-11 16:15:48,821 [ERROR] LogOutputStream:75 - [STDERR_REDIRECT] WARNING: Could not lock System prefs. Unix error code 2.
2026-08-11 16:15:48,821 [ERROR] LogOutputStream:75 - [STDERR_REDIRECT] 
2026-08-11 16:15:48,822 [ERROR] LogOutputStream:75 - [STDERR_REDIRECT] Aug 11, 2026 4:15:48 PM java.util.prefs.FileSystemPreferences syncWorld
2026-08-11 16:15:48,822 [ERROR] LogOutputStream:75 - [STDERR_REDIRECT] WARNING: Couldn't flush system prefs: java.util.prefs.BackingStoreException: Couldn't get file lock.
2026-08-11 16:15:48,822 [ERROR] LogOutputStream:75 - [STDERR_REDIRECT] 
2026-08-11 16:16:18,821 [ERROR] LogOutputStream:75 - [STDERR_REDIRECT] Aug 11, 2026 4:16:18 PM java.util.prefs.FileSystemPreferences checkLockFile0ErrorCode
2026-08-11 16:16:18,822 [ERROR] LogOutputStream:75 - [STDERR_REDIRECT] WARNING: Could not lock System prefs. Unix error code 2.
2026-08-11 16:16:18,822 [ERROR] LogOutputStream:75 - [STDERR_REDIRECT] 
2026-08-11 16:16:18,822 [ERROR] LogOutputStream:75 - [STDERR_REDIRECT] Aug 11, 2026 4:16:18 PM java.util.prefs.FileSystemPreferences syncWorld
2026-08-11 16:16:18,822 [ERROR] LogOutputStream:75 - [STDERR_REDIRECT] WARNING: Couldn't flush system prefs: java.util.prefs.BackingStoreException: Couldn't get file lock.
2026-08-11 16:16:18,822 [ERROR] LogOutputStream:75 - [STDERR_REDIRECT] 
2026-08-11 16:16:48,821 [ERROR] LogOutputStream:75 - [STDERR_REDIRECT] Aug 11, 2026 4:16:48 PM java.util.prefs.FileSystemPreferences checkLockFile0ErrorCode
2026-08-11 16:16:48,822 [ERROR] LogOutputStream:75 - [STDERR_REDIRECT] WARNING: Could not lock System prefs. Unix error code 2.
2026-08-11 16:16:48,822 [ERROR] LogOutputStream:75 - [STDERR_REDIRECT] 
2026-08-11 16:16:48,822 [ERROR] LogOutputStream:75 - [STDERR_REDIRECT] Aug 11, 2026 4:16:48 PM java.util.prefs.FileSystemPreferences syncWorld
2026-08-11 16:16:48,822 [ERROR] LogOutputStream:75 - [STDERR_REDIRECT] WARNING: Couldn't flush system prefs: java.util.prefs.BackingStoreException: Couldn't get file lock.
2026-08-11 16:16:48,822 [ERROR] LogOutputStream:75 - [STDERR_REDIRECT] 
2026-08-11 16:17:18,822 [ERROR] LogOutputStream:75 - [STDERR_REDIRECT] Aug 11, 2026 4:17:18 PM java.util.prefs.FileSystemPreferences checkLockFile0ErrorCode
2026-08-11 16:17:18,822 [ERROR] LogOutputStream:75 - [STDERR_REDIRECT] WARNING: Could not lock System prefs. Unix error code 2.
2026-08-11 16:17:18,822 [ERROR] LogOutputStream:75 - [STDERR_REDIRECT] 
2026-08-11 16:17:18,823 [ERROR] LogOutputStream:75 - [STDERR_REDIRECT] Aug 11, 2026 4:17:18 PM java.util.prefs.FileSystemPreferences syncWorld
2026-08-11 16:17:18,823 [ERROR] LogOutputStream:75 - [STDERR_REDIRECT] WARNING: Couldn't flush system prefs: java.util.prefs.BackingStoreException: Couldn't get file lock.
2026-08-11 16:17:18,823 [ERROR] LogOutputStream:75 - [STDERR_REDIRECT] 
2026-08-11 16:17:48,822 [ERROR] LogOutputStream:75 - [STDERR_REDIRECT] Aug 11, 2026 4:17:48 PM java.util.prefs.FileSystemPreferences checkLockFile0ErrorCode
2026-08-11 16:17:48,822 [ERROR] LogOutputStream:75 - [STDERR_REDIRECT] WARNING: Could not lock System prefs. Unix error code 2.
2026-08-11 16:17:48,822 [ERROR] LogOutputStream:75 - [STDERR_REDIRECT] 
2026-08-11 16:17:48,822 [ERROR] LogOutputStream:75 - [STDERR_REDIRECT] Aug 11, 2026 4:17:48 PM java.util.prefs.FileSystemPreferences syncWorld
2026-08-11 16:17:48,823 [ERROR] LogOutputStream:75 - [STDERR_REDIRECT] WARNING: Couldn't flush system prefs: java.util.prefs.BackingStoreException: Couldn't get file lock.
2026-08-11 16:17:48,823 [ERROR] LogOutputStream:75 - [STDERR_REDIRECT] 
2026-08-11 16:18:18,822 [ERROR] LogOutputStream:75 - [STDERR_REDIRECT] Aug 11, 2026 4:18:18 PM java.util.prefs.FileSystemPreferences checkLockFile0ErrorCode
2026-08-11 16:18:18,822 [ERROR] LogOutputStream:75 - [STDERR_REDIRECT] WARNING: Could not lock System prefs. Unix error code 2.
2026-08-11 16:18:18,822 [ERROR] LogOutputStream:75 - [STDERR_REDIRECT] 
2026-08-11 16:18:18,822 [ERROR] LogOutputStream:75 - [STDERR_REDIRECT] Aug 11, 2026 4:18:18 PM java.util.prefs.FileSystemPreferences syncWorld
2026-08-11 16:18:18,822 [ERROR] LogOutputStream:75 - [STDERR_REDIRECT] WARNING: Couldn't flush system prefs: java.util.prefs.BackingStoreException: Couldn't get file lock.
2026-08-11 16:18:18,822 [ERROR] LogOutputStream:75 - [STDERR_REDIRECT] 
2026-08-11 16:18:48,822 [ERROR] LogOutputStream:75 - [STDERR_REDIRECT] Aug 11, 2026 4:18:48 PM java.util.prefs.FileSystemPreferences checkLockFile0ErrorCode
2026-08-11 16:18:48,822 [ERROR] LogOutputStream:75 - [STDERR_REDIRECT] WARNING: Could not lock System prefs. Unix error code 2.
2026-08-11 16:18:48,823 [ERROR] LogOutputStream:75 - [STDERR_REDIRECT] 
2026-08-11 16:18:48,823 [ERROR] LogOutputStream:75 - [STDERR_REDIRECT] Aug 11, 2026 4:18:48 PM java.util.prefs.FileSystemPreferences syncWorld
2026-08-11 16:18:48,823 [ERROR] LogOutputStream:75 - [STDERR_REDIRECT] WARNING: Couldn't flush system prefs: java.util.prefs.BackingStoreException: Couldn't get file lock.
2026-08-11 16:18:48,823 [ERROR] LogOutputStream:75 - [STDERR_REDIRECT] 
2026-08-11 16:19:18,822 [ERROR] LogOutputStream:75 - [STDERR_REDIRECT] Aug 11, 2026 4:19:18 PM java.util.prefs.FileSystemPreferences checkLockFile0ErrorCode
2026-08-11 16:19:18,822 [ERROR] LogOutputStream:75 - [STDERR_REDIRECT] WARNING: Could not lock System prefs. Unix error code 2.
2026-08-11 16:19:18,823 [ERROR] LogOutputStream:75 - [STDERR_REDIRECT] 
2026-08-11 16:19:18,823 [ERROR] LogOutputStream:75 - [STDERR_REDIRECT] Aug 11, 2026 4:19:18 PM java.util.prefs.FileSystemPreferences syncWorld
2026-08-11 16:19:18,823 [ERROR] LogOutputStream:75 - [STDERR_REDIRECT] WARNING: Couldn't flush system prefs: java.util.prefs.BackingStoreException: Couldn't get file lock.
2026-08-11 16:19:18,823 [ERROR] LogOutputStream:75 - [STDERR_REDIRECT] 
2026-08-11 16:19:48,822 [ERROR] LogOutputStream:75 - [STDERR_REDIRECT] Aug 11, 2026 4:19:48 PM java.util.prefs.FileSystemPreferences checkLockFile0ErrorCode
2026-08-11 16:19:48,822 [ERROR] LogOutputStream:75 - [STDERR_REDIRECT] WARNING: Could not lock System prefs. Unix error code 2.
2026-08-11 16:19:48,822 [ERROR] LogOutputStream:75 - [STDERR_REDIRECT] 
2026-08-11 16:19:48,822 [ERROR] LogOutputStream:75 - [STDERR_REDIRECT] Aug 11, 2026 4:19:48 PM java.util.prefs.FileSystemPreferences syncWorld
2026-08-11 16:19:48,823 [ERROR] LogOutputStream:75 - [STDERR_REDIRECT] WARNING: Couldn't flush system prefs: java.util.prefs.BackingStoreException: Couldn't get file lock.
2026-08-11 16:19:48,823 [ERROR] LogOutputStream:75 - [STDERR_REDIRECT] 
2026-08-11 16:20:18,822 [ERROR] LogOutputStream:75 - [STDERR_REDIRECT] Aug 11, 2026 4:20:18 PM java.util.prefs.FileSystemPreferences checkLockFile0ErrorCode
2026-08-11 16:20:18,822 [ERROR] LogOutputStream:75 - [STDERR_REDIRECT] WARNING: Could not lock System prefs. Unix error code 2.
2026-08-11 16:20:18,822 [ERROR] LogOutputStream:75 - [STDERR_REDIRECT] 
2026-08-11 16:20:18,822 [ERROR] LogOutputStream:75 - [STDERR_REDIRECT] Aug 11, 2026 4:20:18 PM java.util.prefs.FileSystemPreferences syncWorld
2026-08-11 16:20:18,822 [ERROR] LogOutputStream:75 - [STDERR_REDIRECT] WARNING: Couldn't flush system prefs: java.util.prefs.BackingStoreException: Couldn't get file lock.
2026-08-11 16:20:18,822 [ERROR] LogOutputStream:75 - [STDERR_REDIRECT] 
2026-08-11 16:20:48,823 [ERROR] LogOutputStream:75 - [STDERR_REDIRECT] Aug 11, 2026 4:20:48 PM java.util.prefs.FileSystemPreferences checkLockFile0ErrorCode
2026-08-11 16:20:48,824 [ERROR] LogOutputStream:75 - [STDERR_REDIRECT] WARNING: Could not lock System prefs. Unix error code 2.
2026-08-11 16:20:48,824 [ERROR] LogOutputStream:75 - [STDERR_REDIRECT] 
2026-08-11 16:20:48,824 [ERROR] LogOutputStream:75 - [STDERR_REDIRECT] Aug 11, 2026 4:20:48 PM java.util.prefs.FileSystemPreferences syncWorld
2026-08-11 16:20:48,825 [ERROR] LogOutputStream:75 - [STDERR_REDIRECT] WARNING: Couldn't flush system prefs: java.util.prefs.BackingStoreException: Couldn't get file lock.
2026-08-11 16:20:48,825 [ERROR] LogOutputStream:75 - [STDERR_REDIRECT] 
2026-08-11 16:21:18,824 [ERROR] LogOutputStream:75 - [STDERR_REDIRECT] Aug 11, 2026 4:21:18 PM java.util.prefs.FileSystemPreferences checkLockFile0ErrorCode
2026-08-11 16:21:18,824 [ERROR] LogOutputStream:75 - [STDERR_REDIRECT] WARNING: Could not lock System prefs. Unix error code 2.
2026-08-11 16:21:18,824 [ERROR] LogOutputStream:75 - [STDERR_REDIRECT] 
2026-08-11 16:21:18,825 [ERROR] LogOutputStream:75 - [STDERR_REDIRECT] Aug 11, 2026 4:21:18 PM java.util.prefs.FileSystemPreferences syncWorld
2026-08-11 16:21:18,825 [ERROR] LogOutputStream:75 - [STDERR_REDIRECT] WARNING: Couldn't flush system prefs: java.util.prefs.BackingStoreException: Couldn't get file lock.
2026-08-11 16:21:18,825 [ERROR] LogOutputStream:75 - [STDERR_REDIRECT] 
2026-08-11 16:21:48,824 [ERROR] LogOutputStream:75 - [STDERR_REDIRECT] Aug 11, 2026 4:21:48 PM java.util.prefs.FileSystemPreferences checkLockFile0ErrorCode
2026-08-11 16:21:48,824 [ERROR] LogOutputStream:75 - [STDERR_REDIRECT] WARNING: Could not lock System prefs. Unix error code 2.
2026-08-11 16:21:48,824 [ERROR] LogOutputStream:75 - [STDERR_REDIRECT] 
2026-08-11 16:21:48,824 [ERROR] LogOutputStream:75 - [STDERR_REDIRECT] Aug 11, 2026 4:21:48 PM java.util.prefs.FileSystemPreferences syncWorld
2026-08-11 16:21:48,824 [ERROR] LogOutputStream:75 - [STDERR_REDIRECT] WARNING: Couldn't flush system prefs: java.util.prefs.BackingStoreException: Couldn't get file lock.
2026-08-11 16:21:48,824 [ERROR] LogOutputStream:75 - [STDERR_REDIRECT] 
2026-08-11 16:22:18,824 [ERROR] LogOutputStream:75 - [STDERR_REDIRECT] Aug 11, 2026 4:22:18 PM java.util.prefs.FileSystemPreferences checkLockFile0ErrorCode
2026-08-11 16:22:18,825 [ERROR] LogOutputStream:75 - [STDERR_REDIRECT] WARNING: Could not lock System prefs. Unix error code 2.
2026-08-11 16:22:18,825 [ERROR] LogOutputStream:75 - [STDERR_REDIRECT] 
2026-08-11 16:22:18,825 [ERROR] LogOutputStream:75 - [STDERR_REDIRECT] Aug 11, 2026 4:22:18 PM java.util.prefs.FileSystemPreferences syncWorld
2026-08-11 16:22:18,825 [ERROR] LogOutputStream:75 - [STDERR_REDIRECT] WARNING: Couldn't flush system prefs: java.util.prefs.BackingStoreException: Couldn't get file lock.
2026-08-11 16:22:18,825 [ERROR] LogOutputStream:75 - [STDERR_REDIRECT] 
2026-08-11 16:22:48,825 [ERROR] LogOutputStream:75 - [STDERR_REDIRECT] Aug 11, 2026 4:22:48 PM java.util.prefs.FileSystemPreferences checkLockFile0ErrorCode
2026-08-11 16:22:48,826 [ERROR] LogOutputStream:75 - [STDERR_REDIRECT] WARNING: Could not lock System prefs. Unix error code 2.
2026-08-11 16:22:48,826 [ERROR] LogOutputStream:75 - [STDERR_REDIRECT] 
2026-08-11 16:22:48,826 [ERROR] LogOutputStream:75 - [STDERR_REDIRECT] Aug 11, 2026 4:22:48 PM java.util.prefs.FileSystemPreferences syncWorld
2026-08-11 16:22:48,826 [ERROR] LogOutputStream:75 - [STDERR_REDIRECT] WARNING: Couldn't flush system prefs: java.util.prefs.BackingStoreException: Couldn't get file lock.
2026-08-11 16:22:48,827 [ERROR] LogOutputStream:75 - [STDERR_REDIRECT] 
2026-08-11 16:23:18,826 [ERROR] LogOutputStream:75 - [STDERR_REDIRECT] Aug 11, 2026 4:23:18 PM java.util.prefs.FileSystemPreferences checkLockFile0ErrorCode
2026-08-11 16:23:18,826 [ERROR] LogOutputStream:75 - [STDERR_REDIRECT] WARNING: Could not lock System prefs. Unix error code 2.
2026-08-11 16:23:18,826 [ERROR] LogOutputStream:75 - [STDERR_REDIRECT] 
2026-08-11 16:23:18,826 [ERROR] LogOutputStream:75 - [STDERR_REDIRECT] Aug 11, 2026 4:23:18 PM java.util.prefs.FileSystemPreferences syncWorld
2026-08-11 16:23:18,826 [ERROR] LogOutputStream:75 - [STDERR_REDIRECT] WARNING: Couldn't flush system prefs: java.util.prefs.BackingStoreException: Couldn't get file lock.
2026-08-11 16:23:18,827 [ERROR] LogOutputStream:75 - [STDERR_REDIRECT] 
2026-08-11 16:23:48,825 [ERROR] LogOutputStream:75 - [STDERR_REDIRECT] Aug 11, 2026 4:23:48 PM java.util.prefs.FileSystemPreferences checkLockFile0ErrorCode
2026-08-11 16:23:48,825 [ERROR] LogOutputStream:75 - [STDERR_REDIRECT] WARNING: Could not lock System prefs. Unix error code 2.
2026-08-11 16:23:48,827 [ERROR] LogOutputStream:75 - [STDERR_REDIRECT] 
2026-08-11 16:23:48,827 [ERROR] LogOutputStream:75 - [STDERR_REDIRECT] Aug 11, 2026 4:23:48 PM java.util.prefs.FileSystemPreferences syncWorld
2026-08-11 16:23:48,827 [ERROR] LogOutputStream:75 - [STDERR_REDIRECT] WARNING: Couldn't flush system prefs: java.util.prefs.BackingStoreException: Couldn't get file lock.
2026-08-11 16:23:48,827 [ERROR] LogOutputStream:75 - [STDERR_REDIRECT] 
2026-08-11 16:24:00,107 [INFO] WebApp:194 - Connection lost
2026-08-11 16:24:02,895 [INFO] WebApp:191 - Connection restablished
2026-08-11 16:24:18,826 [ERROR] LogOutputStream:75 - [STDERR_REDIRECT] Aug 11, 2026 4:24:18 PM java.util.prefs.FileSystemPreferences checkLockFile0ErrorCode
2026-08-11 16:24:18,827 [ERROR] LogOutputStream:75 - [STDERR_REDIRECT] WARNING: Could not lock System prefs. Unix error code 2.
2026-08-11 16:24:18,827 [ERROR] LogOutputStream:75 - [STDERR_REDIRECT] 
2026-08-11 16:24:18,827 [ERROR] LogOutputStream:75 - [STDERR_REDIRECT] Aug 11, 2026 4:24:18 PM java.util.prefs.FileSystemPreferences syncWorld
2026-08-11 16:24:18,827 [ERROR] LogOutputStream:75 - [STDERR_REDIRECT] WARNING: Couldn't flush system prefs: java.util.prefs.BackingStoreException: Couldn't get file lock.
2026-08-11 16:24:18,827 [ERROR] LogOutputStream:75 - [STDERR_REDIRECT] 
2026-08-11 16:24:48,826 [ERROR] LogOutputStream:75 - [STDERR_REDIRECT] Aug 11, 2026 4:24:48 PM java.util.prefs.FileSystemPreferences checkLockFile0ErrorCode
2026-08-11 16:24:48,826 [ERROR] LogOutputStream:75 - [STDERR_REDIRECT] WARNING: Could not lock System prefs. Unix error code 2.
2026-08-11 16:24:48,826 [ERROR] LogOutputStream:75 - [STDERR_REDIRECT] 
2026-08-11 16:24:48,827 [ERROR] LogOutputStream:75 - [STDERR_REDIRECT] Aug 11, 2026 4:24:48 PM java.util.prefs.FileSystemPreferences syncWorld
2026-08-11 16:24:48,827 [ERROR] LogOutputStream:75 - [STDERR_REDIRECT] WARNING: Couldn't flush system prefs: java.util.prefs.BackingStoreException: Couldn't get file lock.
2026-08-11 16:24:48,827 [ERROR] LogOutputStream:75 - [STDERR_REDIRECT] 
2026-08-11 16:25:18,826 [ERROR] LogOutputStream:75 - [STDERR_REDIRECT] Aug 11, 2026 4:25:18 PM java.util.prefs.FileSystemPreferences checkLockFile0ErrorCode
2026-08-11 16:25:18,826 [ERROR] LogOutputStream:75 - [STDERR_REDIRECT] WARNING: Could not lock System prefs. Unix error code 2.
2026-08-11 16:25:18,826 [ERROR] LogOutputStream:75 - [STDERR_REDIRECT] 
2026-08-11 16:25:18,827 [ERROR] LogOutputStream:75 - [STDERR_REDIRECT] Aug 11, 2026 4:25:18 PM java.util.prefs.FileSystemPreferences syncWorld
2026-08-11 16:25:18,827 [ERROR] LogOutputStream:75 - [STDERR_REDIRECT] WARNING: Couldn't flush system prefs: java.util.prefs.BackingStoreException: Couldn't get file lock.
2026-08-11 16:25:18,827 [ERROR] LogOutputStream:75 - [STDERR_REDIRECT] 
2026-08-11 16:25:48,825 [ERROR] LogOutputStream:75 - [STDERR_REDIRECT] Aug 11, 2026 4:25:48 PM java.util.prefs.FileSystemPreferences checkLockFile0ErrorCode
2026-08-11 16:25:48,826 [ERROR] LogOutputStream:75 - [STDERR_REDIRECT] WARNING: Could not lock System prefs. Unix error code 2.
2026-08-11 16:25:48,826 [ERROR] LogOutputStream:75 - [STDERR_REDIRECT] 
2026-08-11 16:25:48,826 [ERROR] LogOutputStream:75 - [STDERR_REDIRECT] Aug 11, 2026 4:25:48 PM java.util.prefs.FileSystemPreferences syncWorld
2026-08-11 16:25:48,826 [ERROR] LogOutputStream:75 - [STDERR_REDIRECT] WARNING: Couldn't flush system prefs: java.util.prefs.BackingStoreException: Couldn't get file lock.
2026-08-11 16:25:48,826 [ERROR] LogOutputStream:75 - [STDERR_REDIRECT] 
2026-08-11 16:26:18,826 [ERROR] LogOutputStream:75 - [STDERR_REDIRECT] Aug 11, 2026 4:26:18 PM java.util.prefs.FileSystemPreferences checkLockFile0ErrorCode
2026-08-11 16:26:18,826 [ERROR] LogOutputStream:75 - [STDERR_REDIRECT] WARNING: Could not lock System prefs. Unix error code 2.
2026-08-11 16:26:18,826 [ERROR] LogOutputStream:75 - [STDERR_REDIRECT] 
2026-08-11 16:26:18,827 [ERROR] LogOutputStream:75 - [STDERR_REDIRECT] Aug 11, 2026 4:26:18 PM java.util.prefs.FileSystemPreferences syncWorld
2026-08-11 16:26:18,827 [ERROR] LogOutputStream:75 - [STDERR_REDIRECT] WARNING: Couldn't flush system prefs: java.util.prefs.BackingStoreException: Couldn't get file lock.
2026-08-11 16:26:18,827 [ERROR] LogOutputStream:75 - [STDERR_REDIRECT] 
2026-08-11 16:26:48,826 [ERROR] LogOutputStream:75 - [STDERR_REDIRECT] Aug 11, 2026 4:26:48 PM java.util.prefs.FileSystemPreferences checkLockFile0ErrorCode
2026-08-11 16:26:48,826 [ERROR] LogOutputStream:75 - [STDERR_REDIRECT] WARNING: Could not lock System prefs. Unix error code 2.
2026-08-11 16:26:48,826 [ERROR] LogOutputStream:75 - [STDERR_REDIRECT] 
2026-08-11 16:26:48,826 [ERROR] LogOutputStream:75 - [STDERR_REDIRECT] Aug 11, 2026 4:26:48 PM java.util.prefs.FileSystemPreferences syncWorld
2026-08-11 16:26:48,827 [ERROR] LogOutputStream:75 - [STDERR_REDIRECT] WARNING: Couldn't flush system prefs: java.util.prefs.BackingStoreException: Couldn't get file lock.
2026-08-11 16:26:48,827 [ERROR] LogOutputStream:75 - [STDERR_REDIRECT] 
2026-08-11 16:27:18,827 [ERROR] LogOutputStream:75 - [STDERR_REDIRECT] Aug 11, 2026 4:27:18 PM java.util.prefs.FileSystemPreferences checkLockFile0ErrorCode
2026-08-11 16:27:18,827 [ERROR] LogOutputStream:75 - [STDERR_REDIRECT] WARNING: Could not lock System prefs. Unix error code 2.
2026-08-11 16:27:18,828 [ERROR] LogOutputStream:75 - [STDERR_REDIRECT] 
2026-08-11 16:27:18,828 [ERROR] LogOutputStream:75 - [STDERR_REDIRECT] Aug 11, 2026 4:27:18 PM java.util.prefs.FileSystemPreferences syncWorld
2026-08-11 16:27:18,828 [ERROR] LogOutputStream:75 - [STDERR_REDIRECT] WARNING: Couldn't flush system prefs: java.util.prefs.BackingStoreException: Couldn't get file lock.
2026-08-11 16:27:18,828 [ERROR] LogOutputStream:75 - [STDERR_REDIRECT] 
2026-08-11 16:27:48,826 [ERROR] LogOutputStream:75 - [STDERR_REDIRECT] Aug 11, 2026 4:27:48 PM java.util.prefs.FileSystemPreferences checkLockFile0ErrorCode
2026-08-11 16:27:48,826 [ERROR] LogOutputStream:75 - [STDERR_REDIRECT] WARNING: Could not lock System prefs. Unix error code 2.
2026-08-11 16:27:48,826 [ERROR] LogOutputStream:75 - [STDERR_REDIRECT] 
2026-08-11 16:27:48,826 [ERROR] LogOutputStream:75 - [STDERR_REDIRECT] Aug 11, 2026 4:27:48 PM java.util.prefs.FileSystemPreferences syncWorld
2026-08-11 16:27:48,826 [ERROR] LogOutputStream:75 - [STDERR_REDIRECT] WARNING: Couldn't flush system prefs: java.util.prefs.BackingStoreException: Couldn't get file lock.
2026-08-11 16:27:48,827 [ERROR] LogOutputStream:75 - [STDERR_REDIRECT] 
2026-08-11 16:28:18,826 [ERROR] LogOutputStream:75 - [STDERR_REDIRECT] Aug 11, 2026 4:28:18 PM java.util.prefs.FileSystemPreferences checkLockFile0ErrorCode
2026-08-11 16:28:18,826 [ERROR] LogOutputStream:75 - [STDERR_REDIRECT] WARNING: Could not lock System prefs. Unix error code 2.
2026-08-11 16:28:18,826 [ERROR] LogOutputStream:75 - [STDERR_REDIRECT] 
2026-08-11 16:28:18,826 [ERROR] LogOutputStream:75 - [STDERR_REDIRECT] Aug 11, 2026 4:28:18 PM java.util.prefs.FileSystemPreferences syncWorld
2026-08-11 16:28:18,826 [ERROR] LogOutputStream:75 - [STDERR_REDIRECT] WARNING: Couldn't flush system prefs: java.util.prefs.BackingStoreException: Couldn't get file lock.
2026-08-11 16:28:18,826 [ERROR] LogOutputStream:75 - [STDERR_REDIRECT] 
2026-08-11 16:28:48,826 [ERROR] LogOutputStream:75 - [STDERR_REDIRECT] Aug 11, 2026 4:28:48 PM java.util.prefs.FileSystemPreferences checkLockFile0ErrorCode
2026-08-11 16:28:48,827 [ERROR] LogOutputStream:75 - [STDERR_REDIRECT] WARNING: Could not lock System prefs. Unix error code 2.
2026-08-11 16:28:48,827 [ERROR] LogOutputStream:75 - [STDERR_REDIRECT] 
2026-08-11 16:28:48,827 [ERROR] LogOutputStream:75 - [STDERR_REDIRECT] Aug 11, 2026 4:28:48 PM java.util.prefs.FileSystemPreferences syncWorld
2026-08-11 16:28:48,827 [ERROR] LogOutputStream:75 - [STDERR_REDIRECT] WARNING: Couldn't flush system prefs: java.util.prefs.BackingStoreException: Couldn't get file lock.
2026-08-11 16:28:48,828 [ERROR] LogOutputStream:75 - [STDERR_REDIRECT] 
2026-08-11 16:29:06,848 [INFO] WebApp:194 - Connection lost
2026-08-11 16:29:07,247 [INFO] WebApp:191 - Connection restablished
2026-08-11 16:29:18,827 [ERROR] LogOutputStream:75 - [STDERR_REDIRECT] Aug 11, 2026 4:29:18 PM java.util.prefs.FileSystemPreferences checkLockFile0ErrorCode
2026-08-11 16:29:18,827 [ERROR] LogOutputStream:75 - [STDERR_REDIRECT] WARNING: Could not lock System prefs. Unix error code 2.
2026-08-11 16:29:18,827 [ERROR] LogOutputStream:75 - [STDERR_REDIRECT] 
2026-08-11 16:29:18,828 [ERROR] LogOutputStream:75 - [STDERR_REDIRECT] Aug 11, 2026 4:29:18 PM java.util.prefs.FileSystemPreferences syncWorld
2026-08-11 16:29:18,828 [ERROR] LogOutputStream:75 - [STDERR_REDIRECT] WARNING: Couldn't flush system prefs: java.util.prefs.BackingStoreException: Couldn't get file lock.
2026-08-11 16:29:18,828 [ERROR] LogOutputStream:75 - [STDERR_REDIRECT] 
2026-08-11 16:29:48,826 [ERROR] LogOutputStream:75 - [STDERR_REDIRECT] Aug 11, 2026 4:29:48 PM java.util.prefs.FileSystemPreferences checkLockFile0ErrorCode
2026-08-11 16:29:48,827 [ERROR] LogOutputStream:75 - [STDERR_REDIRECT] WARNING: Could not lock System prefs. Unix error code 2.
2026-08-11 16:29:48,827 [ERROR] LogOutputStream:75 - [STDERR_REDIRECT] 
2026-08-11 16:29:48,827 [ERROR] LogOutputStream:75 - [STDERR_REDIRECT] Aug 11, 2026 4:29:48 PM java.util.prefs.FileSystemPreferences syncWorld
2026-08-11 16:29:48,827 [ERROR] LogOutputStream:75 - [STDERR_REDIRECT] WARNING: Couldn't flush system prefs: java.util.prefs.BackingStoreException: Couldn't get file lock.
2026-08-11 16:29:48,827 [ERROR] LogOutputStream:75 - [STDERR_REDIRECT] 
2026-08-11 16:30:18,827 [ERROR] LogOutputStream:75 - [STDERR_REDIRECT] Aug 11, 2026 4:30:18 PM java.util.prefs.FileSystemPreferences checkLockFile0ErrorCode
2026-08-11 16:30:18,827 [ERROR] LogOutputStream:75 - [STDERR_REDIRECT] WARNING: Could not lock System prefs. Unix error code 2.
2026-08-11 16:30:18,828 [ERROR] LogOutputStream:75 - [STDERR_REDIRECT] 
2026-08-11 16:30:18,828 [ERROR] LogOutputStream:75 - [STDERR_REDIRECT] Aug 11, 2026 4:30:18 PM java.util.prefs.FileSystemPreferences syncWorld
2026-08-11 16:30:18,828 [ERROR] LogOutputStream:75 - [STDERR_REDIRECT] WARNING: Couldn't flush system prefs: java.util.prefs.BackingStoreException: Couldn't get file lock.
2026-08-11 16:30:18,828 [ERROR] LogOutputStream:75 - [STDERR_REDIRECT] 
2026-08-11 16:30:48,828 [ERROR] LogOutputStream:75 - [STDERR_REDIRECT] Aug 11, 2026 4:30:48 PM java.util.prefs.FileSystemPreferences checkLockFile0ErrorCode
2026-08-11 16:30:48,828 [ERROR] LogOutputStream:75 - [STDERR_REDIRECT] WARNING: Could not lock System prefs. Unix error code 2.
2026-08-11 16:30:48,828 [ERROR] LogOutputStream:75 - [STDERR_REDIRECT] 
2026-08-11 16:30:48,828 [ERROR] LogOutputStream:75 - [STDERR_REDIRECT] Aug 11, 2026 4:30:48 PM java.util.prefs.FileSystemPreferences syncWorld
2026-08-11 16:30:48,828 [ERROR] LogOutputStream:75 - [STDERR_REDIRECT] WARNING: Couldn't flush system prefs: java.util.prefs.BackingStoreException: Couldn't get file lock.
2026-08-11 16:30:48,828 [ERROR] LogOutputStream:75 - [STDERR_REDIRECT] 
2026-08-11 16:31:18,828 [ERROR] LogOutputStream:75 - [STDERR_REDIRECT] Aug 11, 2026 4:31:18 PM java.util.prefs.FileSystemPreferences checkLockFile0ErrorCode
2026-08-11 16:31:18,828 [ERROR] LogOutputStream:75 - [STDERR_REDIRECT] WARNING: Could not lock System prefs. Unix error code 2.
2026-08-11 16:31:18,828 [ERROR] LogOutputStream:75 - [STDERR_REDIRECT] 
2026-08-11 16:31:18,828 [ERROR] LogOutputStream:75 - [STDERR_REDIRECT] Aug 11, 2026 4:31:18 PM java.util.prefs.FileSystemPreferences syncWorld
2026-08-11 16:31:18,828 [ERROR] LogOutputStream:75 - [STDERR_REDIRECT] WARNING: Couldn't flush system prefs: java.util.prefs.BackingStoreException: Couldn't get file lock.
2026-08-11 16:31:18,828 [ERROR] LogOutputStream:75 - [STDERR_REDIRECT] 
2026-08-11 16:31:48,828 [ERROR] LogOutputStream:75 - [STDERR_REDIRECT] Aug 11, 2026 4:31:48 PM java.util.prefs.FileSystemPreferences checkLockFile0ErrorCode
2026-08-11 16:31:48,829 [ERROR] LogOutputStream:75 - [STDERR_REDIRECT] WARNING: Could not lock System prefs. Unix error code 2.
2026-08-11 16:31:48,829 [ERROR] LogOutputStream:75 - [STDERR_REDIRECT] 
2026-08-11 16:31:48,830 [ERROR] LogOutputStream:75 - [STDERR_REDIRECT] Aug 11, 2026 4:31:48 PM java.util.prefs.FileSystemPreferences syncWorld
2026-08-11 16:31:48,830 [ERROR] LogOutputStream:75 - [STDERR_REDIRECT] WARNING: Couldn't flush system prefs: java.util.prefs.BackingStoreException: Couldn't get file lock.
2026-08-11 16:31:48,830 [ERROR] LogOutputStream:75 - [STDERR_REDIRECT] 
2026-08-11 16:32:18,827 [ERROR] LogOutputStream:75 - [STDERR_REDIRECT] Aug 11, 2026 4:32:18 PM java.util.prefs.FileSystemPreferences checkLockFile0ErrorCode
2026-08-11 16:32:18,828 [ERROR] LogOutputStream:75 - [STDERR_REDIRECT] WARNING: Could not lock System prefs. Unix error code 2.
2026-08-11 16:32:18,828 [ERROR] LogOutputStream:75 - [STDERR_REDIRECT] 
2026-08-11 16:32:18,828 [ERROR] LogOutputStream:75 - [STDERR_REDIRECT] Aug 11, 2026 4:32:18 PM java.util.prefs.FileSystemPreferences syncWorld
2026-08-11 16:32:18,828 [ERROR] LogOutputStream:75 - [STDERR_REDIRECT] WARNING: Couldn't flush system prefs: java.util.prefs.BackingStoreException: Couldn't get file lock.
2026-08-11 16:32:18,829 [ERROR] LogOutputStream:75 - [STDERR_REDIRECT] 
2026-08-11 16:32:48,828 [ERROR] LogOutputStream:75 - [STDERR_REDIRECT] Aug 11, 2026 4:32:48 PM java.util.prefs.FileSystemPreferences checkLockFile0ErrorCode
2026-08-11 16:32:48,829 [ERROR] LogOutputStream:75 - [STDERR_REDIRECT] WARNING: Could not lock System prefs. Unix error code 2.
2026-08-11 16:32:48,829 [ERROR] LogOutputStream:75 - [STDERR_REDIRECT] 
2026-08-11 16:32:48,830 [ERROR] LogOutputStream:75 - [STDERR_REDIRECT] Aug 11, 2026 4:32:48 PM java.util.prefs.FileSystemPreferences syncWorld
2026-08-11 16:32:48,830 [ERROR] LogOutputStream:75 - [STDERR_REDIRECT] WARNING: Couldn't flush system prefs: java.util.prefs.BackingStoreException: Couldn't get file lock.
2026-08-11 16:32:48,830 [ERROR] LogOutputStream:75 - [STDERR_REDIRECT] 
2026-08-11 16:33:18,828 [ERROR] LogOutputStream:75 - [STDERR_REDIRECT] Aug 11, 2026 4:33:18 PM java.util.prefs.FileSystemPreferences checkLockFile0ErrorCode
2026-08-11 16:33:18,828 [ERROR] LogOutputStream:75 - [STDERR_REDIRECT] WARNING: Could not lock System prefs. Unix error code 2.
2026-08-11 16:33:18,828 [ERROR] LogOutputStream:75 - [STDERR_REDIRECT] 
2026-08-11 16:33:18,828 [ERROR] LogOutputStream:75 - [STDERR_REDIRECT] Aug 11, 2026 4:33:18 PM java.util.prefs.FileSystemPreferences syncWorld
2026-08-11 16:33:18,828 [ERROR] LogOutputStream:75 - [STDERR_REDIRECT] WARNING: Couldn't flush system prefs: java.util.prefs.BackingStoreException: Couldn't get file lock.
2026-08-11 16:33:18,828 [ERROR] LogOutputStream:75 - [STDERR_REDIRECT] 
2026-08-11 16:33:48,827 [ERROR] LogOutputStream:75 - [STDERR_REDIRECT] Aug 11, 2026 4:33:48 PM java.util.prefs.FileSystemPreferences checkLockFile0ErrorCode
2026-08-11 16:33:48,827 [ERROR] LogOutputStream:75 - [STDERR_REDIRECT] WARNING: Could not lock System prefs. Unix error code 2.
2026-08-11 16:33:48,827 [ERROR] LogOutputStream:75 - [STDERR_REDIRECT] 
2026-08-11 16:33:48,828 [ERROR] LogOutputStream:75 - [STDERR_REDIRECT] Aug 11, 2026 4:33:48 PM java.util.prefs.FileSystemPreferences syncWorld
2026-08-11 16:33:48,828 [ERROR] LogOutputStream:75 - [STDERR_REDIRECT] WARNING: Couldn't flush system prefs: java.util.prefs.BackingStoreException: Couldn't get file lock.
2026-08-11 16:33:48,828 [ERROR] LogOutputStream:75 - [STDERR_REDIRECT] 
2026-08-11 16:34:18,827 [ERROR] LogOutputStream:75 - [STDERR_REDIRECT] Aug 11, 2026 4:34:18 PM java.util.prefs.FileSystemPreferences checkLockFile0ErrorCode
2026-08-11 16:34:18,827 [ERROR] LogOutputStream:75 - [STDERR_REDIRECT] WARNING: Could not lock System prefs. Unix error code 2.
2026-08-11 16:34:18,827 [ERROR] LogOutputStream:75 - [STDERR_REDIRECT] 
2026-08-11 16:34:18,828 [ERROR] LogOutputStream:75 - [STDERR_REDIRECT] Aug 11, 2026 4:34:18 PM java.util.prefs.FileSystemPreferences syncWorld
2026-08-11 16:34:18,828 [ERROR] LogOutputStream:75 - [STDERR_REDIRECT] WARNING: Couldn't flush system prefs: java.util.prefs.BackingStoreException: Couldn't get file lock.
2026-08-11 16:34:18,828 [ERROR] LogOutputStream:75 - [STDERR_REDIRECT] 
2026-08-11 16:34:48,828 [ERROR] LogOutputStream:75 - [STDERR_REDIRECT] Aug 11, 2026 4:34:48 PM java.util.prefs.FileSystemPreferences checkLockFile0ErrorCode
2026-08-11 16:34:48,829 [ERROR] LogOutputStream:75 - [STDERR_REDIRECT] WARNING: Could not lock System prefs. Unix error code 2.
2026-08-11 16:34:48,829 [ERROR] LogOutputStream:75 - [STDERR_REDIRECT] 
2026-08-11 16:34:48,829 [ERROR] LogOutputStream:75 - [STDERR_REDIRECT] Aug 11, 2026 4:34:48 PM java.util.prefs.FileSystemPreferences syncWorld
2026-08-11 16:34:48,830 [ERROR] LogOutputStream:75 - [STDERR_REDIRECT] WARNING: Couldn't flush system prefs: java.util.prefs.BackingStoreException: Couldn't get file lock.
2026-08-11 16:34:48,830 [ERROR] LogOutputStream:75 - [STDERR_REDIRECT] 
2026-08-11 16:35:18,828 [ERROR] LogOutputStream:75 - [STDERR_REDIRECT] Aug 11, 2026 4:35:18 PM java.util.prefs.FileSystemPreferences checkLockFile0ErrorCode
2026-08-11 16:35:18,829 [ERROR] LogOutputStream:75 - [STDERR_REDIRECT] WARNING: Could not lock System prefs. Unix error code 2.
2026-08-11 16:35:18,829 [ERROR] LogOutputStream:75 - [STDERR_REDIRECT] 
2026-08-11 16:35:18,829 [ERROR] LogOutputStream:75 - [STDERR_REDIRECT] Aug 11, 2026 4:35:18 PM java.util.prefs.FileSystemPreferences syncWorld
2026-08-11 16:35:18,829 [ERROR] LogOutputStream:75 - [STDERR_REDIRECT] WARNING: Couldn't flush system prefs: java.util.prefs.BackingStoreException: Couldn't get file lock.
2026-08-11 16:35:18,830 [ERROR] LogOutputStream:75 - [STDERR_REDIRECT] 
2026-08-11 16:35:48,827 [ERROR] LogOutputStream:75 - [STDERR_REDIRECT] Aug 11, 2026 4:35:48 PM java.util.prefs.FileSystemPreferences checkLockFile0ErrorCode
2026-08-11 16:35:48,828 [ERROR] LogOutputStream:75 - [STDERR_REDIRECT] WARNING: Could not lock System prefs. Unix error code 2.
2026-08-11 16:35:48,828 [ERROR] LogOutputStream:75 - [STDERR_REDIRECT] 
2026-08-11 16:35:48,828 [ERROR] LogOutputStream:75 - [STDERR_REDIRECT] Aug 11, 2026 4:35:48 PM java.util.prefs.FileSystemPreferences syncWorld
2026-08-11 16:35:48,828 [ERROR] LogOutputStream:75 - [STDERR_REDIRECT] WARNING: Couldn't flush system prefs: java.util.prefs.BackingStoreException: Couldn't get file lock.
2026-08-11 16:35:48,828 [ERROR] LogOutputStream:75 - [STDERR_REDIRECT] 
2026-08-11 16:36:18,828 [ERROR] LogOutputStream:75 - [STDERR_REDIRECT] Aug 11, 2026 4:36:18 PM java.util.prefs.FileSystemPreferences checkLockFile0ErrorCode
2026-08-11 16:36:18,828 [ERROR] LogOutputStream:75 - [STDERR_REDIRECT] WARNING: Could not lock System prefs. Unix error code 2.
2026-08-11 16:36:18,828 [ERROR] LogOutputStream:75 - [STDERR_REDIRECT] 
2026-08-11 16:36:18,828 [ERROR] LogOutputStream:75 - [STDERR_REDIRECT] Aug 11, 2026 4:36:18 PM java.util.prefs.FileSystemPreferences syncWorld
2026-08-11 16:36:18,828 [ERROR] LogOutputStream:75 - [STDERR_REDIRECT] WARNING: Couldn't flush system prefs: java.util.prefs.BackingStoreException: Couldn't get file lock.
2026-08-11 16:36:18,828 [ERROR] LogOutputStream:75 - [STDERR_REDIRECT] 
2026-08-11 16:36:48,829 [ERROR] LogOutputStream:75 - [STDERR_REDIRECT] Aug 11, 2026 4:36:48 PM java.util.prefs.FileSystemPreferences checkLockFile0ErrorCode
2026-08-11 16:36:48,829 [ERROR] LogOutputStream:75 - [STDERR_REDIRECT] WARNING: Could not lock System prefs. Unix error code 2.
2026-08-11 16:36:48,829 [ERROR] LogOutputStream:75 - [STDERR_REDIRECT] 
2026-08-11 16:36:48,830 [ERROR] LogOutputStream:75 - [STDERR_REDIRECT] Aug 11, 2026 4:36:48 PM java.util.prefs.FileSystemPreferences syncWorld
2026-08-11 16:36:48,830 [ERROR] LogOutputStream:75 - [STDERR_REDIRECT] WARNING: Couldn't flush system prefs: java.util.prefs.BackingStoreException: Couldn't get file lock.
2026-08-11 16:36:48,830 [ERROR] LogOutputStream:75 - [STDERR_REDIRECT] 
2026-08-11 16:37:18,830 [ERROR] LogOutputStream:75 - [STDERR_REDIRECT] Aug 11, 2026 4:37:18 PM java.util.prefs.FileSystemPreferences checkLockFile0ErrorCode
2026-08-11 16:37:18,830 [ERROR] LogOutputStream:75 - [STDERR_REDIRECT] WARNING: Could not lock System prefs. Unix error code 2.
2026-08-11 16:37:18,830 [ERROR] LogOutputStream:75 - [STDERR_REDIRECT] 
2026-08-11 16:37:18,830 [ERROR] LogOutputStream:75 - [STDERR_REDIRECT] Aug 11, 2026 4:37:18 PM java.util.prefs.FileSystemPreferences syncWorld
2026-08-11 16:37:18,830 [ERROR] LogOutputStream:75 - [STDERR_REDIRECT] WARNING: Couldn't flush system prefs: java.util.prefs.BackingStoreException: Couldn't get file lock.
2026-08-11 16:37:18,831 [ERROR] LogOutputStream:75 - [STDERR_REDIRECT] 
2026-08-11 16:37:40,440 [INFO] WebApp:194 - Connection lost
2026-08-11 16:37:43,185 [INFO] WebApp:191 - Connection restablished
2026-08-11 16:37:48,829 [ERROR] LogOutputStream:75 - [STDERR_REDIRECT] Aug 11, 2026 4:37:48 PM java.util.prefs.FileSystemPreferences checkLockFile0ErrorCode
2026-08-11 16:37:48,830 [ERROR] LogOutputStream:75 - [STDERR_REDIRECT] WARNING: Could not lock System prefs. Unix error code 2.
2026-08-11 16:37:48,830 [ERROR] LogOutputStream:75 - [STDERR_REDIRECT] 
2026-08-11 16:37:48,830 [ERROR] LogOutputStream:75 - [STDERR_REDIRECT] Aug 11, 2026 4:37:48 PM java.util.prefs.FileSystemPreferences syncWorld
2026-08-11 16:37:48,830 [ERROR] LogOutputStream:75 - [STDERR_REDIRECT] WARNING: Couldn't flush system prefs: java.util.prefs.BackingStoreException: Couldn't get file lock.
2026-08-11 16:37:48,830 [ERROR] LogOutputStream:75 - [STDERR_REDIRECT] 
2026-08-11 16:38:18,830 [ERROR] LogOutputStream:75 - [STDERR_REDIRECT] Aug 11, 2026 4:38:18 PM java.util.prefs.FileSystemPreferences checkLockFile0ErrorCode
2026-08-11 16:38:18,830 [ERROR] LogOutputStream:75 - [STDERR_REDIRECT] WARNING: Could not lock System prefs. Unix error code 2.
2026-08-11 16:38:18,831 [ERROR] LogOutputStream:75 - [STDERR_REDIRECT] 
2026-08-11 16:38:18,831 [ERROR] LogOutputStream:75 - [STDERR_REDIRECT] Aug 11, 2026 4:38:18 PM java.util.prefs.FileSystemPreferences syncWorld
2026-08-11 16:38:18,831 [ERROR] LogOutputStream:75 - [STDERR_REDIRECT] WARNING: Couldn't flush system prefs: java.util.prefs.BackingStoreException: Couldn't get file lock.
2026-08-11 16:38:18,831 [ERROR] LogOutputStream:75 - [STDERR_REDIRECT] 
2026-08-11 16:38:48,830 [ERROR] LogOutputStream:75 - [STDERR_REDIRECT] Aug 11, 2026 4:38:48 PM java.util.prefs.FileSystemPreferences checkLockFile0ErrorCode
2026-08-11 16:38:48,830 [ERROR] LogOutputStream:75 - [STDERR_REDIRECT] WARNING: Could not lock System prefs. Unix error code 2.
2026-08-11 16:38:48,831 [ERROR] LogOutputStream:75 - [STDERR_REDIRECT] 
2026-08-11 16:38:48,831 [ERROR] LogOutputStream:75 - [STDERR_REDIRECT] Aug 11, 2026 4:38:48 PM java.util.prefs.FileSystemPreferences syncWorld
2026-08-11 16:38:48,831 [ERROR] LogOutputStream:75 - [STDERR_REDIRECT] WARNING: Couldn't flush system prefs: java.util.prefs.BackingStoreException: Couldn't get file lock.
2026-08-11 16:38:48,831 [ERROR] LogOutputStream:75 - [STDERR_REDIRECT] 
2026-08-11 16:39:18,830 [ERROR] LogOutputStream:75 - [STDERR_REDIRECT] Aug 11, 2026 4:39:18 PM java.util.prefs.FileSystemPreferences checkLockFile0ErrorCode
2026-08-11 16:39:18,830 [ERROR] LogOutputStream:75 - [STDERR_REDIRECT] WARNING: Could not lock System prefs. Unix error code 2.
2026-08-11 16:39:18,830 [ERROR] LogOutputStream:75 - [STDERR_REDIRECT] 
2026-08-11 16:39:18,830 [ERROR] LogOutputStream:75 - [STDERR_REDIRECT] Aug 11, 2026 4:39:18 PM java.util.prefs.FileSystemPreferences syncWorld
2026-08-11 16:39:18,830 [ERROR] LogOutputStream:75 - [STDERR_REDIRECT] WARNING: Couldn't flush system prefs: java.util.prefs.BackingStoreException: Couldn't get file lock.
2026-08-11 16:39:18,830 [ERROR] LogOutputStream:75 - [STDERR_REDIRECT] 
2026-08-11 16:39:48,830 [ERROR] LogOutputStream:75 - [STDERR_REDIRECT] Aug 11, 2026 4:39:48 PM java.util.prefs.FileSystemPreferences checkLockFile0ErrorCode
2026-08-11 16:39:48,830 [ERROR] LogOutputStream:75 - [STDERR_REDIRECT] WARNING: Could not lock System prefs. Unix error code 2.
2026-08-11 16:39:48,830 [ERROR] LogOutputStream:75 - [STDERR_REDIRECT] 
2026-08-11 16:39:48,831 [ERROR] LogOutputStream:75 - [STDERR_REDIRECT] Aug 11, 2026 4:39:48 PM java.util.prefs.FileSystemPreferences syncWorld
2026-08-11 16:39:48,831 [ERROR] LogOutputStream:75 - [STDERR_REDIRECT] WARNING: Couldn't flush system prefs: java.util.prefs.BackingStoreException: Couldn't get file lock.
2026-08-11 16:39:48,831 [ERROR] LogOutputStream:75 - [STDERR_REDIRECT] 
2026-08-11 16:40:18,831 [ERROR] LogOutputStream:75 - [STDERR_REDIRECT] Aug 11, 2026 4:40:18 PM java.util.prefs.FileSystemPreferences checkLockFile0ErrorCode
2026-08-11 16:40:18,831 [ERROR] LogOutputStream:75 - [STDERR_REDIRECT] WARNING: Could not lock System prefs. Unix error code 2.
2026-08-11 16:40:18,831 [ERROR] LogOutputStream:75 - [STDERR_REDIRECT] 
2026-08-11 16:40:18,832 [ERROR] LogOutputStream:75 - [STDERR_REDIRECT] Aug 11, 2026 4:40:18 PM java.util.prefs.FileSystemPreferences syncWorld
2026-08-11 16:40:18,832 [ERROR] LogOutputStream:75 - [STDERR_REDIRECT] WARNING: Couldn't flush system prefs: java.util.prefs.BackingStoreException: Couldn't get file lock.
2026-08-11 16:40:18,832 [ERROR] LogOutputStream:75 - [STDERR_REDIRECT] 
2026-08-11 16:40:48,831 [ERROR] LogOutputStream:75 - [STDERR_REDIRECT] Aug 11, 2026 4:40:48 PM java.util.prefs.FileSystemPreferences checkLockFile0ErrorCode
2026-08-11 16:40:48,831 [ERROR] LogOutputStream:75 - [STDERR_REDIRECT] WARNING: Could not lock System prefs. Unix error code 2.
2026-08-11 16:40:48,831 [ERROR] LogOutputStream:75 - [STDERR_REDIRECT] 
2026-08-11 16:40:48,832 [ERROR] LogOutputStream:75 - [STDERR_REDIRECT] Aug 11, 2026 4:40:48 PM java.util.prefs.FileSystemPreferences syncWorld
2026-08-11 16:40:48,832 [ERROR] LogOutputStream:75 - [STDERR_REDIRECT] WARNING: Couldn't flush system prefs: java.util.prefs.BackingStoreException: Couldn't get file lock.
2026-08-11 16:40:48,832 [ERROR] LogOutputStream:75 - [STDERR_REDIRECT] 
2026-08-11 16:41:18,831 [ERROR] LogOutputStream:75 - [STDERR_REDIRECT] Aug 11, 2026 4:41:18 PM java.util.prefs.FileSystemPreferences checkLockFile0ErrorCode
2026-08-11 16:41:18,831 [ERROR] LogOutputStream:75 - [STDERR_REDIRECT] WARNING: Could not lock System prefs. Unix error code 2.
2026-08-11 16:41:18,831 [ERROR] LogOutputStream:75 - [STDERR_REDIRECT] 
2026-08-11 16:41:18,832 [ERROR] LogOutputStream:75 - [STDERR_REDIRECT] Aug 11, 2026 4:41:18 PM java.util.prefs.FileSystemPreferences syncWorld
2026-08-11 16:41:18,832 [ERROR] LogOutputStream:75 - [STDERR_REDIRECT] WARNING: Couldn't flush system prefs: java.util.prefs.BackingStoreException: Couldn't get file lock.
2026-08-11 16:41:18,832 [ERROR] LogOutputStream:75 - [STDERR_REDIRECT] 
2026-08-11 16:41:48,831 [ERROR] LogOutputStream:75 - [STDERR_REDIRECT] Aug 11, 2026 4:41:48 PM java.util.prefs.FileSystemPreferences checkLockFile0ErrorCode
2026-08-11 16:41:48,831 [ERROR] LogOutputStream:75 - [STDERR_REDIRECT] WARNING: Could not lock System prefs. Unix error code 2.
2026-08-11 16:41:48,831 [ERROR] LogOutputStream:75 - [STDERR_REDIRECT] 
2026-08-11 16:41:48,831 [ERROR] LogOutputStream:75 - [STDERR_REDIRECT] Aug 11, 2026 4:41:48 PM java.util.prefs.FileSystemPreferences syncWorld
2026-08-11 16:41:48,832 [ERROR] LogOutputStream:75 - [STDERR_REDIRECT] WARNING: Couldn't flush system prefs: java.util.prefs.BackingStoreException: Couldn't get file lock.
2026-08-11 16:41:48,832 [ERROR] LogOutputStream:75 - [STDERR_REDIRECT] 
2026-08-11 16:42:18,830 [ERROR] LogOutputStream:75 - [STDERR_REDIRECT] Aug 11, 2026 4:42:18 PM java.util.prefs.FileSystemPreferences checkLockFile0ErrorCode
2026-08-11 16:42:18,831 [ERROR] LogOutputStream:75 - [STDERR_REDIRECT] WARNING: Could not lock System prefs. Unix error code 2.
2026-08-11 16:42:18,831 [ERROR] LogOutputStream:75 - [STDERR_REDIRECT] 
2026-08-11 16:42:18,831 [ERROR] LogOutputStream:75 - [STDERR_REDIRECT] Aug 11, 2026 4:42:18 PM java.util.prefs.FileSystemPreferences syncWorld
2026-08-11 16:42:18,831 [ERROR] LogOutputStream:75 - [STDERR_REDIRECT] WARNING: Couldn't flush system prefs: java.util.prefs.BackingStoreException: Couldn't get file lock.
2026-08-11 16:42:18,831 [ERROR] LogOutputStream:75 - [STDERR_REDIRECT] 
2026-08-11 16:42:48,831 [ERROR] LogOutputStream:75 - [STDERR_REDIRECT] Aug 11, 2026 4:42:48 PM java.util.prefs.FileSystemPreferences checkLockFile0ErrorCode
2026-08-11 16:42:48,831 [ERROR] LogOutputStream:75 - [STDERR_REDIRECT] WARNING: Could not lock System prefs. Unix error code 2.
2026-08-11 16:42:48,831 [ERROR] LogOutputStream:75 - [STDERR_REDIRECT] 
2026-08-11 16:42:48,832 [ERROR] LogOutputStream:75 - [STDERR_REDIRECT] Aug 11, 2026 4:42:48 PM java.util.prefs.FileSystemPreferences syncWorld
2026-08-11 16:42:48,832 [ERROR] LogOutputStream:75 - [STDERR_REDIRECT] WARNING: Couldn't flush system prefs: java.util.prefs.BackingStoreException: Couldn't get file lock.
2026-08-11 16:42:48,832 [ERROR] LogOutputStream:75 - [STDERR_REDIRECT] 
2026-08-11 16:43:18,831 [ERROR] LogOutputStream:75 - [STDERR_REDIRECT] Aug 11, 2026 4:43:18 PM java.util.prefs.FileSystemPreferences checkLockFile0ErrorCode
2026-08-11 16:43:18,831 [ERROR] LogOutputStream:75 - [STDERR_REDIRECT] WARNING: Could not lock System prefs. Unix error code 2.
2026-08-11 16:43:18,832 [ERROR] LogOutputStream:75 - [STDERR_REDIRECT] 
2026-08-11 16:43:18,832 [ERROR] LogOutputStream:75 - [STDERR_REDIRECT] Aug 11, 2026 4:43:18 PM java.util.prefs.FileSystemPreferences syncWorld
2026-08-11 16:43:18,832 [ERROR] LogOutputStream:75 - [STDERR_REDIRECT] WARNING: Couldn't flush system prefs: java.util.prefs.BackingStoreException: Couldn't get file lock.
2026-08-11 16:43:18,832 [ERROR] LogOutputStream:75 - [STDERR_REDIRECT] 
2026-08-11 16:43:48,831 [ERROR] LogOutputStream:75 - [STDERR_REDIRECT] Aug 11, 2026 4:43:48 PM java.util.prefs.FileSystemPreferences checkLockFile0ErrorCode
2026-08-11 16:43:48,831 [ERROR] LogOutputStream:75 - [STDERR_REDIRECT] WARNING: Could not lock System prefs. Unix error code 2.
2026-08-11 16:43:48,831 [ERROR] LogOutputStream:75 - [STDERR_REDIRECT] 
2026-08-11 16:43:48,832 [ERROR] LogOutputStream:75 - [STDERR_REDIRECT] Aug 11, 2026 4:43:48 PM java.util.prefs.FileSystemPreferences syncWorld
2026-08-11 16:43:48,832 [ERROR] LogOutputStream:75 - [STDERR_REDIRECT] WARNING: Couldn't flush system prefs: java.util.prefs.BackingStoreException: Couldn't get file lock.
2026-08-11 16:43:48,832 [ERROR] LogOutputStream:75 - [STDERR_REDIRECT] 
2026-08-11 16:43:57,077 [INFO] WebApp:194 - Connection lost
2026-08-11 16:43:59,639 [INFO] WebApp:191 - Connection restablished
2026-08-11 16:44:18,831 [ERROR] LogOutputStream:75 - [STDERR_REDIRECT] Aug 11, 2026 4:44:18 PM java.util.prefs.FileSystemPreferences checkLockFile0ErrorCode
2026-08-11 16:44:18,831 [ERROR] LogOutputStream:75 - [STDERR_REDIRECT] WARNING: Could not lock System prefs. Unix error code 2.
2026-08-11 16:44:18,831 [ERROR] LogOutputStream:75 - [STDERR_REDIRECT] 
2026-08-11 16:44:18,832 [ERROR] LogOutputStream:75 - [STDERR_REDIRECT] Aug 11, 2026 4:44:18 PM java.util.prefs.FileSystemPreferences syncWorld
2026-08-11 16:44:18,832 [ERROR] LogOutputStream:75 - [STDERR_REDIRECT] WARNING: Couldn't flush system prefs: java.util.prefs.BackingStoreException: Couldn't get file lock.
2026-08-11 16:44:18,832 [ERROR] LogOutputStream:75 - [STDERR_REDIRECT] 
2026-08-11 16:44:48,830 [ERROR] LogOutputStream:75 - [STDERR_REDIRECT] Aug 11, 2026 4:44:48 PM java.util.prefs.FileSystemPreferences checkLockFile0ErrorCode
2026-08-11 16:44:48,830 [ERROR] LogOutputStream:75 - [STDERR_REDIRECT] WARNING: Could not lock System prefs. Unix error code 2.
2026-08-11 16:44:48,830 [ERROR] LogOutputStream:75 - [STDERR_REDIRECT] 
2026-08-11 16:44:48,830 [ERROR] LogOutputStream:75 - [STDERR_REDIRECT] Aug 11, 2026 4:44:48 PM java.util.prefs.FileSystemPreferences syncWorld
2026-08-11 16:44:48,830 [ERROR] LogOutputStream:75 - [STDERR_REDIRECT] WARNING: Couldn't flush system prefs: java.util.prefs.BackingStoreException: Couldn't get file lock.
2026-08-11 16:44:48,830 [ERROR] LogOutputStream:75 - [STDERR_REDIRECT] 
2026-08-11 16:45:18,830 [ERROR] LogOutputStream:75 - [STDERR_REDIRECT] Aug 11, 2026 4:45:18 PM java.util.prefs.FileSystemPreferences checkLockFile0ErrorCode
2026-08-11 16:45:18,831 [ERROR] LogOutputStream:75 - [STDERR_REDIRECT] WARNING: Could not lock System prefs. Unix error code 2.
2026-08-11 16:45:18,831 [ERROR] LogOutputStream:75 - [STDERR_REDIRECT] 
2026-08-11 16:45:18,831 [ERROR] LogOutputStream:75 - [STDERR_REDIRECT] Aug 11, 2026 4:45:18 PM java.util.prefs.FileSystemPreferences syncWorld
2026-08-11 16:45:18,831 [ERROR] LogOutputStream:75 - [STDERR_REDIRECT] WARNING: Couldn't flush system prefs: java.util.prefs.BackingStoreException: Couldn't get file lock.
2026-08-11 16:45:18,831 [ERROR] LogOutputStream:75 - [STDERR_REDIRECT] 
2026-08-11 16:45:48,831 [ERROR] LogOutputStream:75 - [STDERR_REDIRECT] Aug 11, 2026 4:45:48 PM java.util.prefs.FileSystemPreferences checkLockFile0ErrorCode
2026-08-11 16:45:48,831 [ERROR] LogOutputStream:75 - [STDERR_REDIRECT] WARNING: Could not lock System prefs. Unix error code 2.
2026-08-11 16:45:48,831 [ERROR] LogOutputStream:75 - [STDERR_REDIRECT] 
2026-08-11 16:45:48,831 [ERROR] LogOutputStream:75 - [STDERR_REDIRECT] Aug 11, 2026 4:45:48 PM java.util.prefs.FileSystemPreferences syncWorld
2026-08-11 16:45:48,832 [ERROR] LogOutputStream:75 - [STDERR_REDIRECT] WARNING: Couldn't flush system prefs: java.util.prefs.BackingStoreException: Couldn't get file lock.
2026-08-11 16:45:48,832 [ERROR] LogOutputStream:75 - [STDERR_REDIRECT] 
2026-08-11 16:46:18,832 [ERROR] LogOutputStream:75 - [STDERR_REDIRECT] Aug 11, 2026 4:46:18 PM java.util.prefs.FileSystemPreferences checkLockFile0ErrorCode
2026-08-11 16:46:18,832 [ERROR] LogOutputStream:75 - [STDERR_REDIRECT] WARNING: Could not lock System prefs. Unix error code 2.
2026-08-11 16:46:18,832 [ERROR] LogOutputStream:75 - [STDERR_REDIRECT] 
2026-08-11 16:46:18,832 [ERROR] LogOutputStream:75 - [STDERR_REDIRECT] Aug 11, 2026 4:46:18 PM java.util.prefs.FileSystemPreferences syncWorld
2026-08-11 16:46:18,833 [ERROR] LogOutputStream:75 - [STDERR_REDIRECT] WARNING: Couldn't flush system prefs: java.util.prefs.BackingStoreException: Couldn't get file lock.
2026-08-11 16:46:18,833 [ERROR] LogOutputStream:75 - [STDERR_REDIRECT] 
2026-08-11 16:46:48,831 [ERROR] LogOutputStream:75 - [STDERR_REDIRECT] Aug 11, 2026 4:46:48 PM java.util.prefs.FileSystemPreferences checkLockFile0ErrorCode
2026-08-11 16:46:48,831 [ERROR] LogOutputStream:75 - [STDERR_REDIRECT] WARNING: Could not lock System prefs. Unix error code 2.
2026-08-11 16:46:48,832 [ERROR] LogOutputStream:75 - [STDERR_REDIRECT] 
2026-08-11 16:46:48,832 [ERROR] LogOutputStream:75 - [STDERR_REDIRECT] Aug 11, 2026 4:46:48 PM java.util.prefs.FileSystemPreferences syncWorld
2026-08-11 16:46:48,832 [ERROR] LogOutputStream:75 - [STDERR_REDIRECT] WARNING: Couldn't flush system prefs: java.util.prefs.BackingStoreException: Couldn't get file lock.
2026-08-11 16:46:48,832 [ERROR] LogOutputStream:75 - [STDERR_REDIRECT] 
2026-08-11 16:47:18,832 [ERROR] LogOutputStream:75 - [STDERR_REDIRECT] Aug 11, 2026 4:47:18 PM java.util.prefs.FileSystemPreferences checkLockFile0ErrorCode
2026-08-11 16:47:18,832 [ERROR] LogOutputStream:75 - [STDERR_REDIRECT] WARNING: Could not lock System prefs. Unix error code 2.
2026-08-11 16:47:18,832 [ERROR] LogOutputStream:75 - [STDERR_REDIRECT] 
2026-08-11 16:47:18,832 [ERROR] LogOutputStream:75 - [STDERR_REDIRECT] Aug 11, 2026 4:47:18 PM java.util.prefs.FileSystemPreferences syncWorld
2026-08-11 16:47:18,832 [ERROR] LogOutputStream:75 - [STDERR_REDIRECT] WARNING: Couldn't flush system prefs: java.util.prefs.BackingStoreException: Couldn't get file lock.
2026-08-11 16:47:18,832 [ERROR] LogOutputStream:75 - [STDERR_REDIRECT] 
2026-08-11 16:47:48,832 [ERROR] LogOutputStream:75 - [STDERR_REDIRECT] Aug 11, 2026 4:47:48 PM java.util.prefs.FileSystemPreferences checkLockFile0ErrorCode
2026-08-11 16:47:48,832 [ERROR] LogOutputStream:75 - [STDERR_REDIRECT] WARNING: Could not lock System prefs. Unix error code 2.
2026-08-11 16:47:48,832 [ERROR] LogOutputStream:75 - [STDERR_REDIRECT] 
2026-08-11 16:47:48,832 [ERROR] LogOutputStream:75 - [STDERR_REDIRECT] Aug 11, 2026 4:47:48 PM java.util.prefs.FileSystemPreferences syncWorld
2026-08-11 16:47:48,832 [ERROR] LogOutputStream:75 - [STDERR_REDIRECT] WARNING: Couldn't flush system prefs: java.util.prefs.BackingStoreException: Couldn't get file lock.
2026-08-11 16:47:48,833 [ERROR] LogOutputStream:75 - [STDERR_REDIRECT] 
2026-08-11 16:48:18,831 [ERROR] LogOutputStream:75 - [STDERR_REDIRECT] Aug 11, 2026 4:48:18 PM java.util.prefs.FileSystemPreferences checkLockFile0ErrorCode
2026-08-11 16:48:18,831 [ERROR] LogOutputStream:75 - [STDERR_REDIRECT] WARNING: Could not lock System prefs. Unix error code 2.
2026-08-11 16:48:18,831 [ERROR] LogOutputStream:75 - [STDERR_REDIRECT] 
2026-08-11 16:48:18,832 [ERROR] LogOutputStream:75 - [STDERR_REDIRECT] Aug 11, 2026 4:48:18 PM java.util.prefs.FileSystemPreferences syncWorld
2026-08-11 16:48:18,832 [ERROR] LogOutputStream:75 - [STDERR_REDIRECT] WARNING: Couldn't flush system prefs: java.util.prefs.BackingStoreException: Couldn't get file lock.
2026-08-11 16:48:18,832 [ERROR] LogOutputStream:75 - [STDERR_REDIRECT] 
2026-08-11 16:48:48,832 [ERROR] LogOutputStream:75 - [STDERR_REDIRECT] Aug 11, 2026 4:48:48 PM java.util.prefs.FileSystemPreferences checkLockFile0ErrorCode
2026-08-11 16:48:48,832 [ERROR] LogOutputStream:75 - [STDERR_REDIRECT] WARNING: Could not lock System prefs. Unix error code 2.
2026-08-11 16:48:48,832 [ERROR] LogOutputStream:75 - [STDERR_REDIRECT] 
2026-08-11 16:48:48,833 [ERROR] LogOutputStream:75 - [STDERR_REDIRECT] Aug 11, 2026 4:48:48 PM java.util.prefs.FileSystemPreferences syncWorld
2026-08-11 16:48:48,833 [ERROR] LogOutputStream:75 - [STDERR_REDIRECT] WARNING: Couldn't flush system prefs: java.util.prefs.BackingStoreException: Couldn't get file lock.
2026-08-11 16:48:48,833 [ERROR] LogOutputStream:75 - [STDERR_REDIRECT] 
2026-08-11 16:49:18,832 [ERROR] LogOutputStream:75 - [STDERR_REDIRECT] Aug 11, 2026 4:49:18 PM java.util.prefs.FileSystemPreferences checkLockFile0ErrorCode
2026-08-11 16:49:18,832 [ERROR] LogOutputStream:75 - [STDERR_REDIRECT] WARNING: Could not lock System prefs. Unix error code 2.
2026-08-11 16:49:18,832 [ERROR] LogOutputStream:75 - [STDERR_REDIRECT] 
2026-08-11 16:49:18,832 [ERROR] LogOutputStream:75 - [STDERR_REDIRECT] Aug 11, 2026 4:49:18 PM java.util.prefs.FileSystemPreferences syncWorld
2026-08-11 16:49:18,832 [ERROR] LogOutputStream:75 - [STDERR_REDIRECT] WARNING: Couldn't flush system prefs: java.util.prefs.BackingStoreException: Couldn't get file lock.
2026-08-11 16:49:18,832 [ERROR] LogOutputStream:75 - [STDERR_REDIRECT] 
2026-08-11 16:49:48,832 [ERROR] LogOutputStream:75 - [STDERR_REDIRECT] Aug 11, 2026 4:49:48 PM java.util.prefs.FileSystemPreferences checkLockFile0ErrorCode
2026-08-11 16:49:48,832 [ERROR] LogOutputStream:75 - [STDERR_REDIRECT] WARNING: Could not lock System prefs. Unix error code 2.
2026-08-11 16:49:48,832 [ERROR] LogOutputStream:75 - [STDERR_REDIRECT] 
2026-08-11 16:49:48,833 [ERROR] LogOutputStream:75 - [STDERR_REDIRECT] Aug 11, 2026 4:49:48 PM java.util.prefs.FileSystemPreferences syncWorld
2026-08-11 16:49:48,833 [ERROR] LogOutputStream:75 - [STDERR_REDIRECT] WARNING: Couldn't flush system prefs: java.util.prefs.BackingStoreException: Couldn't get file lock.
2026-08-11 16:49:48,833 [ERROR] LogOutputStream:75 - [STDERR_REDIRECT] 
2026-08-11 16:50:18,833 [ERROR] LogOutputStream:75 - [STDERR_REDIRECT] Aug 11, 2026 4:50:18 PM java.util.prefs.FileSystemPreferences checkLockFile0ErrorCode
2026-08-11 16:50:18,833 [ERROR] LogOutputStream:75 - [STDERR_REDIRECT] WARNING: Could not lock System prefs. Unix error code 2.
2026-08-11 16:50:18,833 [ERROR] LogOutputStream:75 - [STDERR_REDIRECT] 
2026-08-11 16:50:18,833 [ERROR] LogOutputStream:75 - [STDERR_REDIRECT] Aug 11, 2026 4:50:18 PM java.util.prefs.FileSystemPreferences syncWorld
2026-08-11 16:50:18,834 [ERROR] LogOutputStream:75 - [STDERR_REDIRECT] WARNING: Couldn't flush system prefs: java.util.prefs.BackingStoreException: Couldn't get file lock.
2026-08-11 16:50:18,834 [ERROR] LogOutputStream:75 - [STDERR_REDIRECT] 
2026-08-11 16:50:48,832 [ERROR] LogOutputStream:75 - [STDERR_REDIRECT] Aug 11, 2026 4:50:48 PM java.util.prefs.FileSystemPreferences checkLockFile0ErrorCode
2026-08-11 16:50:48,833 [ERROR] LogOutputStream:75 - [STDERR_REDIRECT] WARNING: Could not lock System prefs. Unix error code 2.
2026-08-11 16:50:48,833 [ERROR] LogOutputStream:75 - [STDERR_REDIRECT] 
2026-08-11 16:50:48,833 [ERROR] LogOutputStream:75 - [STDERR_REDIRECT] Aug 11, 2026 4:50:48 PM java.util.prefs.FileSystemPreferences syncWorld
2026-08-11 16:50:48,833 [ERROR] LogOutputStream:75 - [STDERR_REDIRECT] WARNING: Couldn't flush system prefs: java.util.prefs.BackingStoreException: Couldn't get file lock.
2026-08-11 16:50:48,833 [ERROR] LogOutputStream:75 - [STDERR_REDIRECT] 
2026-08-11 16:51:18,833 [ERROR] LogOutputStream:75 - [STDERR_REDIRECT] Aug 11, 2026 4:51:18 PM java.util.prefs.FileSystemPreferences checkLockFile0ErrorCode
2026-08-11 16:51:18,834 [ERROR] LogOutputStream:75 - [STDERR_REDIRECT] WARNING: Could not lock System prefs. Unix error code 2.
2026-08-11 16:51:18,834 [ERROR] LogOutputStream:75 - [STDERR_REDIRECT] 
2026-08-11 16:51:18,834 [ERROR] LogOutputStream:75 - [STDERR_REDIRECT] Aug 11, 2026 4:51:18 PM java.util.prefs.FileSystemPreferences syncWorld
2026-08-11 16:51:18,834 [ERROR] LogOutputStream:75 - [STDERR_REDIRECT] WARNING: Couldn't flush system prefs: java.util.prefs.BackingStoreException: Couldn't get file lock.
2026-08-11 16:51:18,834 [ERROR] LogOutputStream:75 - [STDERR_REDIRECT] 
2026-08-11 16:51:48,838 [ERROR] LogOutputStream:75 - [STDERR_REDIRECT] Aug 11, 2026 4:51:48 PM java.util.prefs.FileSystemPreferences checkLockFile0ErrorCode
2026-08-11 16:51:48,838 [ERROR] LogOutputStream:75 - [STDERR_REDIRECT] WARNING: Could not lock System prefs. Unix error code 2.
2026-08-11 16:51:48,838 [ERROR] LogOutputStream:75 - [STDERR_REDIRECT] 
2026-08-11 16:51:48,838 [ERROR] LogOutputStream:75 - [STDERR_REDIRECT] Aug 11, 2026 4:51:48 PM java.util.prefs.FileSystemPreferences syncWorld
2026-08-11 16:51:48,839 [ERROR] LogOutputStream:75 - [STDERR_REDIRECT] WARNING: Couldn't flush system prefs: java.util.prefs.BackingStoreException: Couldn't get file lock.
2026-08-11 16:51:48,839 [ERROR] LogOutputStream:75 - [STDERR_REDIRECT] 
2026-08-11 16:52:18,833 [ERROR] LogOutputStream:75 - [STDERR_REDIRECT] Aug 11, 2026 4:52:18 PM java.util.prefs.FileSystemPreferences checkLockFile0ErrorCode
2026-08-11 16:52:18,834 [ERROR] LogOutputStream:75 - [STDERR_REDIRECT] WARNING: Could not lock System prefs. Unix error code 2.
2026-08-11 16:52:18,834 [ERROR] LogOutputStream:75 - [STDERR_REDIRECT] 
2026-08-11 16:52:18,834 [ERROR] LogOutputStream:75 - [STDERR_REDIRECT] Aug 11, 2026 4:52:18 PM java.util.prefs.FileSystemPreferences syncWorld
2026-08-11 16:52:18,834 [ERROR] LogOutputStream:75 - [STDERR_REDIRECT] WARNING: Couldn't flush system prefs: java.util.prefs.BackingStoreException: Couldn't get file lock.
2026-08-11 16:52:18,834 [ERROR] LogOutputStream:75 - [STDERR_REDIRECT] 
2026-08-11 16:52:48,834 [ERROR] LogOutputStream:75 - [STDERR_REDIRECT] Aug 11, 2026 4:52:48 PM java.util.prefs.FileSystemPreferences checkLockFile0ErrorCode
2026-08-11 16:52:48,834 [ERROR] LogOutputStream:75 - [STDERR_REDIRECT] WARNING: Could not lock System prefs. Unix error code 2.
2026-08-11 16:52:48,834 [ERROR] LogOutputStream:75 - [STDERR_REDIRECT] 
2026-08-11 16:52:48,834 [ERROR] LogOutputStream:75 - [STDERR_REDIRECT] Aug 11, 2026 4:52:48 PM java.util.prefs.FileSystemPreferences syncWorld
2026-08-11 16:52:48,834 [ERROR] LogOutputStream:75 - [STDERR_REDIRECT] WARNING: Couldn't flush system prefs: java.util.prefs.BackingStoreException: Couldn't get file lock.
2026-08-11 16:52:48,834 [ERROR] LogOutputStream:75 - [STDERR_REDIRECT] 
2026-08-11 16:53:18,834 [ERROR] LogOutputStream:75 - [STDERR_REDIRECT] Aug 11, 2026 4:53:18 PM java.util.prefs.FileSystemPreferences checkLockFile0ErrorCode
2026-08-11 16:53:18,834 [ERROR] LogOutputStream:75 - [STDERR_REDIRECT] WARNING: Could not lock System prefs. Unix error code 2.
2026-08-11 16:53:18,834 [ERROR] LogOutputStream:75 - [STDERR_REDIRECT] 
2026-08-11 16:53:18,835 [ERROR] LogOutputStream:75 - [STDERR_REDIRECT] Aug 11, 2026 4:53:18 PM java.util.prefs.FileSystemPreferences syncWorld
2026-08-11 16:53:18,835 [ERROR] LogOutputStream:75 - [STDERR_REDIRECT] WARNING: Couldn't flush system prefs: java.util.prefs.BackingStoreException: Couldn't get file lock.
2026-08-11 16:53:18,835 [ERROR] LogOutputStream:75 - [STDERR_REDIRECT] 
2026-08-11 16:53:48,835 [ERROR] LogOutputStream:75 - [STDERR_REDIRECT] Aug 11, 2026 4:53:48 PM java.util.prefs.FileSystemPreferences checkLockFile0ErrorCode
2026-08-11 16:53:48,835 [ERROR] LogOutputStream:75 - [STDERR_REDIRECT] WARNING: Could not lock System prefs. Unix error code 2.
2026-08-11 16:53:48,835 [ERROR] LogOutputStream:75 - [STDERR_REDIRECT] 
2026-08-11 16:53:48,835 [ERROR] LogOutputStream:75 - [STDERR_REDIRECT] Aug 11, 2026 4:53:48 PM java.util.prefs.FileSystemPreferences syncWorld
2026-08-11 16:53:48,836 [ERROR] LogOutputStream:75 - [STDERR_REDIRECT] WARNING: Couldn't flush system prefs: java.util.prefs.BackingStoreException: Couldn't get file lock.
2026-08-11 16:53:48,836 [ERROR] LogOutputStream:75 - [STDERR_REDIRECT] 
2026-08-11 16:54:18,834 [ERROR] LogOutputStream:75 - [STDERR_REDIRECT] Aug 11, 2026 4:54:18 PM java.util.prefs.FileSystemPreferences checkLockFile0ErrorCode
2026-08-11 16:54:18,834 [ERROR] LogOutputStream:75 - [STDERR_REDIRECT] WARNING: Could not lock System prefs. Unix error code 2.
2026-08-11 16:54:18,834 [ERROR] LogOutputStream:75 - [STDERR_REDIRECT] 
2026-08-11 16:54:18,834 [ERROR] LogOutputStream:75 - [STDERR_REDIRECT] Aug 11, 2026 4:54:18 PM java.util.prefs.FileSystemPreferences syncWorld
2026-08-11 16:54:18,834 [ERROR] LogOutputStream:75 - [STDERR_REDIRECT] WARNING: Couldn't flush system prefs: java.util.prefs.BackingStoreException: Couldn't get file lock.
2026-08-11 16:54:18,834 [ERROR] LogOutputStream:75 - [STDERR_REDIRECT] 
2026-08-11 16:54:48,835 [ERROR] LogOutputStream:75 - [STDERR_REDIRECT] Aug 11, 2026 4:54:48 PM java.util.prefs.FileSystemPreferences checkLockFile0ErrorCode
2026-08-11 16:54:48,835 [ERROR] LogOutputStream:75 - [STDERR_REDIRECT] WARNING: Could not lock System prefs. Unix error code 2.
2026-08-11 16:54:48,835 [ERROR] LogOutputStream:75 - [STDERR_REDIRECT] 
2026-08-11 16:54:48,836 [ERROR] LogOutputStream:75 - [STDERR_REDIRECT] Aug 11, 2026 4:54:48 PM java.util.prefs.FileSystemPreferences syncWorld
2026-08-11 16:54:48,836 [ERROR] LogOutputStream:75 - [STDERR_REDIRECT] WARNING: Couldn't flush system prefs: java.util.prefs.BackingStoreException: Couldn't get file lock.
2026-08-11 16:54:48,836 [ERROR] LogOutputStream:75 - [STDERR_REDIRECT] 
2026-08-11 16:55:18,836 [ERROR] LogOutputStream:75 - [STDERR_REDIRECT] Aug 11, 2026 4:55:18 PM java.util.prefs.FileSystemPreferences checkLockFile0ErrorCode
2026-08-11 16:55:18,836 [ERROR] LogOutputStream:75 - [STDERR_REDIRECT] WARNING: Could not lock System prefs. Unix error code 2.
2026-08-11 16:55:18,836 [ERROR] LogOutputStream:75 - [STDERR_REDIRECT] 
2026-08-11 16:55:18,836 [ERROR] LogOutputStream:75 - [STDERR_REDIRECT] Aug 11, 2026 4:55:18 PM java.util.prefs.FileSystemPreferences syncWorld
2026-08-11 16:55:18,836 [ERROR] LogOutputStream:75 - [STDERR_REDIRECT] WARNING: Couldn't flush system prefs: java.util.prefs.BackingStoreException: Couldn't get file lock.
2026-08-11 16:55:18,837 [ERROR] LogOutputStream:75 - [STDERR_REDIRECT] 
2026-08-11 16:55:48,835 [ERROR] LogOutputStream:75 - [STDERR_REDIRECT] Aug 11, 2026 4:55:48 PM java.util.prefs.FileSystemPreferences checkLockFile0ErrorCode
2026-08-11 16:55:48,835 [ERROR] LogOutputStream:75 - [STDERR_REDIRECT] WARNING: Could not lock System prefs. Unix error code 2.
2026-08-11 16:55:48,835 [ERROR] LogOutputStream:75 - [STDERR_REDIRECT] 
2026-08-11 16:55:48,835 [ERROR] LogOutputStream:75 - [STDERR_REDIRECT] Aug 11, 2026 4:55:48 PM java.util.prefs.FileSystemPreferences syncWorld
2026-08-11 16:55:48,835 [ERROR] LogOutputStream:75 - [STDERR_REDIRECT] WARNING: Couldn't flush system prefs: java.util.prefs.BackingStoreException: Couldn't get file lock.
2026-08-11 16:55:48,835 [ERROR] LogOutputStream:75 - [STDERR_REDIRECT] 
2026-08-11 16:56:18,836 [ERROR] LogOutputStream:75 - [STDERR_REDIRECT] Aug 11, 2026 4:56:18 PM java.util.prefs.FileSystemPreferences checkLockFile0ErrorCode
2026-08-11 16:56:18,837 [ERROR] LogOutputStream:75 - [STDERR_REDIRECT] WARNING: Could not lock System prefs. Unix error code 2.
2026-08-11 16:56:18,837 [ERROR] LogOutputStream:75 - [STDERR_REDIRECT] 
2026-08-11 16:56:18,837 [ERROR] LogOutputStream:75 - [STDERR_REDIRECT] Aug 11, 2026 4:56:18 PM java.util.prefs.FileSystemPreferences syncWorld
2026-08-11 16:56:18,838 [ERROR] LogOutputStream:75 - [STDERR_REDIRECT] WARNING: Couldn't flush system prefs: java.util.prefs.BackingStoreException: Couldn't get file lock.
2026-08-11 16:56:18,838 [ERROR] LogOutputStream:75 - [STDERR_REDIRECT] 
2026-08-11 16:56:32,040 [INFO] WebApp:194 - Connection lost
2026-08-11 16:56:34,078 [INFO] WebApp:191 - Connection restablished
2026-08-11 16:56:48,837 [ERROR] LogOutputStream:75 - [STDERR_REDIRECT] Aug 11, 2026 4:56:48 PM java.util.prefs.FileSystemPreferences checkLockFile0ErrorCode
2026-08-11 16:56:48,837 [ERROR] LogOutputStream:75 - [STDERR_REDIRECT] WARNING: Could not lock System prefs. Unix error code 2.
2026-08-11 16:56:48,837 [ERROR] LogOutputStream:75 - [STDERR_REDIRECT] 
2026-08-11 16:56:48,838 [ERROR] LogOutputStream:75 - [STDERR_REDIRECT] Aug 11, 2026 4:56:48 PM java.util.prefs.FileSystemPreferences syncWorld
2026-08-11 16:56:48,838 [ERROR] LogOutputStream:75 - [STDERR_REDIRECT] WARNING: Couldn't flush system prefs: java.util.prefs.BackingStoreException: Couldn't get file lock.
2026-08-11 16:56:48,838 [ERROR] LogOutputStream:75 - [STDERR_REDIRECT] 
2026-08-11 16:57:18,838 [ERROR] LogOutputStream:75 - [STDERR_REDIRECT] Aug 11, 2026 4:57:18 PM java.util.prefs.FileSystemPreferences checkLockFile0ErrorCode
2026-08-11 16:57:18,838 [ERROR] LogOutputStream:75 - [STDERR_REDIRECT] WARNING: Could not lock System prefs. Unix error code 2.
2026-08-11 16:57:18,838 [ERROR] LogOutputStream:75 - [STDERR_REDIRECT] 
2026-08-11 16:57:18,839 [ERROR] LogOutputStream:75 - [STDERR_REDIRECT] Aug 11, 2026 4:57:18 PM java.util.prefs.FileSystemPreferences syncWorld
2026-08-11 16:57:18,839 [ERROR] LogOutputStream:75 - [STDERR_REDIRECT] WARNING: Couldn't flush system prefs: java.util.prefs.BackingStoreException: Couldn't get file lock.
2026-08-11 16:57:18,839 [ERROR] LogOutputStream:75 - [STDERR_REDIRECT] 
2026-08-11 16:57:48,837 [ERROR] LogOutputStream:75 - [STDERR_REDIRECT] Aug 11, 2026 4:57:48 PM java.util.prefs.FileSystemPreferences checkLockFile0ErrorCode
2026-08-11 16:57:48,838 [ERROR] LogOutputStream:75 - [STDERR_REDIRECT] WARNING: Could not lock System prefs. Unix error code 2.
2026-08-11 16:57:48,838 [ERROR] LogOutputStream:75 - [STDERR_REDIRECT] 
2026-08-11 16:57:48,838 [ERROR] LogOutputStream:75 - [STDERR_REDIRECT] Aug 11, 2026 4:57:48 PM java.util.prefs.FileSystemPreferences syncWorld
2026-08-11 16:57:48,839 [ERROR] LogOutputStream:75 - [STDERR_REDIRECT] WARNING: Couldn't flush system prefs: java.util.prefs.BackingStoreException: Couldn't get file lock.
2026-08-11 16:57:48,839 [ERROR] LogOutputStream:75 - [STDERR_REDIRECT] 
2026-08-11 16:58:18,837 [ERROR] LogOutputStream:75 - [STDERR_REDIRECT] Aug 11, 2026 4:58:18 PM java.util.prefs.FileSystemPreferences checkLockFile0ErrorCode
2026-08-11 16:58:18,837 [ERROR] LogOutputStream:75 - [STDERR_REDIRECT] WARNING: Could not lock System prefs. Unix error code 2.
2026-08-11 16:58:18,837 [ERROR] LogOutputStream:75 - [STDERR_REDIRECT] 
2026-08-11 16:58:18,838 [ERROR] LogOutputStream:75 - [STDERR_REDIRECT] Aug 11, 2026 4:58:18 PM java.util.prefs.FileSystemPreferences syncWorld
2026-08-11 16:58:18,838 [ERROR] LogOutputStream:75 - [STDERR_REDIRECT] WARNING: Couldn't flush system prefs: java.util.prefs.BackingStoreException: Couldn't get file lock.
2026-08-11 16:58:18,838 [ERROR] LogOutputStream:75 - [STDERR_REDIRECT] 
2026-08-11 16:58:48,838 [ERROR] LogOutputStream:75 - [STDERR_REDIRECT] Aug 11, 2026 4:58:48 PM java.util.prefs.FileSystemPreferences checkLockFile0ErrorCode
2026-08-11 16:58:48,838 [ERROR] LogOutputStream:75 - [STDERR_REDIRECT] WARNING: Could not lock System prefs. Unix error code 2.
2026-08-11 16:58:48,839 [ERROR] LogOutputStream:75 - [STDERR_REDIRECT] 
2026-08-11 16:58:48,839 [ERROR] LogOutputStream:75 - [STDERR_REDIRECT] Aug 11, 2026 4:58:48 PM java.util.prefs.FileSystemPreferences syncWorld
2026-08-11 16:58:48,839 [ERROR] LogOutputStream:75 - [STDERR_REDIRECT] WARNING: Couldn't flush system prefs: java.util.prefs.BackingStoreException: Couldn't get file lock.
2026-08-11 16:58:48,839 [ERROR] LogOutputStream:75 - [STDERR_REDIRECT] 
2026-08-11 16:59:18,837 [ERROR] LogOutputStream:75 - [STDERR_REDIRECT] Aug 11, 2026 4:59:18 PM java.util.prefs.FileSystemPreferences checkLockFile0ErrorCode
2026-08-11 16:59:18,837 [ERROR] LogOutputStream:75 - [STDERR_REDIRECT] WARNING: Could not lock System prefs. Unix error code 2.
2026-08-11 16:59:18,838 [ERROR] LogOutputStream:75 - [STDERR_REDIRECT] 
2026-08-11 16:59:18,838 [ERROR] LogOutputStream:75 - [STDERR_REDIRECT] Aug 11, 2026 4:59:18 PM java.util.prefs.FileSystemPreferences syncWorld
2026-08-11 16:59:18,838 [ERROR] LogOutputStream:75 - [STDERR_REDIRECT] WARNING: Couldn't flush system prefs: java.util.prefs.BackingStoreException: Couldn't get file lock.
2026-08-11 16:59:18,839 [ERROR] LogOutputStream:75 - [STDERR_REDIRECT] 
2026-08-11 16:59:48,837 [ERROR] LogOutputStream:75 - [STDERR_REDIRECT] Aug 11, 2026 4:59:48 PM java.util.prefs.FileSystemPreferences checkLockFile0ErrorCode
2026-08-11 16:59:48,838 [ERROR] LogOutputStream:75 - [STDERR_REDIRECT] WARNING: Could not lock System prefs. Unix error code 2.
2026-08-11 16:59:48,838 [ERROR] LogOutputStream:75 - [STDERR_REDIRECT] 
2026-08-11 16:59:48,838 [ERROR] LogOutputStream:75 - [STDERR_REDIRECT] Aug 11, 2026 4:59:48 PM java.util.prefs.FileSystemPreferences syncWorld
2026-08-11 16:59:48,838 [ERROR] LogOutputStream:75 - [STDERR_REDIRECT] WARNING: Couldn't flush system prefs: java.util.prefs.BackingStoreException: Couldn't get file lock.
2026-08-11 16:59:48,838 [ERROR] LogOutputStream:75 - [STDERR_REDIRECT] 
2026-08-11 17:00:18,837 [ERROR] LogOutputStream:75 - [STDERR_REDIRECT] Aug 11, 2026 5:00:18 PM java.util.prefs.FileSystemPreferences checkLockFile0ErrorCode
2026-08-11 17:00:18,837 [ERROR] LogOutputStream:75 - [STDERR_REDIRECT] WARNING: Could not lock System prefs. Unix error code 2.
2026-08-11 17:00:18,837 [ERROR] LogOutputStream:75 - [STDERR_REDIRECT] 
2026-08-11 17:00:18,837 [ERROR] LogOutputStream:75 - [STDERR_REDIRECT] Aug 11, 2026 5:00:18 PM java.util.prefs.FileSystemPreferences syncWorld
2026-08-11 17:00:18,838 [ERROR] LogOutputStream:75 - [STDERR_REDIRECT] WARNING: Couldn't flush system prefs: java.util.prefs.BackingStoreException: Couldn't get file lock.
2026-08-11 17:00:18,838 [ERROR] LogOutputStream:75 - [STDERR_REDIRECT] 
