2026-08-05 22:03:47,283 [INFO] Activator:176 - 


2026-08-05 22:03:47,285 [INFO] Activator:177 - !SESSION log4j initialized
2026-08-05 22:03:51,764 [INFO] LogOutputStream:77 - [STDOUT_REDIRECT] 
2026-08-05 22:03:54,551 [INFO] ApplicationProperties:184 - Using Application install path: /opt/st/stm32cubeide_1.19.0/plugins/com.st.stm32cube.common.mx_6.15.0.202507011659
2026-08-05 22:03:54,576 [INFO] DbMcusXml:78 - Set database path to: /opt/st/stm32cubeide_1.19.0/plugins/com.st.stm32cube.common.mx_6.15.0.202507011659//db//mcu/
2026-08-05 22:03:54,577 [INFO] ApiDb:274 - Set plugin database path to: /opt/st/stm32cubeide_1.19.0/plugins/com.st.stm32cube.common.mx_6.15.0.202507011659//db//plugins/boardmanager/
2026-08-05 22:03:54,577 [WARN] ApiDb:259 - Overriding images path with different value:  => /opt/st/stm32cubeide_1.19.0/plugins/com.st.stm32cube.common.mx_6.15.0.202507011659//db//plugins/mcufinder/images/
2026-08-05 22:03:54,582 [INFO] ApiDb:250 - Set database path to: /home/kkattmos/.stmcufinder/plugins/mcufinder//mcu/
2026-08-05 22:03:54,584 [INFO] DbMcusAds:125 - Set database path to: /home/kkattmos/.stmcufinder/plugins/mcufinder//mcu/
2026-08-05 22:03:54,587 [INFO] CrossReferenceDbSqlite:203 - Set database path to: /home/kkattmos/.stmcufinder/plugins/mcufinder//mcu/cs/
2026-08-05 22:03:54,839 [INFO] RulesReader:64 - Compatibility file has been processed (317 Rules)
2026-08-05 22:03:54,998 [INFO] DbMcusXml:78 - Set database path to: /opt/st/stm32cubeide_1.19.0/plugins/com.st.stm32cube.common.mx_6.15.0.202507011659//db//mcu/
2026-08-05 22:03:54,999 [INFO] ApiDb:274 - Set plugin database path to: /opt/st/stm32cubeide_1.19.0/plugins/com.st.stm32cube.common.mx_6.15.0.202507011659//db//plugins/boardmanager/
2026-08-05 22:03:54,999 [INFO] ApiDb:261 - Set plugin images path to: /opt/st/stm32cubeide_1.19.0/plugins/com.st.stm32cube.common.mx_6.15.0.202507011659//db//plugins/mcufinder/images/
2026-08-05 22:03:55,000 [WARN] DbFile:41 - Overriding database path with different value: /home/kkattmos/.stmcufinder/plugins/mcufinder/ => /home/kkattmos/.stmcufinder/plugins/mcufinder
2026-08-05 22:03:55,001 [INFO] ApiDb:250 - Set database path to: /home/kkattmos/.stmcufinder/plugins/mcufinder//mcu/
2026-08-05 22:03:55,001 [WARN] DbFile:41 - Overriding database path with different value: /home/kkattmos/.stmcufinder/plugins/mcufinder/ => /home/kkattmos/.stmcufinder/plugins/mcufinder
2026-08-05 22:03:55,001 [INFO] DbMcusAds:125 - Set database path to: /home/kkattmos/.stmcufinder/plugins/mcufinder//mcu/
2026-08-05 22:03:55,001 [WARN] DbFile:41 - Overriding database path with different value: /home/kkattmos/.stmcufinder/plugins/mcufinder/ => /home/kkattmos/.stmcufinder/plugins/mcufinder
2026-08-05 22:03:55,002 [WARN] DbFile:41 - Overriding database path with different value: /home/kkattmos/.stmcufinder/plugins/mcufinder/ => /home/kkattmos/.stmcufinder/plugins/mcufinder
2026-08-05 22:03:55,002 [INFO] CrossReferenceDbSqlite:203 - Set database path to: /home/kkattmos/.stmcufinder/plugins/mcufinder//mcu/cs/
2026-08-05 22:03:55,175 [INFO] MainPanel:274 - HeapMemory: 268435456
2026-08-05 22:03:55,406 [INFO] DbMcusXml:78 - Set database path to: /opt/st/stm32cubeide_1.19.0/plugins/com.st.stm32cube.common.mx_6.15.0.202507011659//db//mcu/
2026-08-05 22:03:55,406 [INFO] ApiDb:274 - Set plugin database path to: /opt/st/stm32cubeide_1.19.0/plugins/com.st.stm32cube.common.mx_6.15.0.202507011659//db//plugins/boardmanager/
2026-08-05 22:03:55,407 [INFO] ApiDb:261 - Set plugin images path to: /opt/st/stm32cubeide_1.19.0/plugins/com.st.stm32cube.common.mx_6.15.0.202507011659//db//plugins/mcufinder/images/
2026-08-05 22:03:55,407 [WARN] DbFile:41 - Overriding database path with different value: /home/kkattmos/.stmcufinder/plugins/mcufinder/ => /home/kkattmos/.stmcufinder/plugins/mcufinder
2026-08-05 22:03:55,407 [INFO] ApiDb:250 - Set database path to: /home/kkattmos/.stmcufinder/plugins/mcufinder//mcu/
2026-08-05 22:03:55,408 [WARN] DbFile:41 - Overriding database path with different value: /home/kkattmos/.stmcufinder/plugins/mcufinder/ => /home/kkattmos/.stmcufinder/plugins/mcufinder
2026-08-05 22:03:55,408 [INFO] DbMcusAds:125 - Set database path to: /home/kkattmos/.stmcufinder/plugins/mcufinder//mcu/
2026-08-05 22:03:55,408 [WARN] DbFile:41 - Overriding database path with different value: /home/kkattmos/.stmcufinder/plugins/mcufinder/ => /home/kkattmos/.stmcufinder/plugins/mcufinder
2026-08-05 22:03:55,408 [WARN] DbFile:41 - Overriding database path with different value: /home/kkattmos/.stmcufinder/plugins/mcufinder/ => /home/kkattmos/.stmcufinder/plugins/mcufinder
2026-08-05 22:03:55,409 [INFO] CrossReferenceDbSqlite:203 - Set database path to: /home/kkattmos/.stmcufinder/plugins/mcufinder//mcu/cs/
2026-08-05 22:03:55,440 [INFO] ApplicationProperties:184 - Using Application install path: /opt/st/stm32cubeide_1.19.0/plugins/com.st.stm32cube.common.mx_6.15.0.202507011659
2026-08-05 22:03:55,444 [INFO] PluginManage:196 - Search for loadable plugins [exclusion list=, ]
2026-08-05 22:03:55,446 [INFO] PluginManage:310 - Check plugin analytics
2026-08-05 22:03:55,806 [INFO] AnalyticsPlugin:253 - Accepted Software Licenses: 
2026-08-05 22:03:55,806 [INFO] AnalyticsPlugin:255 - Accepted CMSIS Pack Licenses: 
2026-08-05 22:03:55,807 [INFO] AnalyticsPlugin:257 - Accepted Firmware Licenses: FW.F4.1.28.0,FW.F4.1.28.3
2026-08-05 22:03:55,817 [INFO] PluginManage:359 - Loaded plugin analytics (category:tool,tabindex:-1)
2026-08-05 22:03:55,818 [INFO] PluginManage:310 - Check plugin cadmodel
2026-08-05 22:03:55,829 [INFO] CADModel:105 - Init CAD model plugin
2026-08-05 22:03:55,831 [INFO] PluginManage:359 - Loaded plugin cadmodel (category:power,tabindex:5)
2026-08-05 22:03:55,831 [INFO] PluginManage:310 - Check plugin clock
2026-08-05 22:03:55,862 [INFO] PluginManage:359 - Loaded plugin clock (category:base,tabindex:2)
2026-08-05 22:03:55,863 [INFO] PluginManage:310 - Check plugin ddr
2026-08-05 22:03:55,869 [INFO] PluginManage:359 - Loaded plugin ddr (category:tool,tabindex:6)
2026-08-05 22:03:55,870 [INFO] PluginManage:310 - Check plugin filemanager
2026-08-05 22:03:56,236 [INFO] PluginManage:359 - Loaded plugin filemanager (category:base,tabindex:10)
2026-08-05 22:03:56,236 [INFO] PluginManage:310 - Check plugin ipmanager
2026-08-05 22:03:56,248 [INFO] PluginManage:359 - Loaded plugin ipmanager (category:base,tabindex:5)
2026-08-05 22:03:56,248 [INFO] PluginManage:310 - Check plugin lpbam
2026-08-05 22:03:56,267 [INFO] PluginManage:359 - Loaded plugin lpbam (category:base,tabindex:0)
2026-08-05 22:03:56,267 [INFO] PluginManage:310 - Check plugin memorymap
2026-08-05 22:03:56,292 [INFO] PluginManage:359 - Loaded plugin memorymap (category:base,tabindex:4)
2026-08-05 22:03:56,293 [INFO] PluginManage:310 - Check plugin pinoutandconfiguration
2026-08-05 22:03:56,308 [INFO] PluginManage:359 - Loaded plugin pinoutandconfiguration (category:base,tabindex:1)
2026-08-05 22:03:56,309 [INFO] PluginManage:310 - Check plugin pinoutconfig
2026-08-05 22:03:56,415 [WARN] SupportedApi:132 - Cannot load RTOS API schema: s4s-elt-must-match.1: The content of 'definitions' must match (annotation?, (simpleType | complexType)?, (unique | key | keyref)*)). A problem was found starting at: attribute.
2026-08-05 22:03:56,604 [INFO] PluginManage:359 - Loaded plugin pinoutconfig (category:base,tabindex:0)
2026-08-05 22:03:56,604 [INFO] PluginManage:310 - Check plugin power
2026-08-05 22:03:56,617 [INFO] PluginManage:359 - Loaded plugin power (category:power,tabindex:4)
2026-08-05 22:03:56,617 [INFO] PluginManage:310 - Check plugin projectmanager
2026-08-05 22:03:56,642 [INFO] PluginManage:359 - Loaded plugin projectmanager (category:projectmanager,tabindex:4)
2026-08-05 22:03:56,642 [INFO] PluginManage:310 - Check plugin rif
2026-08-05 22:03:56,653 [INFO] PluginManage:359 - Loaded plugin rif (category:base,tabindex:3)
2026-08-05 22:03:56,653 [INFO] PluginManage:310 - Check plugin thirdparty
2026-08-05 22:03:56,830 [INFO] PluginManage:359 - Loaded plugin thirdparty (category:base,tabindex:-1)
2026-08-05 22:03:56,830 [INFO] PluginManage:310 - Check plugin tools
2026-08-05 22:03:56,830 [WARN] IntegrityCheckThread:84 - waiting for thirdparty lock release [integrity check]
2026-08-05 22:03:56,831 [INFO] IntegrityCheckThread:86 - entering critical section [integrity check]
2026-08-05 22:03:56,832 [INFO] ThirdPartyUpdaterWithRetryManager:70 - Updater plugin not ready yet. [1/15]
2026-08-05 22:03:56,834 [INFO] PluginManage:359 - Loaded plugin tools (category:base,tabindex:7)
2026-08-05 22:03:56,834 [INFO] PluginManage:310 - Check plugin tutovideos
2026-08-05 22:03:57,062 [INFO] PluginManage:359 - Loaded plugin tutovideos (category:base,tabindex:-1)
2026-08-05 22:03:57,063 [INFO] PluginManage:310 - Check plugin updater
2026-08-05 22:03:57,092 [INFO] PluginManage:359 - Loaded plugin updater (category:base,tabindex:12)
2026-08-05 22:03:57,092 [INFO] PluginManage:310 - Check plugin userauth
2026-08-05 22:03:57,096 [INFO] UserAuth:118 - Init User Auth plugin
2026-08-05 22:03:57,097 [INFO] PluginManage:359 - Loaded plugin userauth (category:base,tabindex:14)
2026-08-05 22:03:57,097 [INFO] PluginManage:283 - PluginManage : Loaded plugins [18]
2026-08-05 22:03:57,330 [INFO] PinOutPanel:1589 - setPackage(No Configuration,No Configuration)
2026-08-05 22:03:57,410 [INFO] CADModel:165 - CPN selected for project level
2026-08-05 22:03:57,410 [INFO] CADModel:114 - Register for checkConnection events
2026-08-05 22:03:57,423 [INFO] IPUIPlugin:80 - create IPUIPlugin
2026-08-05 22:03:57,424 [INFO] PluginManager:220 - loadIPPluginJar : add resmgrutility
2026-08-05 22:03:57,432 [INFO] IPUIPlugin:80 - create IPUIPlugin
2026-08-05 22:03:57,432 [INFO] PluginManager:220 - loadIPPluginJar : add adc
2026-08-05 22:03:57,438 [INFO] IPUIPlugin:80 - create IPUIPlugin
2026-08-05 22:03:57,441 [INFO] PluginManager:220 - loadIPPluginJar : add plateformsettings
2026-08-05 22:03:57,443 [INFO] IPUIPlugin:80 - create IPUIPlugin
2026-08-05 22:03:57,443 [INFO] PluginManager:220 - loadIPPluginJar : add spi
2026-08-05 22:03:57,446 [INFO] IPUIPlugin:80 - create IPUIPlugin
2026-08-05 22:03:57,446 [INFO] PluginManager:220 - loadIPPluginJar : add extmemmanager
2026-08-05 22:03:57,448 [INFO] IPUIPlugin:80 - create IPUIPlugin
2026-08-05 22:03:57,448 [INFO] PluginManager:220 - loadIPPluginJar : add quadspi
2026-08-05 22:03:57,452 [INFO] IPUIPlugin:80 - create IPUIPlugin
2026-08-05 22:03:57,452 [INFO] PluginManager:220 - loadIPPluginJar : add fmc
2026-08-05 22:03:57,454 [INFO] IPUIPlugin:80 - create IPUIPlugin
2026-08-05 22:03:57,454 [INFO] PluginManager:220 - loadIPPluginJar : add opamp
2026-08-05 22:03:57,456 [INFO] IPUIPlugin:80 - create IPUIPlugin
2026-08-05 22:03:57,456 [INFO] PluginManager:220 - loadIPPluginJar : add ts
2026-08-05 22:03:57,462 [INFO] IPUIPlugin:80 - create IPUIPlugin
2026-08-05 22:03:57,463 [INFO] PluginManager:220 - loadIPPluginJar : add gic
2026-08-05 22:03:57,468 [INFO] IPUIPlugin:80 - create IPUIPlugin
2026-08-05 22:03:57,469 [INFO] PluginManager:220 - loadIPPluginJar : add gpio
2026-08-05 22:03:57,473 [INFO] IPUIPlugin:80 - create IPUIPlugin
2026-08-05 22:03:57,474 [INFO] PluginManager:220 - loadIPPluginJar : add usart
2026-08-05 22:03:57,479 [INFO] IPUIPlugin:80 - create IPUIPlugin
2026-08-05 22:03:57,479 [INFO] PluginManager:220 - loadIPPluginJar : add usbx
2026-08-05 22:03:57,488 [INFO] IPUIPlugin:80 - create IPUIPlugin
2026-08-05 22:03:57,488 [INFO] PluginManager:220 - loadIPPluginJar : add linkedlist
2026-08-05 22:03:57,492 [INFO] IPUIPlugin:80 - create IPUIPlugin
2026-08-05 22:03:57,492 [INFO] PluginManager:220 - loadIPPluginJar : add i3c
2026-08-05 22:03:57,495 [INFO] IPUIPlugin:80 - create IPUIPlugin
2026-08-05 22:03:57,495 [INFO] PluginManager:220 - loadIPPluginJar : add aes
2026-08-05 22:03:57,499 [INFO] IPUIPlugin:80 - create IPUIPlugin
2026-08-05 22:03:57,500 [INFO] PluginManager:220 - loadIPPluginJar : add sai
2026-08-05 22:03:57,503 [INFO] IPUIPlugin:80 - create IPUIPlugin
2026-08-05 22:03:57,503 [INFO] PluginManager:220 - loadIPPluginJar : add tracer_emb
2026-08-05 22:03:57,510 [INFO] IPUIPlugin:80 - create IPUIPlugin
2026-08-05 22:03:57,510 [INFO] PluginManager:220 - loadIPPluginJar : add nvic
2026-08-05 22:03:57,515 [INFO] IPUIPlugin:80 - create IPUIPlugin
2026-08-05 22:03:57,515 [INFO] PluginManager:220 - loadIPPluginJar : add gtzc
2026-08-05 22:03:57,518 [INFO] IPUIPlugin:80 - create IPUIPlugin
2026-08-05 22:03:57,518 [INFO] PluginManager:220 - loadIPPluginJar : add fatfs
2026-08-05 22:03:57,526 [INFO] IPUIPlugin:80 - create IPUIPlugin
2026-08-05 22:03:57,527 [INFO] PluginManager:220 - loadIPPluginJar : add mdma
2026-08-05 22:03:57,529 [INFO] IPUIPlugin:80 - create IPUIPlugin
2026-08-05 22:03:57,530 [INFO] PluginManager:220 - loadIPPluginJar : add radio
2026-08-05 22:03:57,533 [INFO] IPUIPlugin:80 - create IPUIPlugin
2026-08-05 22:03:57,533 [INFO] PluginManager:220 - loadIPPluginJar : add pdm2pcm
2026-08-05 22:03:57,536 [INFO] IPUIPlugin:80 - create IPUIPlugin
2026-08-05 22:03:57,536 [INFO] PluginManager:220 - loadIPPluginJar : add ucpd
2026-08-05 22:03:57,540 [INFO] IPUIPlugin:80 - create IPUIPlugin
2026-08-05 22:03:57,541 [INFO] PluginManager:220 - loadIPPluginJar : add tim
2026-08-05 22:03:57,554 [INFO] IPUIPlugin:80 - create IPUIPlugin
2026-08-05 22:03:57,554 [INFO] PluginManager:220 - loadIPPluginJar : add stm32_wpan
2026-08-05 22:03:57,557 [INFO] IPUIPlugin:80 - create IPUIPlugin
2026-08-05 22:03:57,557 [INFO] PluginManager:220 - loadIPPluginJar : add tsc
2026-08-05 22:03:57,567 [INFO] IPUIPlugin:80 - create IPUIPlugin
2026-08-05 22:03:57,568 [INFO] PluginManager:220 - loadIPPluginJar : add dma
2026-08-05 22:03:57,570 [INFO] IPUIPlugin:80 - create IPUIPlugin
2026-08-05 22:03:57,570 [INFO] PluginManager:220 - loadIPPluginJar : add ltdc
2026-08-05 22:03:57,575 [INFO] IPUIPlugin:80 - create IPUIPlugin
2026-08-05 22:03:57,576 [INFO] PluginManager:220 - loadIPPluginJar : add cryp
2026-08-05 22:03:57,580 [INFO] IPUIPlugin:80 - create IPUIPlugin
2026-08-05 22:03:57,581 [INFO] PluginManager:220 - loadIPPluginJar : add dfsdm
2026-08-05 22:03:57,584 [INFO] IPUIPlugin:80 - create IPUIPlugin
2026-08-05 22:03:57,584 [INFO] PluginManager:220 - loadIPPluginJar : add can
2026-08-05 22:03:57,587 [INFO] IPUIPlugin:80 - create IPUIPlugin
2026-08-05 22:03:57,588 [INFO] PluginManager:220 - loadIPPluginJar : add hash
2026-08-05 22:03:57,592 [INFO] IPUIPlugin:80 - create IPUIPlugin
2026-08-05 22:03:57,593 [INFO] PluginManager:220 - loadIPPluginJar : add touchsensing
2026-08-05 22:03:57,603 [INFO] IPUIPlugin:80 - create IPUIPlugin
2026-08-05 22:03:57,603 [INFO] PluginManager:220 - loadIPPluginJar : add freertos
2026-08-05 22:03:57,606 [INFO] IPUIPlugin:80 - create IPUIPlugin
2026-08-05 22:03:57,606 [INFO] PluginManager:220 - loadIPPluginJar : add gfxmmu
2026-08-05 22:03:57,611 [INFO] IPUIPlugin:80 - create IPUIPlugin
2026-08-05 22:03:57,611 [INFO] PluginManager:220 - loadIPPluginJar : add ipddr
2026-08-05 22:03:57,613 [INFO] IPUIPlugin:80 - create IPUIPlugin
2026-08-05 22:03:57,614 [INFO] PluginManager:220 - loadIPPluginJar : add dma3
2026-08-05 22:03:57,617 [INFO] IPUIPlugin:80 - create IPUIPlugin
2026-08-05 22:03:57,617 [INFO] PluginManager:220 - loadIPPluginJar : add openamp
2026-08-05 22:03:57,619 [INFO] IPUIPlugin:80 - create IPUIPlugin
2026-08-05 22:03:57,619 [INFO] PluginManager:220 - loadIPPluginJar : add i2c
2026-08-05 22:03:57,621 [INFO] IPUIPlugin:80 - create IPUIPlugin
2026-08-05 22:03:57,621 [INFO] PluginManager:220 - loadIPPluginJar : add genericplugin
2026-08-05 22:03:57,623 [INFO] IPUIPlugin:80 - create IPUIPlugin
2026-08-05 22:03:57,623 [INFO] PluginManager:220 - loadIPPluginJar : add i2s
2026-08-05 22:03:57,625 [INFO] IPUIPlugin:80 - create IPUIPlugin
2026-08-05 22:03:57,625 [INFO] PluginManager:220 - loadIPPluginJar : add comp
2026-08-05 22:03:57,627 [INFO] IPUIPlugin:80 - create IPUIPlugin
2026-08-05 22:03:57,627 [INFO] PluginManager:220 - loadIPPluginJar : add lorawan
2026-08-05 22:03:57,630 [INFO] IPUIPlugin:80 - create IPUIPlugin
2026-08-05 22:03:57,630 [INFO] PluginManager:220 - loadIPPluginJar : add ddr_ctrl_phy
2026-08-05 22:03:57,741 [FATAL] Updater:351 - Updater called before beeing initialized
2026-08-05 22:03:57,771 [INFO] RulesReader:64 - Compatibility file has been processed (317 Rules)
2026-08-05 22:03:57,785 [INFO] RulesReader:64 - Compatibility file has been processed (317 Rules)
2026-08-05 22:03:57,794 [INFO] CADModel:165 - CPN selected for project level
2026-08-05 22:03:57,794 [INFO] CADModel:114 - Register for checkConnection events
2026-08-05 22:03:57,794 [FATAL] Updater:351 - Updater called before beeing initialized
2026-08-05 22:03:57,794 [ERROR] CADModel:125 - Updater not yet initialized, retry later 
2026-08-05 22:03:57,962 [FATAL] Updater:351 - Updater called before beeing initialized
2026-08-05 22:03:57,963 [INFO] CADModel:165 - CPN selected for project level
2026-08-05 22:03:57,964 [INFO] CADModel:114 - Register for checkConnection events
2026-08-05 22:03:57,964 [FATAL] Updater:351 - Updater called before beeing initialized
2026-08-05 22:03:57,964 [ERROR] CADModel:125 - Updater not yet initialized, retry later 
2026-08-05 22:03:57,968 [FATAL] Updater:351 - Updater called before beeing initialized
2026-08-05 22:03:58,067 [FATAL] Updater:351 - Updater called before beeing initialized
2026-08-05 22:03:58,072 [INFO] DbMcusAds:53 - JSON generation date=Wed Jul 15 16:44:54 ICT 2026 (1784108694001)
2026-08-05 22:03:58,072 [FATAL] Updater:351 - Updater called before beeing initialized
2026-08-05 22:03:58,109 [WARN] DetailPanel:346 - Failed to get advertising image, set to default
2026-08-05 22:03:58,208 [FATAL] Updater:351 - Updater called before beeing initialized
2026-08-05 22:03:58,210 [FATAL] Updater:351 - Updater called before beeing initialized
2026-08-05 22:03:58,210 [FATAL] Updater:351 - Updater called before beeing initialized
2026-08-05 22:03:58,210 [WARN] DetailPanel:346 - Failed to get advertising image, set to default
2026-08-05 22:03:58,211 [FATAL] Updater:351 - Updater called before beeing initialized
2026-08-05 22:03:58,248 [ERROR] Updater:1198 - MainUpdater not yet initialized. External WinMGr cannot be set.
2026-08-05 22:03:58,250 [INFO] Updater:1134 - Updater Version found : 6.15.0
2026-08-05 22:03:58,269 [INFO] ApplicationProperties:184 - Using Application install path: /opt/st/stm32cubeide_1.19.0/plugins/com.st.stm32cube.common.mx_6.15.0.202507011659
2026-08-05 22:03:58,283 [ERROR] LogOutputStream:75 - [STDERR_REDIRECT] Aug 05, 2026 10:03:58 PM java.util.prefs.FileSystemPreferences$2 run
2026-08-05 22:03:58,284 [ERROR] LogOutputStream:75 - [STDERR_REDIRECT] WARNING: Could not create system preferences directory. System preferences are unusable.
2026-08-05 22:03:58,284 [ERROR] LogOutputStream:75 - [STDERR_REDIRECT] 
2026-08-05 22:03:58,645 [INFO] MainUpdater:2872 - connection check result : 10
2026-08-05 22:03:58,646 [INFO] MainUpdater:289 - Updater Check For Update Now.
2026-08-05 22:03:58,646 [INFO] MicroXplorer:498 - Change Database Version : DB.6.0.150
2026-08-05 22:03:58,651 [INFO] McuFinderGlobals:63 - Set McuFinder mode to 2 (CubeIDE integrated)
2026-08-05 22:03:58,652 [INFO] UserAuth:171 - activating auth plugin
2026-08-05 22:03:58,658 [INFO] UserAuth:487 - Internet connection configuration mode: 1
2026-08-05 22:03:58,688 [INFO] JxBrowserEngine:152 - Initiate JxBrowser Engine with user profile folder
2026-08-05 22:03:58,896 [INFO] CheckServerUpdateThread:120 - End of CheckServer Thread
2026-08-05 22:04:00,309 [WARN] PackLoader:240 - Cannot read IP mode file for STMicroelectronics.X-CUBE-AZRTOS-H7.3.5.0
2026-08-05 22:04:00,346 [WARN] PackLoader:240 - Cannot read IP mode file for STMicroelectronics.FP-ATR-ASTRA1.2.0.3
2026-08-05 22:04:00,362 [ERROR] Engine:466 - /home/kkattmos/.stm32cubemx/thirdparties/pdsc/STMicroelectronics.X-CUBE-SMBUS.2.1.1.pdsc: PDSC version is not supported
2026-08-05 22:04:00,404 [INFO] WebApp:169 - Instantiating new browser for Auth
2026-08-05 22:04:00,418 [WARN] PackLoader:240 - Cannot read IP mode file for STMicroelectronics.X-CUBE-AZRTOS-F7.1.1.0
2026-08-05 22:04:00,452 [WARN] PackLoader:240 - Cannot read IP mode file for STMicroelectronics.X-CUBE-FREERTOS.1.6.0
2026-08-05 22:04:00,470 [WARN] PackLoader:240 - Cannot read IP mode file for STMicroelectronics.FP-SNS-MOTENV1.5.1.0
2026-08-05 22:04:00,544 [WARN] PackLoader:240 - Cannot read IP mode file for STMicroelectronics.X-CUBE-AZRTOS-H7RS.1.3.0
2026-08-05 22:04:00,576 [WARN] PackLoader:240 - Cannot read IP mode file for WES.I-CUBE-Cesium.1.4.0
2026-08-05 22:04:00,594 [WARN] PackLoader:240 - Cannot read IP mode file for STMicroelectronics.X-CUBE-DISPLAY.3.0.0
2026-08-05 22:04:00,621 [WARN] PackLoader:240 - Cannot read IP mode file for STMicroelectronics.X-CUBE-GNSS1.7.1.1
2026-08-05 22:04:00,632 [WARN] PackLoader:240 - Cannot read IP mode file for STMicroelectronics.FP-SNS-MOTENVWB1.1.5.0
2026-08-05 22:04:00,645 [WARN] PackLoader:240 - Cannot read IP mode file for STMicroelectronics.X-CUBE-NFC10.1.0.0
2026-08-05 22:04:00,657 [WARN] PackLoader:240 - Cannot read IP mode file for STMicroelectronics.X-CUBE-ST60.1.1.0
2026-08-05 22:04:00,670 [WARN] PackLoader:240 - Cannot read IP mode file for emotas.I-CUBE-CANOPEN.1.3.0
2026-08-05 22:04:00,678 [WARN] PackLoader:240 - Cannot read IP mode file for wolfSSL.I-CUBE-wolfSSL.5.9.2
2026-08-05 22:04:00,685 [ERROR] Engine:466 - /home/kkattmos/.stm32cubemx/thirdparties/pdsc/STMicroelectronics.X-CUBE-WBA.1.1.0.pdsc: PDSC version is not supported
2026-08-05 22:04:00,700 [WARN] PackLoader:240 - Cannot read IP mode file for STMicroelectronics.FP-SNS-STBOX1.2.1.0
2026-08-05 22:04:00,712 [WARN] PackLoader:240 - Cannot read IP mode file for STMicroelectronics.FP-SNS-SMARTAG2.1.2.0
2026-08-05 22:04:00,720 [WARN] PackLoader:240 - Cannot read IP mode file for STMicroelectronics.FP-SNS-FLIGHT1.5.1.0
2026-08-05 22:04:00,739 [INFO] LogOutputStream:77 - [STDOUT_REDIRECT] 1 : Invalid condition id : UX_CORESTACK_Condition cause : null
2026-08-05 22:04:00,741 [INFO] LogOutputStream:77 - [STDOUT_REDIRECT] 1 : Invalid condition id : UX_CORESTACK_Condition cause : null
2026-08-05 22:04:00,742 [INFO] LogOutputStream:77 - [STDOUT_REDIRECT] 1 : Invalid condition id : UX_CORESTACK_Condition cause : null
2026-08-05 22:04:00,742 [INFO] LogOutputStream:77 - [STDOUT_REDIRECT] 1 : Invalid condition id : UX_CORESTACK_Condition cause : null
2026-08-05 22:04:00,742 [INFO] LogOutputStream:77 - [STDOUT_REDIRECT] 1 : Invalid condition id : UX_CORESTACK_Condition cause : null
2026-08-05 22:04:00,747 [WARN] PackLoader:240 - Cannot read IP mode file for STMicroelectronics.X-CUBE-AZRTOS-WL.2.0.0
2026-08-05 22:04:00,757 [WARN] PackLoader:240 - Cannot read IP mode file for STMicroelectronics.X-CUBE-BLE2.3.3.0
2026-08-05 22:04:00,848 [WARN] PackLoader:240 - Cannot read IP mode file for Infineon.AIROC-Wi-Fi-Bluetooth-STM32.1.8.0
2026-08-05 22:04:00,868 [WARN] PackLoader:240 - Cannot read IP mode file for STMicroelectronics.X-CUBE-NFC9.1.0.0
2026-08-05 22:04:00,880 [WARN] PackLoader:240 - Cannot read IP mode file for STMicroelectronics.X-CUBE-BLE1.7.1.0
2026-08-05 22:04:00,886 [WARN] PackLoader:240 - Cannot read IP mode file for wolfSSL.I-CUBE-wolfMQTT.1.19.2
2026-08-05 22:04:00,896 [WARN] PackLoader:240 - Cannot read IP mode file for STMicroelectronics.X-CUBE-EEPRMA1.5.2.0
2026-08-05 22:04:00,908 [WARN] PackLoader:240 - Cannot read IP mode file for STMicroelectronics.FP-SNS-STAIOTCFT.1.1.0
2026-08-05 22:04:00,936 [WARN] PackLoader:240 - Cannot read IP mode file for STMicroelectronics.X-CUBE-AZRTOS-G0.1.1.0
2026-08-05 22:04:00,947 [WARN] PackLoader:240 - Cannot read IP mode file for STMicroelectronics.X-CUBE-NFC4.3.0.0
2026-08-05 22:04:00,958 [WARN] PackLoader:240 - Cannot read IP mode file for EmbeddedOffice.I-CUBE-FS-RTOS.1.0.1
2026-08-05 22:04:00,964 [WARN] PackLoader:240 - Cannot read IP mode file for wolfSSL.I-CUBE-wolfTPM.3.8.0
2026-08-05 22:04:00,972 [WARN] PackLoader:240 - Cannot read IP mode file for STMicroelectronics.X-CUBE-TCPP.4.2.0
2026-08-05 22:04:00,983 [WARN] PackLoader:240 - Cannot read IP mode file for RealThread.X-CUBE-RT-Thread_Nano.4.1.1
2026-08-05 22:04:00,992 [WARN] PackLoader:240 - Cannot read IP mode file for STMicroelectronics.FP-ATR-SIGFOX1.3.2.0
2026-08-05 22:04:01,008 [WARN] PackLoader:240 - Cannot read IP mode file for ITTIA_DB.I-CUBE-ITTIADB.8.9.0
2026-08-05 22:04:01,016 [WARN] PackLoader:240 - Cannot read IP mode file for Cesanta.I-CUBE-Mongoose.7.21.7
2026-08-05 22:04:01,032 [WARN] PackLoader:240 - Cannot read IP mode file for STMicroelectronics.X-CUBE-NFC6.3.2.0
2026-08-05 22:04:01,047 [WARN] PackLoader:240 - Cannot read IP mode file for STMicroelectronics.X-CUBE-AI.10.2.1
2026-08-05 22:04:01,113 [WARN] PackLoader:240 - Cannot read IP mode file for SEGGER.I-CUBE-embOS.1.3.1
2026-08-05 22:04:01,202 [WARN] PackLoader:240 - Cannot read IP mode file for STMicroelectronics.X-CUBE-NFC13.1.0.0
2026-08-05 22:04:01,213 [WARN] PackLoader:240 - Cannot read IP mode file for STMicroelectronics.X-CUBE-PM33A1.1.0.0
2026-08-05 22:04:01,242 [WARN] PackLoader:240 - Cannot read IP mode file for STMicroelectronics.X-CUBE-AZRTOS-F4.1.1.0
2026-08-05 22:04:01,252 [WARN] PackLoader:240 - Cannot read IP mode file for STMicroelectronics.X-CUBE-ISPU.2.1.0
2026-08-05 22:04:01,271 [WARN] PackLoader:240 - Cannot read IP mode file for STMicroelectronics.X-CUBE-IPS.3.2.0
2026-08-05 22:04:01,288 [WARN] PackLoader:240 - Cannot read IP mode file for STMicroelectronics.eDS-WB_DPC_TT-BIDIR.2.1.1
2026-08-05 22:04:01,295 [WARN] PackLoader:240 - Cannot read IP mode file for STMicroelectronics.X-CUBE-NFC12.1.0.0
2026-08-05 22:04:01,320 [WARN] PackLoader:240 - Cannot read IP mode file for STMicroelectronics.X-CUBE-AZRTOS-L5.2.0.0
2026-08-05 22:04:01,368 [WARN] PackLoader:240 - Cannot read IP mode file for STMicroelectronics.X-CUBE-ALGOBUILD.1.5.0
2026-08-05 22:04:01,375 [WARN] PackLoader:240 - Cannot read IP mode file for STMicroelectronics.eDS-WB_DPC_VIENNA.1.2.0
2026-08-05 22:04:01,434 [WARN] PackLoader:240 - Cannot read IP mode file for STMicroelectronics.X-CUBE-MEMS1.13.0.0
2026-08-05 22:04:01,537 [WARN] PackLoader:240 - Cannot read IP mode file for STMicroelectronics.eDS-WB_DPC_3PH2L-BIDIR.1.1.1
2026-08-05 22:04:01,541 [ERROR] Engine:466 - /home/kkattmos/.stm32cubemx/thirdparties/pdsc/STMicroelectronics.X-CUBE-ST67W61.1.3.0.pdsc: PDSC version is not supported
2026-08-05 22:04:01,548 [WARN] PackLoader:240 - Cannot read IP mode file for STMicroelectronics.X-CUBE-TOUCHGFX.4.26.1
2026-08-05 22:04:01,553 [WARN] PackLoader:240 - Cannot read IP mode file for STMicroelectronics.X-CUBE-DPower.1.3.0
2026-08-05 22:04:01,574 [WARN] ConditionMgr:438 - getConditionDescription Invalid condition id : LAN8742 Phy interface Condition cause : null
2026-08-05 22:04:01,576 [WARN] PackLoader:240 - Cannot read IP mode file for STMicroelectronics.X-CUBE-AZRTOS-L4.2.0.0
2026-08-05 22:04:01,577 [WARN] ConditionMgr:1044 - genDependencies : Invalid condition id : LAN8742 Phy interface Condition cause : null
2026-08-05 22:04:01,578 [WARN] ConditionMgr:1044 - genDependencies : Invalid condition id : LAN8742 Phy interface Condition cause : null
2026-08-05 22:04:01,579 [WARN] ConditionMgr:1044 - genDependencies : Invalid condition id : LAN8742 Phy interface Condition cause : null
2026-08-05 22:04:01,588 [WARN] PackLoader:240 - Cannot read IP mode file for STMicroelectronics.X-CUBE-SFXS2LP1.4.0.0
2026-08-05 22:04:01,594 [WARN] PackLoader:240 - Cannot read IP mode file for STMicroelectronics.X-CUBE-WB05N.2.1.0
2026-08-05 22:04:01,609 [WARN] ConditionMgr:438 - getConditionDescription Invalid condition id : UX DEVICE CLASS RTOS Condition cause : null
2026-08-05 22:04:01,609 [WARN] ConditionMgr:438 - getConditionDescription Invalid condition id : UX DEVICE CLASS RTOS Condition cause : null
2026-08-05 22:04:01,611 [WARN] PackLoader:240 - Cannot read IP mode file for STMicroelectronics.X-CUBE-AZRTOS-WB.2.0.0
2026-08-05 22:04:01,612 [WARN] ConditionMgr:1044 - genDependencies : Invalid condition id : UX DEVICE CLASS RTOS Condition cause : null
2026-08-05 22:04:01,612 [WARN] ConditionMgr:1044 - genDependencies : Invalid condition id : UX DEVICE CLASS RTOS Condition cause : null
2026-08-05 22:04:01,613 [WARN] ConditionMgr:1044 - genDependencies : Invalid condition id : UX DEVICE CLASS RTOS Condition cause : null
2026-08-05 22:04:01,613 [WARN] ConditionMgr:1044 - genDependencies : Invalid condition id : UX DEVICE CLASS RTOS Condition cause : null
2026-08-05 22:04:01,613 [WARN] ConditionMgr:1044 - genDependencies : Invalid condition id : UX DEVICE CLASS RTOS Condition cause : null
2026-08-05 22:04:01,617 [WARN] ConditionMgr:438 - getConditionDescription Invalid condition id : Cortex-A Device cause : null
2026-08-05 22:04:01,627 [WARN] ConditionMgr:1044 - genDependencies : Invalid condition id : Cortex-A Device cause : null
2026-08-05 22:04:01,627 [WARN] ConditionMgr:1044 - genDependencies : Invalid condition id : Cortex-A Device cause : null
2026-08-05 22:04:01,627 [WARN] ConditionMgr:1044 - genDependencies : Invalid condition id : Cortex-A Device cause : null
2026-08-05 22:04:01,634 [WARN] PackLoader:240 - Cannot read IP mode file for STMicroelectronics.X-CUBE-STSE01.2.0.0
2026-08-05 22:04:01,646 [WARN] PackLoader:240 - Cannot read IP mode file for STMicroelectronics.X-CUBE-SUBG2.5.0.0
2026-08-05 22:04:01,664 [WARN] PackLoader:240 - Cannot read IP mode file for STMicroelectronics.X-CUBE-AZRTOS-G4.2.0.0
2026-08-05 22:04:01,669 [WARN] PackLoader:240 - Cannot read IP mode file for wolfSSL.I-CUBE-wolfSSH.1.4.20
2026-08-05 22:04:01,673 [WARN] PackLoader:240 - Cannot read IP mode file for STMicroelectronics.X-CUBE-NFC7.2.0.0
2026-08-05 22:04:01,678 [ERROR] Engine:466 - /home/kkattmos/.stm32cubemx/thirdparties/pdsc/STMicroelectronics.X-CUBE-BLEMGR.4.2.0.pdsc: PDSC version is not supported
2026-08-05 22:04:01,682 [WARN] PackLoader:240 - Cannot read IP mode file for STMicroelectronics.X-CUBE-ALS.1.0.2
2026-08-05 22:04:01,695 [WARN] PackLoader:240 - Cannot read IP mode file for STMicroelectronics.X-CUBE-TOF1.3.4.3
2026-08-05 22:04:01,708 [INFO] ThirdParty:978 - Integrity check success = true
2026-08-05 22:04:01,708 [INFO] IntegrityCheckThread:100 - exiting critical section [integrity check]
2026-08-05 22:04:01,709 [INFO] IntegrityCheckThread:103 - End integrity checks thread
2026-08-05 22:04:02,430 [INFO] WebApp:463 - Apply proxy settings
2026-08-05 22:04:02,433 [INFO] WebApp:548 - Chromium requires no authentication
2026-08-05 22:04:02,453 [INFO] WebApp:491 - Direct internet connection detected
2026-08-05 22:04:02,492 [INFO] WebApp:900 - Register for checkConnection events
2026-08-05 22:04:02,492 [INFO] WebApp:463 - Apply proxy settings
2026-08-05 22:04:02,493 [INFO] WebApp:548 - Chromium requires no authentication
2026-08-05 22:04:02,495 [INFO] WebApp:491 - Direct internet connection detected
2026-08-05 22:04:02,757 [INFO] WebApp:225 - Starting web application
2026-08-05 22:04:02,758 [INFO] WebApp:593 - Web application path used /opt/st/stm32cubeide_1.19.0/plugins/com.st.stm32cube.common.mx_6.15.0.202507011659/db/plugins/mcufinder/reactClient1/index.html
2026-08-05 22:04:02,990 [INFO] WebApp:191 - Connection restablished
2026-08-05 22:04:18,331 [ERROR] LogOutputStream:75 - [STDERR_REDIRECT] Aug 05, 2026 10:04:18 PM java.util.prefs.FileSystemPreferences checkLockFile0ErrorCode
2026-08-05 22:04:18,332 [ERROR] LogOutputStream:75 - [STDERR_REDIRECT] WARNING: Could not lock System prefs. Unix error code 2.
2026-08-05 22:04:18,332 [ERROR] LogOutputStream:75 - [STDERR_REDIRECT] 
2026-08-05 22:04:18,333 [ERROR] LogOutputStream:75 - [STDERR_REDIRECT] Aug 05, 2026 10:04:18 PM java.util.prefs.FileSystemPreferences syncWorld
2026-08-05 22:04:18,333 [ERROR] LogOutputStream:75 - [STDERR_REDIRECT] WARNING: Couldn't flush system prefs: java.util.prefs.BackingStoreException: Couldn't get file lock.
2026-08-05 22:04:18,333 [ERROR] LogOutputStream:75 - [STDERR_REDIRECT] 
2026-08-05 22:04:21,449 [ERROR] LogOutputStream:75 - [STDERR_REDIRECT] SWT SessionManagerDBus: Failed to UnregisterClient: GDBus.Error:org.freedesktop.DBus.Error.NoReply: Message recipient disconnected from message bus without replying
2026-08-05 22:04:22,125 [ERROR] LogOutputStream:75 - [STDERR_REDIRECT] 
2026-08-05 22:04:22,133 [ERROR] LogOutputStream:75 - [STDERR_REDIRECT] 
2026-08-05 22:06:33,070 [INFO] Activator:176 - 


2026-08-05 22:06:33,072 [INFO] Activator:177 - !SESSION log4j initialized
2026-08-05 22:06:36,745 [INFO] LogOutputStream:77 - [STDOUT_REDIRECT] 
2026-08-05 22:06:39,811 [INFO] ApplicationProperties:184 - Using Application install path: /opt/st/stm32cubeide_1.19.0/plugins/com.st.stm32cube.common.mx_6.15.0.202507011659
2026-08-05 22:06:39,861 [INFO] DbMcusXml:78 - Set database path to: /opt/st/stm32cubeide_1.19.0/plugins/com.st.stm32cube.common.mx_6.15.0.202507011659//db//mcu/
2026-08-05 22:06:39,861 [INFO] ApiDb:274 - Set plugin database path to: /opt/st/stm32cubeide_1.19.0/plugins/com.st.stm32cube.common.mx_6.15.0.202507011659//db//plugins/boardmanager/
2026-08-05 22:06:39,862 [WARN] ApiDb:259 - Overriding images path with different value:  => /opt/st/stm32cubeide_1.19.0/plugins/com.st.stm32cube.common.mx_6.15.0.202507011659//db//plugins/mcufinder/images/
2026-08-05 22:06:39,880 [INFO] ApiDb:250 - Set database path to: /home/kkattmos/.stmcufinder/plugins/mcufinder//mcu/
2026-08-05 22:06:39,884 [INFO] DbMcusAds:125 - Set database path to: /home/kkattmos/.stmcufinder/plugins/mcufinder//mcu/
2026-08-05 22:06:39,890 [INFO] CrossReferenceDbSqlite:203 - Set database path to: /home/kkattmos/.stmcufinder/plugins/mcufinder//mcu/cs/
2026-08-05 22:06:40,129 [INFO] RulesReader:64 - Compatibility file has been processed (317 Rules)
2026-08-05 22:06:40,245 [INFO] DbMcusXml:78 - Set database path to: /opt/st/stm32cubeide_1.19.0/plugins/com.st.stm32cube.common.mx_6.15.0.202507011659//db//mcu/
2026-08-05 22:06:40,246 [INFO] ApiDb:274 - Set plugin database path to: /opt/st/stm32cubeide_1.19.0/plugins/com.st.stm32cube.common.mx_6.15.0.202507011659//db//plugins/boardmanager/
2026-08-05 22:06:40,246 [INFO] ApiDb:261 - Set plugin images path to: /opt/st/stm32cubeide_1.19.0/plugins/com.st.stm32cube.common.mx_6.15.0.202507011659//db//plugins/mcufinder/images/
2026-08-05 22:06:40,246 [WARN] DbFile:41 - Overriding database path with different value: /home/kkattmos/.stmcufinder/plugins/mcufinder/ => /home/kkattmos/.stmcufinder/plugins/mcufinder
2026-08-05 22:06:40,247 [INFO] ApiDb:250 - Set database path to: /home/kkattmos/.stmcufinder/plugins/mcufinder//mcu/
2026-08-05 22:06:40,247 [WARN] DbFile:41 - Overriding database path with different value: /home/kkattmos/.stmcufinder/plugins/mcufinder/ => /home/kkattmos/.stmcufinder/plugins/mcufinder
2026-08-05 22:06:40,247 [INFO] DbMcusAds:125 - Set database path to: /home/kkattmos/.stmcufinder/plugins/mcufinder//mcu/
2026-08-05 22:06:40,247 [WARN] DbFile:41 - Overriding database path with different value: /home/kkattmos/.stmcufinder/plugins/mcufinder/ => /home/kkattmos/.stmcufinder/plugins/mcufinder
2026-08-05 22:06:40,247 [WARN] DbFile:41 - Overriding database path with different value: /home/kkattmos/.stmcufinder/plugins/mcufinder/ => /home/kkattmos/.stmcufinder/plugins/mcufinder
2026-08-05 22:06:40,247 [INFO] CrossReferenceDbSqlite:203 - Set database path to: /home/kkattmos/.stmcufinder/plugins/mcufinder//mcu/cs/
2026-08-05 22:06:40,358 [INFO] MainPanel:274 - HeapMemory: 268435456
2026-08-05 22:06:40,620 [INFO] DbMcusXml:78 - Set database path to: /opt/st/stm32cubeide_1.19.0/plugins/com.st.stm32cube.common.mx_6.15.0.202507011659//db//mcu/
2026-08-05 22:06:40,620 [INFO] ApiDb:274 - Set plugin database path to: /opt/st/stm32cubeide_1.19.0/plugins/com.st.stm32cube.common.mx_6.15.0.202507011659//db//plugins/boardmanager/
2026-08-05 22:06:40,620 [INFO] ApiDb:261 - Set plugin images path to: /opt/st/stm32cubeide_1.19.0/plugins/com.st.stm32cube.common.mx_6.15.0.202507011659//db//plugins/mcufinder/images/
2026-08-05 22:06:40,621 [WARN] DbFile:41 - Overriding database path with different value: /home/kkattmos/.stmcufinder/plugins/mcufinder/ => /home/kkattmos/.stmcufinder/plugins/mcufinder
2026-08-05 22:06:40,622 [INFO] ApiDb:250 - Set database path to: /home/kkattmos/.stmcufinder/plugins/mcufinder//mcu/
2026-08-05 22:06:40,622 [WARN] DbFile:41 - Overriding database path with different value: /home/kkattmos/.stmcufinder/plugins/mcufinder/ => /home/kkattmos/.stmcufinder/plugins/mcufinder
2026-08-05 22:06:40,622 [INFO] DbMcusAds:125 - Set database path to: /home/kkattmos/.stmcufinder/plugins/mcufinder//mcu/
2026-08-05 22:06:40,622 [WARN] DbFile:41 - Overriding database path with different value: /home/kkattmos/.stmcufinder/plugins/mcufinder/ => /home/kkattmos/.stmcufinder/plugins/mcufinder
2026-08-05 22:06:40,622 [WARN] DbFile:41 - Overriding database path with different value: /home/kkattmos/.stmcufinder/plugins/mcufinder/ => /home/kkattmos/.stmcufinder/plugins/mcufinder
2026-08-05 22:06:40,623 [INFO] CrossReferenceDbSqlite:203 - Set database path to: /home/kkattmos/.stmcufinder/plugins/mcufinder//mcu/cs/
2026-08-05 22:06:40,654 [INFO] ApplicationProperties:184 - Using Application install path: /opt/st/stm32cubeide_1.19.0/plugins/com.st.stm32cube.common.mx_6.15.0.202507011659
2026-08-05 22:06:40,658 [INFO] PluginManage:196 - Search for loadable plugins [exclusion list=, ]
2026-08-05 22:06:40,660 [INFO] PluginManage:310 - Check plugin analytics
2026-08-05 22:06:41,020 [INFO] AnalyticsPlugin:253 - Accepted Software Licenses: 
2026-08-05 22:06:41,021 [INFO] AnalyticsPlugin:255 - Accepted CMSIS Pack Licenses: 
2026-08-05 22:06:41,021 [INFO] AnalyticsPlugin:257 - Accepted Firmware Licenses: FW.F4.1.28.0,FW.F4.1.28.3
2026-08-05 22:06:41,029 [INFO] PluginManage:359 - Loaded plugin analytics (category:tool,tabindex:-1)
2026-08-05 22:06:41,030 [INFO] PluginManage:310 - Check plugin cadmodel
2026-08-05 22:06:41,046 [INFO] CADModel:105 - Init CAD model plugin
2026-08-05 22:06:41,047 [INFO] PluginManage:359 - Loaded plugin cadmodel (category:power,tabindex:5)
2026-08-05 22:06:41,047 [INFO] PluginManage:310 - Check plugin clock
2026-08-05 22:06:41,077 [INFO] PluginManage:359 - Loaded plugin clock (category:base,tabindex:2)
2026-08-05 22:06:41,078 [INFO] PluginManage:310 - Check plugin ddr
2026-08-05 22:06:41,083 [INFO] PluginManage:359 - Loaded plugin ddr (category:tool,tabindex:6)
2026-08-05 22:06:41,084 [INFO] PluginManage:310 - Check plugin filemanager
2026-08-05 22:06:41,432 [INFO] PluginManage:359 - Loaded plugin filemanager (category:base,tabindex:10)
2026-08-05 22:06:41,433 [INFO] PluginManage:310 - Check plugin ipmanager
2026-08-05 22:06:41,454 [INFO] PluginManage:359 - Loaded plugin ipmanager (category:base,tabindex:5)
2026-08-05 22:06:41,455 [INFO] PluginManage:310 - Check plugin lpbam
2026-08-05 22:06:41,487 [INFO] PluginManage:359 - Loaded plugin lpbam (category:base,tabindex:0)
2026-08-05 22:06:41,488 [INFO] PluginManage:310 - Check plugin memorymap
2026-08-05 22:06:41,592 [INFO] PluginManage:359 - Loaded plugin memorymap (category:base,tabindex:4)
2026-08-05 22:06:41,593 [INFO] PluginManage:310 - Check plugin pinoutandconfiguration
2026-08-05 22:06:41,627 [INFO] PluginManage:359 - Loaded plugin pinoutandconfiguration (category:base,tabindex:1)
2026-08-05 22:06:41,627 [INFO] PluginManage:310 - Check plugin pinoutconfig
2026-08-05 22:06:41,868 [WARN] SupportedApi:132 - Cannot load RTOS API schema: s4s-elt-must-match.1: The content of 'definitions' must match (annotation?, (simpleType | complexType)?, (unique | key | keyref)*)). A problem was found starting at: attribute.
2026-08-05 22:06:42,224 [INFO] PluginManage:359 - Loaded plugin pinoutconfig (category:base,tabindex:0)
2026-08-05 22:06:42,225 [INFO] PluginManage:310 - Check plugin power
2026-08-05 22:06:42,249 [INFO] PluginManage:359 - Loaded plugin power (category:power,tabindex:4)
2026-08-05 22:06:42,250 [INFO] PluginManage:310 - Check plugin projectmanager
2026-08-05 22:06:42,286 [INFO] PluginManage:359 - Loaded plugin projectmanager (category:projectmanager,tabindex:4)
2026-08-05 22:06:42,286 [INFO] PluginManage:310 - Check plugin rif
2026-08-05 22:06:42,302 [INFO] PluginManage:359 - Loaded plugin rif (category:base,tabindex:3)
2026-08-05 22:06:42,303 [INFO] PluginManage:310 - Check plugin thirdparty
2026-08-05 22:06:42,452 [INFO] PluginManage:359 - Loaded plugin thirdparty (category:base,tabindex:-1)
2026-08-05 22:06:42,452 [WARN] IntegrityCheckThread:84 - waiting for thirdparty lock release [integrity check]
2026-08-05 22:06:42,452 [INFO] PluginManage:310 - Check plugin tools
2026-08-05 22:06:42,453 [INFO] IntegrityCheckThread:86 - entering critical section [integrity check]
2026-08-05 22:06:42,453 [INFO] ThirdPartyUpdaterWithRetryManager:70 - Updater plugin not ready yet. [1/15]
2026-08-05 22:06:42,455 [INFO] PluginManage:359 - Loaded plugin tools (category:base,tabindex:7)
2026-08-05 22:06:42,455 [INFO] PluginManage:310 - Check plugin tutovideos
2026-08-05 22:06:42,709 [INFO] PluginManage:359 - Loaded plugin tutovideos (category:base,tabindex:-1)
2026-08-05 22:06:42,709 [INFO] PluginManage:310 - Check plugin updater
2026-08-05 22:06:42,734 [INFO] PluginManage:359 - Loaded plugin updater (category:base,tabindex:12)
2026-08-05 22:06:42,734 [INFO] PluginManage:310 - Check plugin userauth
2026-08-05 22:06:42,739 [INFO] UserAuth:118 - Init User Auth plugin
2026-08-05 22:06:42,740 [INFO] PluginManage:359 - Loaded plugin userauth (category:base,tabindex:14)
2026-08-05 22:06:42,740 [INFO] PluginManage:283 - PluginManage : Loaded plugins [18]
2026-08-05 22:06:42,953 [INFO] PinOutPanel:1589 - setPackage(No Configuration,No Configuration)
2026-08-05 22:06:43,033 [INFO] CADModel:165 - CPN selected for project level
2026-08-05 22:06:43,033 [INFO] CADModel:114 - Register for checkConnection events
2026-08-05 22:06:43,049 [INFO] IPUIPlugin:80 - create IPUIPlugin
2026-08-05 22:06:43,049 [INFO] PluginManager:220 - loadIPPluginJar : add resmgrutility
2026-08-05 22:06:43,059 [INFO] IPUIPlugin:80 - create IPUIPlugin
2026-08-05 22:06:43,059 [INFO] PluginManager:220 - loadIPPluginJar : add adc
2026-08-05 22:06:43,067 [INFO] IPUIPlugin:80 - create IPUIPlugin
2026-08-05 22:06:43,071 [INFO] PluginManager:220 - loadIPPluginJar : add plateformsettings
2026-08-05 22:06:43,074 [INFO] IPUIPlugin:80 - create IPUIPlugin
2026-08-05 22:06:43,074 [INFO] PluginManager:220 - loadIPPluginJar : add spi
2026-08-05 22:06:43,077 [INFO] IPUIPlugin:80 - create IPUIPlugin
2026-08-05 22:06:43,077 [INFO] PluginManager:220 - loadIPPluginJar : add extmemmanager
2026-08-05 22:06:43,079 [INFO] IPUIPlugin:80 - create IPUIPlugin
2026-08-05 22:06:43,079 [INFO] PluginManager:220 - loadIPPluginJar : add quadspi
2026-08-05 22:06:43,084 [INFO] IPUIPlugin:80 - create IPUIPlugin
2026-08-05 22:06:43,084 [INFO] PluginManager:220 - loadIPPluginJar : add fmc
2026-08-05 22:06:43,087 [INFO] IPUIPlugin:80 - create IPUIPlugin
2026-08-05 22:06:43,087 [INFO] PluginManager:220 - loadIPPluginJar : add opamp
2026-08-05 22:06:43,089 [INFO] IPUIPlugin:80 - create IPUIPlugin
2026-08-05 22:06:43,090 [INFO] PluginManager:220 - loadIPPluginJar : add ts
2026-08-05 22:06:43,096 [INFO] IPUIPlugin:80 - create IPUIPlugin
2026-08-05 22:06:43,096 [INFO] PluginManager:220 - loadIPPluginJar : add gic
2026-08-05 22:06:43,102 [INFO] IPUIPlugin:80 - create IPUIPlugin
2026-08-05 22:06:43,102 [INFO] PluginManager:220 - loadIPPluginJar : add gpio
2026-08-05 22:06:43,105 [INFO] IPUIPlugin:80 - create IPUIPlugin
2026-08-05 22:06:43,105 [INFO] PluginManager:220 - loadIPPluginJar : add usart
2026-08-05 22:06:43,108 [INFO] IPUIPlugin:80 - create IPUIPlugin
2026-08-05 22:06:43,109 [INFO] PluginManager:220 - loadIPPluginJar : add usbx
2026-08-05 22:06:43,117 [INFO] IPUIPlugin:80 - create IPUIPlugin
2026-08-05 22:06:43,117 [INFO] PluginManager:220 - loadIPPluginJar : add linkedlist
2026-08-05 22:06:43,121 [INFO] IPUIPlugin:80 - create IPUIPlugin
2026-08-05 22:06:43,121 [INFO] PluginManager:220 - loadIPPluginJar : add i3c
2026-08-05 22:06:43,124 [INFO] IPUIPlugin:80 - create IPUIPlugin
2026-08-05 22:06:43,124 [INFO] PluginManager:220 - loadIPPluginJar : add aes
2026-08-05 22:06:43,127 [INFO] IPUIPlugin:80 - create IPUIPlugin
2026-08-05 22:06:43,127 [INFO] PluginManager:220 - loadIPPluginJar : add sai
2026-08-05 22:06:43,129 [INFO] IPUIPlugin:80 - create IPUIPlugin
2026-08-05 22:06:43,130 [INFO] PluginManager:220 - loadIPPluginJar : add tracer_emb
2026-08-05 22:06:43,134 [INFO] IPUIPlugin:80 - create IPUIPlugin
2026-08-05 22:06:43,135 [INFO] PluginManager:220 - loadIPPluginJar : add nvic
2026-08-05 22:06:43,138 [INFO] IPUIPlugin:80 - create IPUIPlugin
2026-08-05 22:06:43,138 [INFO] PluginManager:220 - loadIPPluginJar : add gtzc
2026-08-05 22:06:43,140 [INFO] IPUIPlugin:80 - create IPUIPlugin
2026-08-05 22:06:43,140 [INFO] PluginManager:220 - loadIPPluginJar : add fatfs
2026-08-05 22:06:43,147 [INFO] IPUIPlugin:80 - create IPUIPlugin
2026-08-05 22:06:43,147 [INFO] PluginManager:220 - loadIPPluginJar : add mdma
2026-08-05 22:06:43,150 [INFO] IPUIPlugin:80 - create IPUIPlugin
2026-08-05 22:06:43,151 [INFO] PluginManager:220 - loadIPPluginJar : add radio
2026-08-05 22:06:43,154 [INFO] IPUIPlugin:80 - create IPUIPlugin
2026-08-05 22:06:43,155 [INFO] PluginManager:220 - loadIPPluginJar : add pdm2pcm
2026-08-05 22:06:43,157 [INFO] IPUIPlugin:80 - create IPUIPlugin
2026-08-05 22:06:43,157 [INFO] PluginManager:220 - loadIPPluginJar : add ucpd
2026-08-05 22:06:43,159 [INFO] IPUIPlugin:80 - create IPUIPlugin
2026-08-05 22:06:43,159 [INFO] PluginManager:220 - loadIPPluginJar : add tim
2026-08-05 22:06:43,167 [INFO] IPUIPlugin:80 - create IPUIPlugin
2026-08-05 22:06:43,167 [INFO] PluginManager:220 - loadIPPluginJar : add stm32_wpan
2026-08-05 22:06:43,169 [INFO] IPUIPlugin:80 - create IPUIPlugin
2026-08-05 22:06:43,169 [INFO] PluginManager:220 - loadIPPluginJar : add tsc
2026-08-05 22:06:43,176 [INFO] IPUIPlugin:80 - create IPUIPlugin
2026-08-05 22:06:43,176 [INFO] PluginManager:220 - loadIPPluginJar : add dma
2026-08-05 22:06:43,178 [INFO] IPUIPlugin:80 - create IPUIPlugin
2026-08-05 22:06:43,178 [INFO] PluginManager:220 - loadIPPluginJar : add ltdc
2026-08-05 22:06:43,181 [INFO] IPUIPlugin:80 - create IPUIPlugin
2026-08-05 22:06:43,181 [INFO] PluginManager:220 - loadIPPluginJar : add cryp
2026-08-05 22:06:43,184 [INFO] IPUIPlugin:80 - create IPUIPlugin
2026-08-05 22:06:43,184 [INFO] PluginManager:220 - loadIPPluginJar : add dfsdm
2026-08-05 22:06:43,187 [INFO] IPUIPlugin:80 - create IPUIPlugin
2026-08-05 22:06:43,187 [INFO] PluginManager:220 - loadIPPluginJar : add can
2026-08-05 22:06:43,190 [INFO] IPUIPlugin:80 - create IPUIPlugin
2026-08-05 22:06:43,190 [INFO] PluginManager:220 - loadIPPluginJar : add hash
2026-08-05 22:06:43,194 [INFO] IPUIPlugin:80 - create IPUIPlugin
2026-08-05 22:06:43,195 [INFO] PluginManager:220 - loadIPPluginJar : add touchsensing
2026-08-05 22:06:43,202 [INFO] IPUIPlugin:80 - create IPUIPlugin
2026-08-05 22:06:43,202 [INFO] PluginManager:220 - loadIPPluginJar : add freertos
2026-08-05 22:06:43,206 [INFO] IPUIPlugin:80 - create IPUIPlugin
2026-08-05 22:06:43,206 [INFO] PluginManager:220 - loadIPPluginJar : add gfxmmu
2026-08-05 22:06:43,210 [INFO] IPUIPlugin:80 - create IPUIPlugin
2026-08-05 22:06:43,210 [INFO] PluginManager:220 - loadIPPluginJar : add ipddr
2026-08-05 22:06:43,213 [INFO] IPUIPlugin:80 - create IPUIPlugin
2026-08-05 22:06:43,213 [INFO] PluginManager:220 - loadIPPluginJar : add dma3
2026-08-05 22:06:43,216 [INFO] IPUIPlugin:80 - create IPUIPlugin
2026-08-05 22:06:43,216 [INFO] PluginManager:220 - loadIPPluginJar : add openamp
2026-08-05 22:06:43,219 [INFO] IPUIPlugin:80 - create IPUIPlugin
2026-08-05 22:06:43,219 [INFO] PluginManager:220 - loadIPPluginJar : add i2c
2026-08-05 22:06:43,220 [INFO] IPUIPlugin:80 - create IPUIPlugin
2026-08-05 22:06:43,221 [INFO] PluginManager:220 - loadIPPluginJar : add genericplugin
2026-08-05 22:06:43,223 [INFO] IPUIPlugin:80 - create IPUIPlugin
2026-08-05 22:06:43,223 [INFO] PluginManager:220 - loadIPPluginJar : add i2s
2026-08-05 22:06:43,225 [INFO] IPUIPlugin:80 - create IPUIPlugin
2026-08-05 22:06:43,225 [INFO] PluginManager:220 - loadIPPluginJar : add comp
2026-08-05 22:06:43,228 [INFO] IPUIPlugin:80 - create IPUIPlugin
2026-08-05 22:06:43,228 [INFO] PluginManager:220 - loadIPPluginJar : add lorawan
2026-08-05 22:06:43,231 [INFO] IPUIPlugin:80 - create IPUIPlugin
2026-08-05 22:06:43,231 [INFO] PluginManager:220 - loadIPPluginJar : add ddr_ctrl_phy
2026-08-05 22:06:43,342 [FATAL] Updater:351 - Updater called before beeing initialized
2026-08-05 22:06:43,373 [INFO] RulesReader:64 - Compatibility file has been processed (317 Rules)
2026-08-05 22:06:43,385 [INFO] RulesReader:64 - Compatibility file has been processed (317 Rules)
2026-08-05 22:06:43,393 [INFO] CADModel:165 - CPN selected for project level
2026-08-05 22:06:43,393 [INFO] CADModel:114 - Register for checkConnection events
2026-08-05 22:06:43,394 [FATAL] Updater:351 - Updater called before beeing initialized
2026-08-05 22:06:43,394 [ERROR] CADModel:125 - Updater not yet initialized, retry later 
2026-08-05 22:06:43,558 [FATAL] Updater:351 - Updater called before beeing initialized
2026-08-05 22:06:43,560 [INFO] CADModel:165 - CPN selected for project level
2026-08-05 22:06:43,561 [INFO] CADModel:114 - Register for checkConnection events
2026-08-05 22:06:43,561 [FATAL] Updater:351 - Updater called before beeing initialized
2026-08-05 22:06:43,561 [ERROR] CADModel:125 - Updater not yet initialized, retry later 
2026-08-05 22:06:43,564 [FATAL] Updater:351 - Updater called before beeing initialized
2026-08-05 22:06:43,677 [FATAL] Updater:351 - Updater called before beeing initialized
2026-08-05 22:06:43,682 [INFO] DbMcusAds:53 - JSON generation date=Wed Jul 15 16:44:54 ICT 2026 (1784108694001)
2026-08-05 22:06:43,683 [FATAL] Updater:351 - Updater called before beeing initialized
2026-08-05 22:06:43,725 [WARN] DetailPanel:346 - Failed to get advertising image, set to default
2026-08-05 22:06:43,813 [FATAL] Updater:351 - Updater called before beeing initialized
2026-08-05 22:06:43,815 [FATAL] Updater:351 - Updater called before beeing initialized
2026-08-05 22:06:43,815 [FATAL] Updater:351 - Updater called before beeing initialized
2026-08-05 22:06:43,815 [WARN] DetailPanel:346 - Failed to get advertising image, set to default
2026-08-05 22:06:43,817 [FATAL] Updater:351 - Updater called before beeing initialized
2026-08-05 22:06:43,860 [ERROR] Updater:1198 - MainUpdater not yet initialized. External WinMGr cannot be set.
2026-08-05 22:06:43,862 [INFO] Updater:1134 - Updater Version found : 6.15.0
2026-08-05 22:06:43,884 [INFO] ApplicationProperties:184 - Using Application install path: /opt/st/stm32cubeide_1.19.0/plugins/com.st.stm32cube.common.mx_6.15.0.202507011659
2026-08-05 22:06:43,905 [ERROR] LogOutputStream:75 - [STDERR_REDIRECT] Aug 05, 2026 10:06:43 PM java.util.prefs.FileSystemPreferences$2 run
2026-08-05 22:06:43,905 [ERROR] LogOutputStream:75 - [STDERR_REDIRECT] WARNING: Could not create system preferences directory. System preferences are unusable.
2026-08-05 22:06:43,905 [ERROR] LogOutputStream:75 - [STDERR_REDIRECT] 
2026-08-05 22:06:44,408 [INFO] MainUpdater:2872 - connection check result : 10
2026-08-05 22:06:44,409 [INFO] MainUpdater:289 - Updater Check For Update Now.
2026-08-05 22:06:44,410 [INFO] MicroXplorer:498 - Change Database Version : DB.6.0.150
2026-08-05 22:06:44,416 [INFO] McuFinderGlobals:63 - Set McuFinder mode to 2 (CubeIDE integrated)
2026-08-05 22:06:44,417 [INFO] UserAuth:171 - activating auth plugin
2026-08-05 22:06:44,422 [INFO] UserAuth:487 - Internet connection configuration mode: 1
2026-08-05 22:06:44,455 [INFO] JxBrowserEngine:152 - Initiate JxBrowser Engine with user profile folder
2026-08-05 22:06:44,670 [INFO] CheckServerUpdateThread:120 - End of CheckServer Thread
2026-08-05 22:06:45,819 [WARN] PackLoader:240 - Cannot read IP mode file for STMicroelectronics.X-CUBE-AZRTOS-H7.3.5.0
2026-08-05 22:06:45,856 [WARN] PackLoader:240 - Cannot read IP mode file for STMicroelectronics.FP-ATR-ASTRA1.2.0.3
2026-08-05 22:06:45,874 [ERROR] Engine:466 - /home/kkattmos/.stm32cubemx/thirdparties/pdsc/STMicroelectronics.X-CUBE-SMBUS.2.1.1.pdsc: PDSC version is not supported
2026-08-05 22:06:45,941 [WARN] PackLoader:240 - Cannot read IP mode file for STMicroelectronics.X-CUBE-AZRTOS-F7.1.1.0
2026-08-05 22:06:45,975 [WARN] PackLoader:240 - Cannot read IP mode file for STMicroelectronics.X-CUBE-FREERTOS.1.6.0
2026-08-05 22:06:45,989 [WARN] PackLoader:240 - Cannot read IP mode file for STMicroelectronics.FP-SNS-MOTENV1.5.1.0
2026-08-05 22:06:46,060 [WARN] PackLoader:240 - Cannot read IP mode file for STMicroelectronics.X-CUBE-AZRTOS-H7RS.1.3.0
2026-08-05 22:06:46,077 [INFO] WebApp:169 - Instantiating new browser for Auth
2026-08-05 22:06:46,100 [WARN] PackLoader:240 - Cannot read IP mode file for WES.I-CUBE-Cesium.1.4.0
2026-08-05 22:06:46,124 [WARN] PackLoader:240 - Cannot read IP mode file for STMicroelectronics.X-CUBE-DISPLAY.3.0.0
2026-08-05 22:06:46,160 [WARN] PackLoader:240 - Cannot read IP mode file for STMicroelectronics.X-CUBE-GNSS1.7.1.1
2026-08-05 22:06:46,175 [WARN] PackLoader:240 - Cannot read IP mode file for STMicroelectronics.FP-SNS-MOTENVWB1.1.5.0
2026-08-05 22:06:46,192 [WARN] PackLoader:240 - Cannot read IP mode file for STMicroelectronics.X-CUBE-NFC10.1.0.0
2026-08-05 22:06:46,210 [WARN] PackLoader:240 - Cannot read IP mode file for STMicroelectronics.X-CUBE-ST60.1.1.0
2026-08-05 22:06:46,223 [WARN] PackLoader:240 - Cannot read IP mode file for emotas.I-CUBE-CANOPEN.1.3.0
2026-08-05 22:06:46,232 [WARN] PackLoader:240 - Cannot read IP mode file for wolfSSL.I-CUBE-wolfSSL.5.9.2
2026-08-05 22:06:46,240 [ERROR] Engine:466 - /home/kkattmos/.stm32cubemx/thirdparties/pdsc/STMicroelectronics.X-CUBE-WBA.1.1.0.pdsc: PDSC version is not supported
2026-08-05 22:06:46,256 [WARN] PackLoader:240 - Cannot read IP mode file for STMicroelectronics.FP-SNS-STBOX1.2.1.0
2026-08-05 22:06:46,270 [WARN] PackLoader:240 - Cannot read IP mode file for STMicroelectronics.FP-SNS-SMARTAG2.1.2.0
2026-08-05 22:06:46,279 [WARN] PackLoader:240 - Cannot read IP mode file for STMicroelectronics.FP-SNS-FLIGHT1.5.1.0
2026-08-05 22:06:46,300 [INFO] LogOutputStream:77 - [STDOUT_REDIRECT] 1 : Invalid condition id : UX_CORESTACK_Condition cause : null
2026-08-05 22:06:46,302 [INFO] LogOutputStream:77 - [STDOUT_REDIRECT] 1 : Invalid condition id : UX_CORESTACK_Condition cause : null
2026-08-05 22:06:46,302 [INFO] LogOutputStream:77 - [STDOUT_REDIRECT] 1 : Invalid condition id : UX_CORESTACK_Condition cause : null
2026-08-05 22:06:46,303 [INFO] LogOutputStream:77 - [STDOUT_REDIRECT] 1 : Invalid condition id : UX_CORESTACK_Condition cause : null
2026-08-05 22:06:46,303 [INFO] LogOutputStream:77 - [STDOUT_REDIRECT] 1 : Invalid condition id : UX_CORESTACK_Condition cause : null
2026-08-05 22:06:46,310 [WARN] PackLoader:240 - Cannot read IP mode file for STMicroelectronics.X-CUBE-AZRTOS-WL.2.0.0
2026-08-05 22:06:46,324 [WARN] PackLoader:240 - Cannot read IP mode file for STMicroelectronics.X-CUBE-BLE2.3.3.0
2026-08-05 22:06:46,421 [WARN] PackLoader:240 - Cannot read IP mode file for Infineon.AIROC-Wi-Fi-Bluetooth-STM32.1.8.0
2026-08-05 22:06:46,447 [WARN] PackLoader:240 - Cannot read IP mode file for STMicroelectronics.X-CUBE-NFC9.1.0.0
2026-08-05 22:06:46,463 [WARN] PackLoader:240 - Cannot read IP mode file for STMicroelectronics.X-CUBE-BLE1.7.1.0
2026-08-05 22:06:46,471 [WARN] PackLoader:240 - Cannot read IP mode file for wolfSSL.I-CUBE-wolfMQTT.1.19.2
2026-08-05 22:06:46,484 [WARN] PackLoader:240 - Cannot read IP mode file for STMicroelectronics.X-CUBE-EEPRMA1.5.2.0
2026-08-05 22:06:46,503 [WARN] PackLoader:240 - Cannot read IP mode file for STMicroelectronics.FP-SNS-STAIOTCFT.1.1.0
2026-08-05 22:06:46,541 [WARN] PackLoader:240 - Cannot read IP mode file for STMicroelectronics.X-CUBE-AZRTOS-G0.1.1.0
2026-08-05 22:06:46,558 [WARN] PackLoader:240 - Cannot read IP mode file for STMicroelectronics.X-CUBE-NFC4.3.0.0
2026-08-05 22:06:46,580 [WARN] PackLoader:240 - Cannot read IP mode file for EmbeddedOffice.I-CUBE-FS-RTOS.1.0.1
2026-08-05 22:06:46,589 [WARN] PackLoader:240 - Cannot read IP mode file for wolfSSL.I-CUBE-wolfTPM.3.8.0
2026-08-05 22:06:46,602 [WARN] PackLoader:240 - Cannot read IP mode file for STMicroelectronics.X-CUBE-TCPP.4.2.0
2026-08-05 22:06:46,620 [WARN] PackLoader:240 - Cannot read IP mode file for RealThread.X-CUBE-RT-Thread_Nano.4.1.1
2026-08-05 22:06:46,630 [WARN] PackLoader:240 - Cannot read IP mode file for STMicroelectronics.FP-ATR-SIGFOX1.3.2.0
2026-08-05 22:06:46,641 [WARN] PackLoader:240 - Cannot read IP mode file for ITTIA_DB.I-CUBE-ITTIADB.8.9.0
2026-08-05 22:06:46,651 [WARN] PackLoader:240 - Cannot read IP mode file for Cesanta.I-CUBE-Mongoose.7.21.7
2026-08-05 22:06:46,666 [WARN] PackLoader:240 - Cannot read IP mode file for STMicroelectronics.X-CUBE-NFC6.3.2.0
2026-08-05 22:06:46,680 [WARN] PackLoader:240 - Cannot read IP mode file for STMicroelectronics.X-CUBE-AI.10.2.1
2026-08-05 22:06:46,746 [WARN] PackLoader:240 - Cannot read IP mode file for SEGGER.I-CUBE-embOS.1.3.1
2026-08-05 22:06:46,863 [WARN] PackLoader:240 - Cannot read IP mode file for STMicroelectronics.X-CUBE-NFC13.1.0.0
2026-08-05 22:06:46,893 [WARN] PackLoader:240 - Cannot read IP mode file for STMicroelectronics.X-CUBE-PM33A1.1.0.0
2026-08-05 22:06:46,939 [WARN] PackLoader:240 - Cannot read IP mode file for STMicroelectronics.X-CUBE-AZRTOS-F4.1.1.0
2026-08-05 22:06:46,958 [WARN] PackLoader:240 - Cannot read IP mode file for STMicroelectronics.X-CUBE-ISPU.2.1.0
2026-08-05 22:06:47,039 [WARN] PackLoader:240 - Cannot read IP mode file for STMicroelectronics.X-CUBE-IPS.3.2.0
2026-08-05 22:06:47,072 [WARN] PackLoader:240 - Cannot read IP mode file for STMicroelectronics.eDS-WB_DPC_TT-BIDIR.2.1.1
2026-08-05 22:06:47,087 [WARN] PackLoader:240 - Cannot read IP mode file for STMicroelectronics.X-CUBE-NFC12.1.0.0
2026-08-05 22:06:47,127 [WARN] PackLoader:240 - Cannot read IP mode file for STMicroelectronics.X-CUBE-AZRTOS-L5.2.0.0
2026-08-05 22:06:47,149 [WARN] PackLoader:240 - Cannot read IP mode file for STMicroelectronics.X-CUBE-ALGOBUILD.1.5.0
2026-08-05 22:06:47,157 [WARN] PackLoader:240 - Cannot read IP mode file for STMicroelectronics.eDS-WB_DPC_VIENNA.1.2.0
2026-08-05 22:06:47,264 [WARN] PackLoader:240 - Cannot read IP mode file for STMicroelectronics.X-CUBE-MEMS1.13.0.0
2026-08-05 22:06:47,384 [WARN] PackLoader:240 - Cannot read IP mode file for STMicroelectronics.eDS-WB_DPC_3PH2L-BIDIR.1.1.1
2026-08-05 22:06:47,388 [ERROR] Engine:466 - /home/kkattmos/.stm32cubemx/thirdparties/pdsc/STMicroelectronics.X-CUBE-ST67W61.1.3.0.pdsc: PDSC version is not supported
2026-08-05 22:06:47,392 [WARN] PackLoader:240 - Cannot read IP mode file for STMicroelectronics.X-CUBE-TOUCHGFX.4.26.1
2026-08-05 22:06:47,397 [WARN] PackLoader:240 - Cannot read IP mode file for STMicroelectronics.X-CUBE-DPower.1.3.0
2026-08-05 22:06:47,414 [WARN] ConditionMgr:438 - getConditionDescription Invalid condition id : LAN8742 Phy interface Condition cause : null
2026-08-05 22:06:47,415 [WARN] PackLoader:240 - Cannot read IP mode file for STMicroelectronics.X-CUBE-AZRTOS-L4.2.0.0
2026-08-05 22:06:47,417 [WARN] ConditionMgr:1044 - genDependencies : Invalid condition id : LAN8742 Phy interface Condition cause : null
2026-08-05 22:06:47,417 [WARN] ConditionMgr:1044 - genDependencies : Invalid condition id : LAN8742 Phy interface Condition cause : null
2026-08-05 22:06:47,418 [WARN] ConditionMgr:1044 - genDependencies : Invalid condition id : LAN8742 Phy interface Condition cause : null
2026-08-05 22:06:47,425 [WARN] PackLoader:240 - Cannot read IP mode file for STMicroelectronics.X-CUBE-SFXS2LP1.4.0.0
2026-08-05 22:06:47,432 [WARN] PackLoader:240 - Cannot read IP mode file for STMicroelectronics.X-CUBE-WB05N.2.1.0
2026-08-05 22:06:47,447 [WARN] ConditionMgr:438 - getConditionDescription Invalid condition id : UX DEVICE CLASS RTOS Condition cause : null
2026-08-05 22:06:47,448 [WARN] ConditionMgr:438 - getConditionDescription Invalid condition id : UX DEVICE CLASS RTOS Condition cause : null
2026-08-05 22:06:47,450 [WARN] PackLoader:240 - Cannot read IP mode file for STMicroelectronics.X-CUBE-AZRTOS-WB.2.0.0
2026-08-05 22:06:47,450 [WARN] ConditionMgr:1044 - genDependencies : Invalid condition id : UX DEVICE CLASS RTOS Condition cause : null
2026-08-05 22:06:47,451 [WARN] ConditionMgr:1044 - genDependencies : Invalid condition id : UX DEVICE CLASS RTOS Condition cause : null
2026-08-05 22:06:47,451 [WARN] ConditionMgr:1044 - genDependencies : Invalid condition id : UX DEVICE CLASS RTOS Condition cause : null
2026-08-05 22:06:47,451 [WARN] ConditionMgr:1044 - genDependencies : Invalid condition id : UX DEVICE CLASS RTOS Condition cause : null
2026-08-05 22:06:47,452 [WARN] ConditionMgr:1044 - genDependencies : Invalid condition id : UX DEVICE CLASS RTOS Condition cause : null
2026-08-05 22:06:47,457 [WARN] ConditionMgr:438 - getConditionDescription Invalid condition id : Cortex-A Device cause : null
2026-08-05 22:06:47,466 [WARN] ConditionMgr:1044 - genDependencies : Invalid condition id : Cortex-A Device cause : null
2026-08-05 22:06:47,467 [WARN] ConditionMgr:1044 - genDependencies : Invalid condition id : Cortex-A Device cause : null
2026-08-05 22:06:47,467 [WARN] ConditionMgr:1044 - genDependencies : Invalid condition id : Cortex-A Device cause : null
2026-08-05 22:06:47,475 [WARN] PackLoader:240 - Cannot read IP mode file for STMicroelectronics.X-CUBE-STSE01.2.0.0
2026-08-05 22:06:47,488 [WARN] PackLoader:240 - Cannot read IP mode file for STMicroelectronics.X-CUBE-SUBG2.5.0.0
2026-08-05 22:06:47,513 [WARN] PackLoader:240 - Cannot read IP mode file for STMicroelectronics.X-CUBE-AZRTOS-G4.2.0.0
2026-08-05 22:06:47,521 [WARN] PackLoader:240 - Cannot read IP mode file for wolfSSL.I-CUBE-wolfSSH.1.4.20
2026-08-05 22:06:47,527 [WARN] PackLoader:240 - Cannot read IP mode file for STMicroelectronics.X-CUBE-NFC7.2.0.0
2026-08-05 22:06:47,533 [ERROR] Engine:466 - /home/kkattmos/.stm32cubemx/thirdparties/pdsc/STMicroelectronics.X-CUBE-BLEMGR.4.2.0.pdsc: PDSC version is not supported
2026-08-05 22:06:47,537 [WARN] PackLoader:240 - Cannot read IP mode file for STMicroelectronics.X-CUBE-ALS.1.0.2
2026-08-05 22:06:47,549 [WARN] PackLoader:240 - Cannot read IP mode file for STMicroelectronics.X-CUBE-TOF1.3.4.3
2026-08-05 22:06:47,561 [INFO] ThirdParty:978 - Integrity check success = true
2026-08-05 22:06:47,561 [INFO] IntegrityCheckThread:100 - exiting critical section [integrity check]
2026-08-05 22:06:47,561 [INFO] IntegrityCheckThread:103 - End integrity checks thread
2026-08-05 22:06:48,007 [INFO] WebApp:463 - Apply proxy settings
2026-08-05 22:06:48,008 [INFO] WebApp:548 - Chromium requires no authentication
2026-08-05 22:06:48,025 [INFO] WebApp:491 - Direct internet connection detected
2026-08-05 22:06:48,051 [INFO] WebApp:900 - Register for checkConnection events
2026-08-05 22:06:48,052 [INFO] WebApp:463 - Apply proxy settings
2026-08-05 22:06:48,052 [INFO] WebApp:548 - Chromium requires no authentication
2026-08-05 22:06:48,053 [INFO] WebApp:491 - Direct internet connection detected
2026-08-05 22:06:48,239 [INFO] WebApp:225 - Starting web application
2026-08-05 22:06:48,239 [INFO] WebApp:593 - Web application path used /opt/st/stm32cubeide_1.19.0/plugins/com.st.stm32cube.common.mx_6.15.0.202507011659/db/plugins/mcufinder/reactClient1/index.html
2026-08-05 22:06:48,825 [INFO] WebApp:191 - Connection restablished
2026-08-05 22:07:05,575 [ERROR] LogOutputStream:75 - [STDERR_REDIRECT] Aug 05, 2026 10:07:05 PM java.util.prefs.FileSystemPreferences checkLockFile0ErrorCode
2026-08-05 22:07:05,575 [ERROR] LogOutputStream:75 - [STDERR_REDIRECT] WARNING: Could not lock System prefs. Unix error code 2.
2026-08-05 22:07:05,576 [ERROR] LogOutputStream:75 - [STDERR_REDIRECT] 
2026-08-05 22:07:05,576 [ERROR] LogOutputStream:75 - [STDERR_REDIRECT] Aug 05, 2026 10:07:05 PM java.util.prefs.FileSystemPreferences syncWorld
2026-08-05 22:07:05,576 [ERROR] LogOutputStream:75 - [STDERR_REDIRECT] WARNING: Couldn't flush system prefs: java.util.prefs.BackingStoreException: Couldn't get file lock.
2026-08-05 22:07:05,577 [ERROR] LogOutputStream:75 - [STDERR_REDIRECT] 
2026-08-05 22:07:35,558 [ERROR] LogOutputStream:75 - [STDERR_REDIRECT] Aug 05, 2026 10:07:35 PM java.util.prefs.FileSystemPreferences checkLockFile0ErrorCode
2026-08-05 22:07:35,558 [ERROR] LogOutputStream:75 - [STDERR_REDIRECT] WARNING: Could not lock System prefs. Unix error code 2.
2026-08-05 22:07:35,560 [ERROR] LogOutputStream:75 - [STDERR_REDIRECT] 
2026-08-05 22:07:35,561 [ERROR] LogOutputStream:75 - [STDERR_REDIRECT] Aug 05, 2026 10:07:35 PM java.util.prefs.FileSystemPreferences syncWorld
2026-08-05 22:07:35,561 [ERROR] LogOutputStream:75 - [STDERR_REDIRECT] WARNING: Couldn't flush system prefs: java.util.prefs.BackingStoreException: Couldn't get file lock.
2026-08-05 22:07:35,561 [ERROR] LogOutputStream:75 - [STDERR_REDIRECT] 
2026-08-05 22:08:05,558 [ERROR] LogOutputStream:75 - [STDERR_REDIRECT] Aug 05, 2026 10:08:05 PM java.util.prefs.FileSystemPreferences checkLockFile0ErrorCode
2026-08-05 22:08:05,558 [ERROR] LogOutputStream:75 - [STDERR_REDIRECT] WARNING: Could not lock System prefs. Unix error code 2.
2026-08-05 22:08:05,558 [ERROR] LogOutputStream:75 - [STDERR_REDIRECT] 
2026-08-05 22:08:05,559 [ERROR] LogOutputStream:75 - [STDERR_REDIRECT] Aug 05, 2026 10:08:05 PM java.util.prefs.FileSystemPreferences syncWorld
2026-08-05 22:08:05,560 [ERROR] LogOutputStream:75 - [STDERR_REDIRECT] WARNING: Couldn't flush system prefs: java.util.prefs.BackingStoreException: Couldn't get file lock.
2026-08-05 22:08:05,560 [ERROR] LogOutputStream:75 - [STDERR_REDIRECT] 
2026-08-05 22:08:35,557 [ERROR] LogOutputStream:75 - [STDERR_REDIRECT] Aug 05, 2026 10:08:35 PM java.util.prefs.FileSystemPreferences checkLockFile0ErrorCode
2026-08-05 22:08:35,558 [ERROR] LogOutputStream:75 - [STDERR_REDIRECT] WARNING: Could not lock System prefs. Unix error code 2.
2026-08-05 22:08:35,558 [ERROR] LogOutputStream:75 - [STDERR_REDIRECT] 
2026-08-05 22:08:35,558 [ERROR] LogOutputStream:75 - [STDERR_REDIRECT] Aug 05, 2026 10:08:35 PM java.util.prefs.FileSystemPreferences syncWorld
2026-08-05 22:08:35,558 [ERROR] LogOutputStream:75 - [STDERR_REDIRECT] WARNING: Couldn't flush system prefs: java.util.prefs.BackingStoreException: Couldn't get file lock.
2026-08-05 22:08:35,558 [ERROR] LogOutputStream:75 - [STDERR_REDIRECT] 
2026-08-05 22:09:05,559 [ERROR] LogOutputStream:75 - [STDERR_REDIRECT] Aug 05, 2026 10:09:05 PM java.util.prefs.FileSystemPreferences checkLockFile0ErrorCode
2026-08-05 22:09:05,559 [ERROR] LogOutputStream:75 - [STDERR_REDIRECT] WARNING: Could not lock System prefs. Unix error code 2.
2026-08-05 22:09:05,559 [ERROR] LogOutputStream:75 - [STDERR_REDIRECT] 
2026-08-05 22:09:05,560 [ERROR] LogOutputStream:75 - [STDERR_REDIRECT] Aug 05, 2026 10:09:05 PM java.util.prefs.FileSystemPreferences syncWorld
2026-08-05 22:09:05,560 [ERROR] LogOutputStream:75 - [STDERR_REDIRECT] WARNING: Couldn't flush system prefs: java.util.prefs.BackingStoreException: Couldn't get file lock.
2026-08-05 22:09:05,560 [ERROR] LogOutputStream:75 - [STDERR_REDIRECT] 
2026-08-05 22:09:35,558 [ERROR] LogOutputStream:75 - [STDERR_REDIRECT] Aug 05, 2026 10:09:35 PM java.util.prefs.FileSystemPreferences checkLockFile0ErrorCode
2026-08-05 22:09:35,558 [ERROR] LogOutputStream:75 - [STDERR_REDIRECT] WARNING: Could not lock System prefs. Unix error code 2.
2026-08-05 22:09:35,558 [ERROR] LogOutputStream:75 - [STDERR_REDIRECT] 
2026-08-05 22:09:35,559 [ERROR] LogOutputStream:75 - [STDERR_REDIRECT] Aug 05, 2026 10:09:35 PM java.util.prefs.FileSystemPreferences syncWorld
2026-08-05 22:09:35,559 [ERROR] LogOutputStream:75 - [STDERR_REDIRECT] WARNING: Couldn't flush system prefs: java.util.prefs.BackingStoreException: Couldn't get file lock.
2026-08-05 22:09:35,559 [ERROR] LogOutputStream:75 - [STDERR_REDIRECT] 
2026-08-05 22:10:05,559 [ERROR] LogOutputStream:75 - [STDERR_REDIRECT] Aug 05, 2026 10:10:05 PM java.util.prefs.FileSystemPreferences checkLockFile0ErrorCode
2026-08-05 22:10:05,559 [ERROR] LogOutputStream:75 - [STDERR_REDIRECT] WARNING: Could not lock System prefs. Unix error code 2.
2026-08-05 22:10:05,560 [ERROR] LogOutputStream:75 - [STDERR_REDIRECT] 
2026-08-05 22:10:05,560 [ERROR] LogOutputStream:75 - [STDERR_REDIRECT] Aug 05, 2026 10:10:05 PM java.util.prefs.FileSystemPreferences syncWorld
2026-08-05 22:10:05,560 [ERROR] LogOutputStream:75 - [STDERR_REDIRECT] WARNING: Couldn't flush system prefs: java.util.prefs.BackingStoreException: Couldn't get file lock.
2026-08-05 22:10:05,561 [ERROR] LogOutputStream:75 - [STDERR_REDIRECT] 
2026-08-05 22:10:35,559 [ERROR] LogOutputStream:75 - [STDERR_REDIRECT] Aug 05, 2026 10:10:35 PM java.util.prefs.FileSystemPreferences checkLockFile0ErrorCode
2026-08-05 22:10:35,559 [ERROR] LogOutputStream:75 - [STDERR_REDIRECT] WARNING: Could not lock System prefs. Unix error code 2.
2026-08-05 22:10:35,559 [ERROR] LogOutputStream:75 - [STDERR_REDIRECT] 
2026-08-05 22:10:35,560 [ERROR] LogOutputStream:75 - [STDERR_REDIRECT] Aug 05, 2026 10:10:35 PM java.util.prefs.FileSystemPreferences syncWorld
2026-08-05 22:10:35,560 [ERROR] LogOutputStream:75 - [STDERR_REDIRECT] WARNING: Couldn't flush system prefs: java.util.prefs.BackingStoreException: Couldn't get file lock.
2026-08-05 22:10:35,560 [ERROR] LogOutputStream:75 - [STDERR_REDIRECT] 
2026-08-05 22:11:05,560 [ERROR] LogOutputStream:75 - [STDERR_REDIRECT] Aug 05, 2026 10:11:05 PM java.util.prefs.FileSystemPreferences checkLockFile0ErrorCode
2026-08-05 22:11:05,561 [ERROR] LogOutputStream:75 - [STDERR_REDIRECT] WARNING: Could not lock System prefs. Unix error code 2.
2026-08-05 22:11:05,561 [ERROR] LogOutputStream:75 - [STDERR_REDIRECT] 
2026-08-05 22:11:05,562 [ERROR] LogOutputStream:75 - [STDERR_REDIRECT] Aug 05, 2026 10:11:05 PM java.util.prefs.FileSystemPreferences syncWorld
2026-08-05 22:11:05,562 [ERROR] LogOutputStream:75 - [STDERR_REDIRECT] WARNING: Couldn't flush system prefs: java.util.prefs.BackingStoreException: Couldn't get file lock.
2026-08-05 22:11:05,562 [ERROR] LogOutputStream:75 - [STDERR_REDIRECT] 
2026-08-05 22:11:35,560 [ERROR] LogOutputStream:75 - [STDERR_REDIRECT] Aug 05, 2026 10:11:35 PM java.util.prefs.FileSystemPreferences checkLockFile0ErrorCode
2026-08-05 22:11:35,561 [ERROR] LogOutputStream:75 - [STDERR_REDIRECT] WARNING: Could not lock System prefs. Unix error code 2.
2026-08-05 22:11:35,561 [ERROR] LogOutputStream:75 - [STDERR_REDIRECT] 
2026-08-05 22:11:35,562 [ERROR] LogOutputStream:75 - [STDERR_REDIRECT] Aug 05, 2026 10:11:35 PM java.util.prefs.FileSystemPreferences syncWorld
2026-08-05 22:11:35,562 [ERROR] LogOutputStream:75 - [STDERR_REDIRECT] WARNING: Couldn't flush system prefs: java.util.prefs.BackingStoreException: Couldn't get file lock.
2026-08-05 22:11:35,562 [ERROR] LogOutputStream:75 - [STDERR_REDIRECT] 
2026-08-05 22:12:05,561 [ERROR] LogOutputStream:75 - [STDERR_REDIRECT] Aug 05, 2026 10:12:05 PM java.util.prefs.FileSystemPreferences checkLockFile0ErrorCode
2026-08-05 22:12:05,562 [ERROR] LogOutputStream:75 - [STDERR_REDIRECT] WARNING: Could not lock System prefs. Unix error code 2.
2026-08-05 22:12:05,562 [ERROR] LogOutputStream:75 - [STDERR_REDIRECT] 
2026-08-05 22:12:05,563 [ERROR] LogOutputStream:75 - [STDERR_REDIRECT] Aug 05, 2026 10:12:05 PM java.util.prefs.FileSystemPreferences syncWorld
2026-08-05 22:12:05,563 [ERROR] LogOutputStream:75 - [STDERR_REDIRECT] WARNING: Couldn't flush system prefs: java.util.prefs.BackingStoreException: Couldn't get file lock.
2026-08-05 22:12:05,563 [ERROR] LogOutputStream:75 - [STDERR_REDIRECT] 
2026-08-05 22:12:35,560 [ERROR] LogOutputStream:75 - [STDERR_REDIRECT] Aug 05, 2026 10:12:35 PM java.util.prefs.FileSystemPreferences checkLockFile0ErrorCode
2026-08-05 22:12:35,561 [ERROR] LogOutputStream:75 - [STDERR_REDIRECT] WARNING: Could not lock System prefs. Unix error code 2.
2026-08-05 22:12:35,561 [ERROR] LogOutputStream:75 - [STDERR_REDIRECT] 
2026-08-05 22:12:35,561 [ERROR] LogOutputStream:75 - [STDERR_REDIRECT] Aug 05, 2026 10:12:35 PM java.util.prefs.FileSystemPreferences syncWorld
2026-08-05 22:12:35,562 [ERROR] LogOutputStream:75 - [STDERR_REDIRECT] WARNING: Couldn't flush system prefs: java.util.prefs.BackingStoreException: Couldn't get file lock.
2026-08-05 22:12:35,562 [ERROR] LogOutputStream:75 - [STDERR_REDIRECT] 
2026-08-05 22:13:05,560 [ERROR] LogOutputStream:75 - [STDERR_REDIRECT] Aug 05, 2026 10:13:05 PM java.util.prefs.FileSystemPreferences checkLockFile0ErrorCode
2026-08-05 22:13:05,561 [ERROR] LogOutputStream:75 - [STDERR_REDIRECT] WARNING: Could not lock System prefs. Unix error code 2.
2026-08-05 22:13:05,561 [ERROR] LogOutputStream:75 - [STDERR_REDIRECT] 
2026-08-05 22:13:05,562 [ERROR] LogOutputStream:75 - [STDERR_REDIRECT] Aug 05, 2026 10:13:05 PM java.util.prefs.FileSystemPreferences syncWorld
2026-08-05 22:13:05,562 [ERROR] LogOutputStream:75 - [STDERR_REDIRECT] WARNING: Couldn't flush system prefs: java.util.prefs.BackingStoreException: Couldn't get file lock.
2026-08-05 22:13:05,562 [ERROR] LogOutputStream:75 - [STDERR_REDIRECT] 
2026-08-05 22:13:35,562 [ERROR] LogOutputStream:75 - [STDERR_REDIRECT] Aug 05, 2026 10:13:35 PM java.util.prefs.FileSystemPreferences checkLockFile0ErrorCode
2026-08-05 22:13:35,562 [ERROR] LogOutputStream:75 - [STDERR_REDIRECT] WARNING: Could not lock System prefs. Unix error code 2.
2026-08-05 22:13:35,563 [ERROR] LogOutputStream:75 - [STDERR_REDIRECT] 
2026-08-05 22:13:35,563 [ERROR] LogOutputStream:75 - [STDERR_REDIRECT] Aug 05, 2026 10:13:35 PM java.util.prefs.FileSystemPreferences syncWorld
2026-08-05 22:13:35,564 [ERROR] LogOutputStream:75 - [STDERR_REDIRECT] WARNING: Couldn't flush system prefs: java.util.prefs.BackingStoreException: Couldn't get file lock.
2026-08-05 22:13:35,564 [ERROR] LogOutputStream:75 - [STDERR_REDIRECT] 
2026-08-05 22:14:05,561 [ERROR] LogOutputStream:75 - [STDERR_REDIRECT] Aug 05, 2026 10:14:05 PM java.util.prefs.FileSystemPreferences checkLockFile0ErrorCode
2026-08-05 22:14:05,561 [ERROR] LogOutputStream:75 - [STDERR_REDIRECT] WARNING: Could not lock System prefs. Unix error code 2.
2026-08-05 22:14:05,562 [ERROR] LogOutputStream:75 - [STDERR_REDIRECT] 
2026-08-05 22:14:05,562 [ERROR] LogOutputStream:75 - [STDERR_REDIRECT] Aug 05, 2026 10:14:05 PM java.util.prefs.FileSystemPreferences syncWorld
2026-08-05 22:14:05,563 [ERROR] LogOutputStream:75 - [STDERR_REDIRECT] WARNING: Couldn't flush system prefs: java.util.prefs.BackingStoreException: Couldn't get file lock.
2026-08-05 22:14:05,563 [ERROR] LogOutputStream:75 - [STDERR_REDIRECT] 
2026-08-05 22:14:35,562 [ERROR] LogOutputStream:75 - [STDERR_REDIRECT] Aug 05, 2026 10:14:35 PM java.util.prefs.FileSystemPreferences checkLockFile0ErrorCode
2026-08-05 22:14:35,563 [ERROR] LogOutputStream:75 - [STDERR_REDIRECT] WARNING: Could not lock System prefs. Unix error code 2.
2026-08-05 22:14:35,563 [ERROR] LogOutputStream:75 - [STDERR_REDIRECT] 
2026-08-05 22:14:35,564 [ERROR] LogOutputStream:75 - [STDERR_REDIRECT] Aug 05, 2026 10:14:35 PM java.util.prefs.FileSystemPreferences syncWorld
2026-08-05 22:14:35,564 [ERROR] LogOutputStream:75 - [STDERR_REDIRECT] WARNING: Couldn't flush system prefs: java.util.prefs.BackingStoreException: Couldn't get file lock.
2026-08-05 22:14:35,564 [ERROR] LogOutputStream:75 - [STDERR_REDIRECT] 
2026-08-05 22:15:05,563 [ERROR] LogOutputStream:75 - [STDERR_REDIRECT] Aug 05, 2026 10:15:05 PM java.util.prefs.FileSystemPreferences checkLockFile0ErrorCode
2026-08-05 22:15:05,563 [ERROR] LogOutputStream:75 - [STDERR_REDIRECT] WARNING: Could not lock System prefs. Unix error code 2.
2026-08-05 22:15:05,563 [ERROR] LogOutputStream:75 - [STDERR_REDIRECT] 
2026-08-05 22:15:05,564 [ERROR] LogOutputStream:75 - [STDERR_REDIRECT] Aug 05, 2026 10:15:05 PM java.util.prefs.FileSystemPreferences syncWorld
2026-08-05 22:15:05,564 [ERROR] LogOutputStream:75 - [STDERR_REDIRECT] WARNING: Couldn't flush system prefs: java.util.prefs.BackingStoreException: Couldn't get file lock.
2026-08-05 22:15:05,564 [ERROR] LogOutputStream:75 - [STDERR_REDIRECT] 
2026-08-05 22:15:35,562 [ERROR] LogOutputStream:75 - [STDERR_REDIRECT] Aug 05, 2026 10:15:35 PM java.util.prefs.FileSystemPreferences checkLockFile0ErrorCode
2026-08-05 22:15:35,563 [ERROR] LogOutputStream:75 - [STDERR_REDIRECT] WARNING: Could not lock System prefs. Unix error code 2.
2026-08-05 22:15:35,563 [ERROR] LogOutputStream:75 - [STDERR_REDIRECT] 
2026-08-05 22:15:35,564 [ERROR] LogOutputStream:75 - [STDERR_REDIRECT] Aug 05, 2026 10:15:35 PM java.util.prefs.FileSystemPreferences syncWorld
2026-08-05 22:15:35,564 [ERROR] LogOutputStream:75 - [STDERR_REDIRECT] WARNING: Couldn't flush system prefs: java.util.prefs.BackingStoreException: Couldn't get file lock.
2026-08-05 22:15:35,565 [ERROR] LogOutputStream:75 - [STDERR_REDIRECT] 
2026-08-05 22:16:04,648 [INFO] McuFinderGlobals:63 - Set McuFinder mode to 2 (CubeIDE integrated)
2026-08-05 22:16:04,652 [INFO] MainUpdater:2872 - connection check result : 10
2026-08-05 22:16:05,438 [INFO] ApiDb:581 - Connected to CubeFinder SQLite database (/home/kkattmos/.stmcufinder/plugins/mcufinder/mcu/cube-finder-db.db)
2026-08-05 22:16:05,562 [ERROR] LogOutputStream:75 - [STDERR_REDIRECT] Aug 05, 2026 10:16:05 PM java.util.prefs.FileSystemPreferences checkLockFile0ErrorCode
2026-08-05 22:16:05,563 [ERROR] LogOutputStream:75 - [STDERR_REDIRECT] WARNING: Could not lock System prefs. Unix error code 2.
2026-08-05 22:16:05,563 [ERROR] LogOutputStream:75 - [STDERR_REDIRECT] 
2026-08-05 22:16:05,564 [ERROR] LogOutputStream:75 - [STDERR_REDIRECT] Aug 05, 2026 10:16:05 PM java.util.prefs.FileSystemPreferences syncWorld
2026-08-05 22:16:05,564 [ERROR] LogOutputStream:75 - [STDERR_REDIRECT] WARNING: Couldn't flush system prefs: java.util.prefs.BackingStoreException: Couldn't get file lock.
2026-08-05 22:16:05,565 [ERROR] LogOutputStream:75 - [STDERR_REDIRECT] 
2026-08-05 22:16:05,576 [INFO] ApiDb:668 - CubeFinder database Data Model version=2.1
2026-08-05 22:16:05,576 [INFO] ApiDb:669 - CubeFinder database Configuration version=3.0.42
2026-08-05 22:16:05,577 [INFO] ApiDb:670 - CubeFinder database generation date=2026-06-23 (1782213372)
2026-08-05 22:16:05,577 [INFO] ApiDb:671 - CubeFinder database FW Pack versions=[FP-ATR-ASTRA1_V2.0.0, FP-SNS-FLIGHT1_V5.1.0, FP-SNS-MOTENV1_V5.1.0, FP-SNS-MOTENVWB1_V1.5.0, FP-SNS-SMARTAG2_V1.2.0, FP-SNS-STBOX1_V2.1.0, STM32Cube_FW_C0_V1.4.0, STM32Cube_FW_F4_V1.28.3, STM32Cube_FW_F7_V1.17.4, STM32Cube_FW_G0_V1.6.3, STM32Cube_FW_G4_V1.6.2, STM32Cube_FW_H5_V1.7.0, STM32Cube_FW_H7RS_V1.3.0, STM32Cube_FW_H7_V1.13.0, STM32Cube_FW_L0_V1.12.2, STM32Cube_FW_L4_V1.18.2, STM32Cube_FW_L5_V1.6.0, STM32Cube_FW_N6_V1.4.0, STM32Cube_FW_U0_V1.3.0, STM32Cube_FW_U3_V1.4.0, STM32Cube_FW_U5_V1.9.0, STM32Cube_FW_WB0_V1.5.0, STM32Cube_FW_WBA_V1.10.0, STM32Cube_FW_WB_V1.24.0, STM32Cube_FW_WL3_V1.5.0, STM32Cube_FW_WL_V1.6.0, X-CUBE-ALGOBUILD_V1.5.0, X-CUBE-ALS_V1.0.2, X-CUBE-AZRTOS-F4_V1.1.0, X-CUBE-AZRTOS-F7_V1.1.0, X-CUBE-AZRTOS-G0_V1.1.0, X-CUBE-AZRTOS-G4_V2.0.0, X-CUBE-AZRTOS-H7RS_V1.1.0, X-CUBE-AZRTOS-H7_V3.5.0, X-CUBE-AZRTOS-L4_V2.0.0, X-CUBE-AZRTOS-L5_V2.0.0, X-CUBE-AZRTOS-WB_V2.0.0, X-CUBE-AZRTOS-WL_V2.0.0, X-CUBE-BLE1_V7.1.0, X-CUBE-BLE2_V3.3.0, X-CUBE-BLEMGR_V4.1.0, X-CUBE-EEPRMA1_V5.2.0, X-CUBE-FREERTOS_V1.5.0, X-CUBE-GNSS1_V7.1.1, X-CUBE-MEMS1_V12.1.0, X-CUBE-NFC4_V3.0.0, X-CUBE-NFC7_V2.0.0, X-CUBE-SFXS2LP1_V4.0.0, X-CUBE-ST67W61_V1.3.0, X-CUBE-SUBG2_V5.0.0, X-CUBE-TOF1_V3.4.3]
2026-08-05 22:16:09,649 [INFO] ApiDb:240 - Found 880 in-development CPN: [B-G473E-ZEST1S, B-WB1M-WPAN1, B-WBA5M-WPAN, B-WL5M-SUBG1, NUCLEO-C031C6, NUCLEO-C051C8, NUCLEO-C071RB, NUCLEO-C092RC, NUCLEO-H503RB, NUCLEO-H533RE, NUCLEO-H563ZI, NUCLEO-H7S3L8, NUCLEO-N657X0-Q, NUCLEO-U031R8, NUCLEO-U083RC, NUCLEO-U385RG-Q, NUCLEO-U545RE-Q, NUCLEO-U5A5ZJ-Q, NUCLEO-WB05KZ, NUCLEO-WB07CC, NUCLEO-WB09KE, NUCLEO-WBA52CG, NUCLEO-WBA55CG, NUCLEO-WL33CC1, NUCLEO-WL33CC2, STEVAL-PROTEUS1, STEVAL-SMARTAG2, STEVAL-STWINBX1, STM320518-EVAL, STM32C0116-DK, STM32C011D6Y3TR, STM32C011D6Y6TR, STM32C011F4P3, STM32C011F4P6, STM32C011F4U3, STM32C011F4U6TR, STM32C011F6P3, STM32C011F6P6, STM32C011F6U3, STM32C011F6U6TR, STM32C011J4M3, STM32C011J4M6, STM32C011J6M3, STM32C011J6M6, STM32C0316-DK, STM32C031C4T3, STM32C031C4T6, STM32C031C4U3, STM32C031C4U6, STM32C031C6T3, STM32C031C6T6, STM32C031C6U3, STM32C031C6U6, STM32C031F4P3, STM32C031F4P6, STM32C031F6P3, STM32C031F6P6, STM32C031G4U3, STM32C031G4U6, STM32C031G6U3, STM32C031G6U6, STM32C031K4T3, STM32C031K4T6, STM32C031K4U3, STM32C031K4U6, STM32C031K6T3, STM32C031K6T6, STM32C031K6U3, STM32C031K6U6, STM32C051C6T6, STM32C051C6U6, STM32C051C8T6, STM32C051C8U6, STM32C051D8Y6TR, STM32C051F6P6, STM32C051F8P6, STM32C051G6U6, STM32C051G8U6, STM32C051K6T6, STM32C051K6U6, STM32C051K8T6, STM32C071C8T6, STM32C071C8T6N, STM32C071C8U6, STM32C071C8U6N, STM32C071CBT6, STM32C071CBT6N, STM32C071CBU6, STM32C071CBU6N, STM32C071F8P6, STM32C071F8P6N, STM32C071FBP6, STM32C071FBP6N, STM32C071FBY6TR, STM32C071G8U6, STM32C071G8U6N, STM32C071GBU6, STM32C071GBU6N, STM32C071K8T6, STM32C071K8T6N, STM32C071K8U6, STM32C071K8U6N, STM32C071KBT6, STM32C071KBT6N, STM32C071KBU6, STM32C071KBU6N, STM32C071R8T6, STM32C071R8T6N, STM32C071RBI6N, STM32C071RBT6, STM32C071RBT6N, STM32C091CBT6, STM32C091CBU6, STM32C091CCT6, STM32C091CCU6, STM32C091ECY6TR, STM32C091FBP6, STM32C091FCP6, STM32C091GBU6, STM32C091GCU6, STM32C091KBT6, STM32C091KBU6, STM32C091KCT6, STM32C091KCU6, STM32C091RBT6, STM32C091RCI6, STM32C091RCT6, STM32C092CBT6, STM32C092CBU6, STM32C092CCT6, STM32C092CCU6, STM32C092ECY6TR, STM32C092FBP6, STM32C092FCP6, STM32C092GBU6, STM32C092GCU6, STM32C092KBT6, STM32C092KBU6, STM32C092KCT6, STM32C092KCU6, STM32C092RBT6, STM32C092RCI6, STM32C092RCT6, STM32G071K8TXN, STM32G071K8UXN, STM32G081GBU6N, STM32G081KBT6N, STM32G081KBUXN, STM32G0B1CCT6N, STM32G0B1KCT6, STM32G0B1NEY6TR, STM32G0B1RCT6N, STM32G0C1CCT6, STM32G0C1CCT6N, STM32G0C1CCU6N, STM32G0C1CET6N, STM32G0C1CEU6N, STM32G0C1KCT6, STM32G0C1NEY6TR, STM32G0C1RCI6N, STM32G0C1RCT6N, STM32G0C1REI6N, STM32G0C1RET6N, STM32G0C1VCI6, STM32G0C1VEI6, STM32G411C6T3, STM32G411C6T6, STM32G411C6U3, STM32G411C6U6, STM32G411C8T3, STM32G411C8T6, STM32G411C8U3, STM32G411C8U6, STM32G411CBT3, STM32G411CBT6, STM32G411CBU3, STM32G411CBU6, STM32G411K6T3, STM32G411K6T6, STM32G411K6U3, STM32G411K6U6, STM32G411K8T3, STM32G411K8T6, STM32G411K8U3, STM32G411K8U6, STM32G411KBT3, STM32G411KBT6, STM32G411KBU3, STM32G411KBU6, STM32G411M6T3, STM32G411M6T6, STM32G411M8T3, STM32G411M8T6, STM32G411MBT3, STM32G411MBT6, STM32G411R6T3, STM32G411R6T6, STM32G411R8T3, STM32G411R8T6, STM32G411RBT3, STM32G411RBT6, STM32G414CBT3, STM32G414CBT6, STM32G414CBU3, STM32G414CBU6, STM32G414CCT3, STM32G414CCT6, STM32G414CCU3, STM32G414CCU6, STM32G414MBT3, STM32G414MBT6, STM32G414MCT3, STM32G414MCT6, STM32G414RBT3, STM32G414RBT6, STM32G414RCT3, STM32G414RCT6, STM32G414VBT3, STM32G414VBT6, STM32G414VCT3, STM32G414VCT6, STM32G431CBT3Z, STM32G431RBT3Z, STM32G471CCT6, STM32G471CCU6, STM32G471CET3, STM32G471CET6, STM32G471CEU3, STM32G471CEU6, STM32G471MCT6, STM32G471MET3, STM32G471MET6, STM32G471MEY6TR, STM32G471QCT6, STM32G471QET3, STM32G471RCT6, STM32G471RET3, STM32G471RET6, STM32G471VCH6, STM32G471VCI6, STM32G471VCT6, STM32G471VEH3, STM32G471VEH6, STM32G471VEI3, STM32G471VEI6, STM32G471VET3, STM32G471VET6, STM32G473QET3Z, STM32G473RET3Z, STM32G474CCT6, STM32G491RET3Z, STM32H503CBT6, STM32H503CBU6, STM32H503EBY6TR, STM32H503KBU6, STM32H503RBT6, STM32H523CCT6, STM32H523CCU6, STM32H523CET6, STM32H523CEU6, STM32H523HEY6TR, STM32H523RCT6, STM32H523RET6, STM32H523VCI6, STM32H523VCT6, STM32H523VEI6, STM32H523VET6, STM32H523ZCJ6, STM32H523ZCT6, STM32H523ZEJ6, STM32H523ZET6, STM32H533CET6, STM32H533CEU6, STM32H533HEY6TR, STM32H533RET6, STM32H533VEI6, STM32H533VET6, STM32H533ZEJ6, STM32H533ZET6, STM32H562AGI6, STM32H562AII6, STM32H562IGK6, STM32H562IGT6, STM32H562IIK6, STM32H562IIT6, STM32H562RGT6, STM32H562RGV6, STM32H562RIT6, STM32H562RIV6, STM32H562VGT6, STM32H562VIT6, STM32H562ZGT6, STM32H562ZIT6, STM32H563AGI6, STM32H563AII3Q, STM32H563AII6, STM32H563IGK6, STM32H563IGT6, STM32H563IIK3Q, STM32H563IIK6, STM32H563IIT3Q, STM32H563IIT6, STM32H563MIY3QTR, STM32H563RGT6, STM32H563RGV6, STM32H563RIT6, STM32H563RIV6, STM32H563VGT6, STM32H563VIT3Q, STM32H563VIT6, STM32H563ZGT6, STM32H563ZIT3Q, STM32H563ZIT6, STM32H573AII3Q, STM32H573AII6, STM32H573I-DK, STM32H573IIK3Q, STM32H573IIK6, STM32H573IIT3Q, STM32H573IIT6, STM32H573MIY3QTR, STM32H573RIT6, STM32H573RIV6, STM32H573VIT3Q, STM32H573VIT6, STM32H573ZIT3Q, STM32H573ZIT6, STM32H7R3A8I6, STM32H7R3I8K6, STM32H7R3I8T6, STM32H7R3L8H6, STM32H7R3L8H6H, STM32H7R3R8V6, STM32H7R3V8H6, STM32H7R3V8T6, STM32H7R3V8Y6TR, STM32H7R3Z8J6, STM32H7R3Z8T6, STM32H7R7A8I6, STM32H7R7I8K6, STM32H7R7I8T6, STM32H7R7L8H6, STM32H7R7L8H6H, STM32H7R7Z8J6, STM32H7S3A8I6, STM32H7S3I8K6, STM32H7S3I8T6, STM32H7S3L8H6, STM32H7S3L8H6H, STM32H7S3R8V6, STM32H7S3V8H6, STM32H7S3V8T6, STM32H7S3V8Y6TR, STM32H7S3Z8J6, STM32H7S3Z8T6, STM32H7S78-DK, STM32H7S7A8I6, STM32H7S7I8K6, STM32H7S7I8T6, STM32H7S7L8H6, STM32H7S7L8H6H, STM32H7S7Z8J6, STM32L4R5QGI6STR, STM32MP131AAE3, STM32MP131AAF3, STM32MP131AAG3, STM32MP131CAE3, STM32MP131CAF3, STM32MP131CAG3, STM32MP131DAE7, STM32MP131DAF7, STM32MP131DAG7, STM32MP131FAE7, STM32MP131FAF7, STM32MP131FAG7, STM32MP133AAE3, STM32MP133AAF3, STM32MP133AAG3, STM32MP133CAE3, STM32MP133CAF3, STM32MP133CAG3, STM32MP133DAE7, STM32MP133DAF7, STM32MP133DAG7, STM32MP133FAE7, STM32MP133FAF7, STM32MP133FAG7, STM32MP135AAE3, STM32MP135AAF3, STM32MP135AAG3, STM32MP135CAE3, STM32MP135CAF3, STM32MP135CAG3, STM32MP135DAE7, STM32MP135DAF7, STM32MP135DAG7, STM32MP135F-DK, STM32MP135FAE7, STM32MP135FAF7, STM32MP135FAF7T, STM32MP135FAF7U, STM32MP135FAG7, STM32MP211AAL3, STM32MP211AAM3, STM32MP211AAN3, STM32MP211AAO3, STM32MP211CAL3, STM32MP211CAM3, STM32MP211CAN3, STM32MP211CAO3, STM32MP211DAL3, STM32MP211DAM3, STM32MP211DAN3, STM32MP211DAO3, STM32MP211FAL3, STM32MP211FAM3, STM32MP211FAN3, STM32MP211FAO3, STM32MP213AAL3, STM32MP213AAM3, STM32MP213AAN3, STM32MP213AAO3, STM32MP213CAL3, STM32MP213CAM3, STM32MP213CAN3, STM32MP213CAO3, STM32MP213DAL3, STM32MP213DAM3, STM32MP213DAN3, STM32MP213DAO3, STM32MP213FAL3, STM32MP213FAM3, STM32MP213FAN3, STM32MP213FAO3, STM32MP215AAL3, STM32MP215AAM3, STM32MP215AAN3, STM32MP215AAO3, STM32MP215CAL3, STM32MP215CAM3, STM32MP215CAN3, STM32MP215CAO3, STM32MP215DAL3, STM32MP215DAM3, STM32MP215DAN3, STM32MP215DAO3, STM32MP215F-DK, STM32MP215FAL3, STM32MP215FAM3, STM32MP215FAN3, STM32MP215FAO3, STM32MP231AAJ3, STM32MP231AAK3, STM32MP231AAL3, STM32MP231CAJ3, STM32MP231CAK3, STM32MP231CAL3, STM32MP231DAJ3, STM32MP231DAK3, STM32MP231DAL3, STM32MP231FAJ3, STM32MP231FAK3, STM32MP231FAL3, STM32MP233AAJ3, STM32MP233AAK3, STM32MP233AAL3, STM32MP233CAJ3, STM32MP233CAK3, STM32MP233CAL3, STM32MP233DAJ3, STM32MP233DAK3, STM32MP233DAL3, STM32MP233FAJ3, STM32MP233FAK3, STM32MP233FAL3, STM32MP235AAJ3, STM32MP235AAK3, STM32MP235AAL3, STM32MP235CAJ3, STM32MP235CAK3, STM32MP235CAL3, STM32MP235DAJ3, STM32MP235DAK3, STM32MP235DAL3, STM32MP235FAJ3, STM32MP235FAK3, STM32MP235FAL3, STM32MP251AAI3, STM32MP251AAK3, STM32MP251AAL3, STM32MP251CAI3, STM32MP251CAK3, STM32MP251CAL3, STM32MP251DAI3, STM32MP251DAK3, STM32MP251DAL3, STM32MP251FAI3, STM32MP251FAK3, STM32MP251FAL3, STM32MP253AAI3, STM32MP253AAK3, STM32MP253AAL3, STM32MP253CAI3, STM32MP253CAK3, STM32MP253CAL3, STM32MP253DAI3, STM32MP253DAK3, STM32MP253DAL3, STM32MP253FAI3, STM32MP253FAK3, STM32MP253FAL3, STM32MP255AAI3, STM32MP255AAK3, STM32MP255AAL3, STM32MP255CAI3, STM32MP255CAK3, STM32MP255CAL3, STM32MP255DAI3, STM32MP255DAK3, STM32MP255DAL3, STM32MP255FAI3, STM32MP255FAK3, STM32MP255FAL3, STM32MP257AAI3, STM32MP257AAK3, STM32MP257AAL3, STM32MP257CAI3, STM32MP257CAK3, STM32MP257CAL3, STM32MP257DAI3, STM32MP257DAK3, STM32MP257DAL3, STM32MP257F-DK, STM32MP257F-EV1, STM32MP257FAI3, STM32MP257FAK3, STM32MP257FAL3, STM32N645A0H3Q, STM32N645B0H3Q, STM32N645I0H3Q, STM32N645L0H3Q, STM32N645X0H3Q, STM32N645Z0H3Q, STM32N647A0H3Q, STM32N647B0H3Q, STM32N647I0H3Q, STM32N647L0H3Q, STM32N647X0H3Q, STM32N647Z0H3Q, STM32N655A0H3Q, STM32N655B0H3Q, STM32N655I0H3Q, STM32N655L0H3Q, STM32N655X0H3Q, STM32N655Z0H3Q, STM32N6570-DK, STM32N657A0H3Q, STM32N657B0H3Q, STM32N657I0H3Q, STM32N657L0H3Q, STM32N657X0H3Q, STM32N657Z0H3Q, STM32U031C6T6, STM32U031C6U6, STM32U031C8T6, STM32U031C8U6, STM32U031F4P6, STM32U031F6P6, STM32U031F8P6, STM32U031G6Y6TR, STM32U031G8Y6TR, STM32U031K4U6, STM32U031K6U6, STM32U031K8U6, STM32U031R6I6, STM32U031R6T6, STM32U031R8I6, STM32U031R8T6, STM32U073C8T6, STM32U073C8U6, STM32U073CBT6, STM32U073CBU6, STM32U073CCT6, STM32U073CCU6, STM32U073H8Y6TR, STM32U073HBY6TR, STM32U073HCY6TR, STM32U073K8U6, STM32U073KBU6, STM32U073KCU6, STM32U073M8I6, STM32U073M8T6, STM32U073MBI6, STM32U073MBT6, STM32U073MCI6, STM32U073MCT6, STM32U073R8I6, STM32U073R8T6, STM32U073RBI6, STM32U073RBT6, STM32U073RCI6, STM32U073RCT6, STM32U083C-DK, STM32U083CCT6, STM32U083CCU6, STM32U083HCY6TR, STM32U083KCU6, STM32U083MCI6, STM32U083MCT6, STM32U083RCI6, STM32U083RCT6, STM32U375CET6, STM32U375CET6Q, STM32U375CEU6, STM32U375CEU6Q, STM32U375CEY6QTR, STM32U375CGT6, STM32U375CGT6Q, STM32U375CGU6, STM32U375CGU6Q, STM32U375CGY6QTR, STM32U375KEU6, STM32U375KGU6, STM32U375REI6, STM32U375REI6Q, STM32U375RET6, STM32U375RET6Q, STM32U375REY6GTR, STM32U375REY6QTR, STM32U375RGI6, STM32U375RGI6Q, STM32U375RGT6, STM32U375RGT6Q, STM32U375RGY6GTR, STM32U375RGY6QTR, STM32U375VEI6, STM32U375VEI6Q, STM32U375VET6, STM32U375VET6Q, STM32U375VGI6, STM32U375VGI6Q, STM32U375VGT6, STM32U375VGT6Q, STM32U385CGT6, STM32U385CGT6Q, STM32U385CGU6, STM32U385CGU6Q, STM32U385CGY6QTR, STM32U385KGU6, STM32U385RGI6, STM32U385RGI6Q, STM32U385RGT6, STM32U385RGT6Q, STM32U385RGY6GTR, STM32U385RGY6QTR, STM32U385VGI6, STM32U385VGI6Q, STM32U385VGT6, STM32U385VGT6Q, STM32U535CBT6, STM32U535CBT6Q, STM32U535CBU6, STM32U535CBU6Q, STM32U535CCT6, STM32U535CCT6Q, STM32U535CCU6, STM32U535CCU6Q, STM32U535CET6, STM32U535CET6Q, STM32U535CEU6, STM32U535CEU6Q, STM32U535JEY6QTR, STM32U535NCY6QTR, STM32U535NEY6QTR, STM32U535RBI6, STM32U535RBI6Q, STM32U535RBT6, STM32U535RBT6Q, STM32U535RCI6, STM32U535RCI6Q, STM32U535RCT6, STM32U535RCT6Q, STM32U535REI6, STM32U535REI6Q, STM32U535RET6, STM32U535RET6Q, STM32U535VCI6, STM32U535VCI6Q, STM32U535VCT6, STM32U535VCT6Q, STM32U535VEI6, STM32U535VEI6Q, STM32U535VET6, STM32U535VET6Q, STM32U545CET6, STM32U545CET6Q, STM32U545CEU6, STM32U545CEU6Q, STM32U545JEY6QTR, STM32U545NEY6QTR, STM32U545REI6, STM32U545REI6Q, STM32U545RET6, STM32U545RET6Q, STM32U545VEI6, STM32U545VEI6Q, STM32U545VET6, STM32U545VET6Q, STM32U595AIH6, STM32U595AIH6Q, STM32U595AJH6, STM32U595AJH6Q, STM32U595QII6, STM32U595QII6Q, STM32U595QJI6, STM32U595QJI6Q, STM32U595RIT6, STM32U595RIT6Q, STM32U595RJT6, STM32U595RJT6Q, STM32U595VIT6, STM32U595VIT6Q, STM32U595VJT6, STM32U595VJT6Q, STM32U595ZIT6, STM32U595ZIT6Q, STM32U595ZIY6QTR, STM32U595ZJT6, STM32U595ZJT6Q, STM32U595ZJY6QTR, STM32U599BJY6QTR, STM32U599NIH6Q, STM32U599NJH6Q, STM32U599VIT6Q, STM32U599VJT6, STM32U599VJT6Q, STM32U599ZIT6Q, STM32U599ZIY6QTR, STM32U599ZJT6Q, STM32U599ZJY6QTR, STM32U5A5AJH6, STM32U5A5AJH6Q, STM32U5A5QII3Q , STM32U5A5QJI6, STM32U5A5QJI6Q, STM32U5A5RJT6, STM32U5A5RJT6Q, STM32U5A5VJT6, STM32U5A5VJT6Q, STM32U5A5ZJT6, STM32U5A5ZJT6Q, STM32U5A5ZJY6QTR, STM32U5A9BJY6QTR, STM32U5A9J-DK, STM32U5A9NJH6Q, STM32U5A9VJT6Q, STM32U5A9ZJT6Q, STM32U5A9ZJY6QTR, STM32U5F7VIT6, STM32U5F7VIT6Q, STM32U5F7VJT6, STM32U5F7VJT6Q, STM32U5F9BJY6QTR, STM32U5F9NJH6Q, STM32U5F9VIT6Q, STM32U5F9VJT6Q, STM32U5F9ZIJ6QTR, STM32U5F9ZIT6Q, STM32U5F9ZJJ6QTR, STM32U5F9ZJT6Q, STM32U5G7VJT6, STM32U5G7VJT6Q, STM32U5G9BJY6QTR, STM32U5G9J-DK1, STM32U5G9J-DK2, STM32U5G9NJH6Q, STM32U5G9VJT6Q, STM32U5G9ZJJ6QTR, STM32U5G9ZJT6Q, STM32WB05KZV6TR, STM32WB05KZV7TR, STM32WB05TZF6TR, STM32WB05TZF7TR, STM32WB06CCF6TR, STM32WB06CCF7TR, STM32WB06CCV6TR, STM32WB06CCV7TR, STM32WB06KCV6TR, STM32WB06KCV7TR, STM32WB07CCF6TR, STM32WB07CCF7TR, STM32WB07CCV6TR, STM32WB07CCV7TR, STM32WB07KCV6TR, STM32WB07KCV7TR, STM32WB09KEV6TR, STM32WB09KEV7TR, STM32WB09TEF6TR, STM32WB09TEF7TR, STM32WB1MMCH6, STM32WBA50KGU6, STM32WBA50KGU6TR, STM32WBA52CEU6, STM32WBA52CEU6TR, STM32WBA52CEU7, STM32WBA52CEU7TR, STM32WBA52CGU6, STM32WBA52CGU6TR, STM32WBA52CGU6U, STM32WBA52CGU7, STM32WBA52CGU7TR, STM32WBA52KEU6, STM32WBA52KEU6TR, STM32WBA52KGU6, STM32WBA52KGU6TR, STM32WBA54CEU6, STM32WBA54CEU6TR, STM32WBA54CEU7, STM32WBA54CEU7TR, STM32WBA54CGU6, STM32WBA54CGU6TR, STM32WBA54CGU7, STM32WBA54CGU7TR, STM32WBA54KEU6, STM32WBA54KEU6TR, STM32WBA54KEU7, STM32WBA54KEU7TR, STM32WBA54KGU6, STM32WBA54KGU6TR, STM32WBA54KGU7, STM32WBA54KGU7TR, STM32WBA55CEU6, STM32WBA55CEU6TR, STM32WBA55CEU7, STM32WBA55CEU7TR, STM32WBA55CGU6, STM32WBA55CGU6TR, STM32WBA55CGU6U, STM32WBA55CGU7, STM32WBA55CGU7TR, STM32WBA55G-DK1, STM32WBA55HEF6, STM32WBA55HEF7, STM32WBA55HGF6, STM32WBA55HGF7, STM32WBA55UEI6, STM32WBA55UEI6TR, STM32WBA55UEI7, STM32WBA55UEI7TR, STM32WBA55UGI6, STM32WBA55UGI6TR, STM32WBA55UGI7, STM32WBA55UGI7TR, STM32WBA5MMGH6TR, STM32WBA62MGF6, STM32WBA62MIF6, STM32WBA65MGF7, STM32WBA65MIF6, STM32WBA65MIF7, STM32WL30K8V6, STM32WL30KBV6, STM32WL31C8V6, STM32WL31CBV6, STM32WL31K8V6, STM32WL31KBV6, STM32WL33C8V6, STM32WL33C8V6X, STM32WL33CBV6, STM32WL33CBV6X, STM32WL33CCV6, STM32WL33CCV6A, STM32WL33CCV6X, STM32WL33K8V7, STM32WL33K8V7X, STM32WL33KBV7 , STM32WL33KBV7X, STM32WL33KCV7, STM32WL33KCV7X, STM32WL5MOCH6, STM32WL5MOCH6TR]
2026-08-05 22:16:09,657 [INFO] DbMcus:218 - Found 5250 MCUs, 5097 are supported
2026-08-05 22:16:09,658 [INFO] ApiDb:423 - Load user favorites file /home/kkattmos/.stm32cubeide/favorites.mcus.txt: 0 item(s)
2026-08-05 22:16:09,658 [INFO] ApiDb:427 - User favorites MCUs=[]
2026-08-05 22:16:09,658 [INFO] DbMcus:224 - Set 0 / 0 favorites MCUs
2026-08-05 22:16:10,409 [INFO] ApiDb:668 - CubeFinder database Data Model version=2.1
2026-08-05 22:16:10,409 [INFO] ApiDb:669 - CubeFinder database Configuration version=3.0.42
2026-08-05 22:16:10,410 [INFO] ApiDb:670 - CubeFinder database generation date=2026-06-23 (1782213372)
2026-08-05 22:16:10,410 [INFO] ApiDb:671 - CubeFinder database FW Pack versions=[FP-ATR-ASTRA1_V2.0.0, FP-SNS-FLIGHT1_V5.1.0, FP-SNS-MOTENV1_V5.1.0, FP-SNS-MOTENVWB1_V1.5.0, FP-SNS-SMARTAG2_V1.2.0, FP-SNS-STBOX1_V2.1.0, STM32Cube_FW_C0_V1.4.0, STM32Cube_FW_F4_V1.28.3, STM32Cube_FW_F7_V1.17.4, STM32Cube_FW_G0_V1.6.3, STM32Cube_FW_G4_V1.6.2, STM32Cube_FW_H5_V1.7.0, STM32Cube_FW_H7RS_V1.3.0, STM32Cube_FW_H7_V1.13.0, STM32Cube_FW_L0_V1.12.2, STM32Cube_FW_L4_V1.18.2, STM32Cube_FW_L5_V1.6.0, STM32Cube_FW_N6_V1.4.0, STM32Cube_FW_U0_V1.3.0, STM32Cube_FW_U3_V1.4.0, STM32Cube_FW_U5_V1.9.0, STM32Cube_FW_WB0_V1.5.0, STM32Cube_FW_WBA_V1.10.0, STM32Cube_FW_WB_V1.24.0, STM32Cube_FW_WL3_V1.5.0, STM32Cube_FW_WL_V1.6.0, X-CUBE-ALGOBUILD_V1.5.0, X-CUBE-ALS_V1.0.2, X-CUBE-AZRTOS-F4_V1.1.0, X-CUBE-AZRTOS-F7_V1.1.0, X-CUBE-AZRTOS-G0_V1.1.0, X-CUBE-AZRTOS-G4_V2.0.0, X-CUBE-AZRTOS-H7RS_V1.1.0, X-CUBE-AZRTOS-H7_V3.5.0, X-CUBE-AZRTOS-L4_V2.0.0, X-CUBE-AZRTOS-L5_V2.0.0, X-CUBE-AZRTOS-WB_V2.0.0, X-CUBE-AZRTOS-WL_V2.0.0, X-CUBE-BLE1_V7.1.0, X-CUBE-BLE2_V3.3.0, X-CUBE-BLEMGR_V4.1.0, X-CUBE-EEPRMA1_V5.2.0, X-CUBE-FREERTOS_V1.5.0, X-CUBE-GNSS1_V7.1.1, X-CUBE-MEMS1_V12.1.0, X-CUBE-NFC4_V3.0.0, X-CUBE-NFC7_V2.0.0, X-CUBE-SFXS2LP1_V4.0.0, X-CUBE-ST67W61_V1.3.0, X-CUBE-SUBG2_V5.0.0, X-CUBE-TOF1_V3.4.3]
2026-08-05 22:16:10,615 [INFO] DbBoardsSqlite:226 - include board P-NUCLEO-WB55-NUCLEO as a kit item of type 'Nucleo-64'
2026-08-05 22:16:10,616 [INFO] DbBoardsSqlite:226 - include board P-NUCLEO-WB55-USBDONGLE as a kit item of type 'Nucleo USB Dongle'
2026-08-05 22:16:10,617 [INFO] DbBoardsSqlite:226 - include board STEVAL-IDP005V1 as a kit item of type 'Evaluation Board'
2026-08-05 22:16:10,618 [INFO] DbBoardsSqlite:226 - include board STEVAL-IDP005V2 as a kit item of type 'Evaluation Board'
2026-08-05 22:16:10,730 [INFO] ApiDb:240 - Found 880 in-development CPN: [B-G473E-ZEST1S, B-WB1M-WPAN1, B-WBA5M-WPAN, B-WL5M-SUBG1, NUCLEO-C031C6, NUCLEO-C051C8, NUCLEO-C071RB, NUCLEO-C092RC, NUCLEO-H503RB, NUCLEO-H533RE, NUCLEO-H563ZI, NUCLEO-H7S3L8, NUCLEO-N657X0-Q, NUCLEO-U031R8, NUCLEO-U083RC, NUCLEO-U385RG-Q, NUCLEO-U545RE-Q, NUCLEO-U5A5ZJ-Q, NUCLEO-WB05KZ, NUCLEO-WB07CC, NUCLEO-WB09KE, NUCLEO-WBA52CG, NUCLEO-WBA55CG, NUCLEO-WL33CC1, NUCLEO-WL33CC2, STEVAL-PROTEUS1, STEVAL-SMARTAG2, STEVAL-STWINBX1, STM320518-EVAL, STM32C0116-DK, STM32C011D6Y3TR, STM32C011D6Y6TR, STM32C011F4P3, STM32C011F4P6, STM32C011F4U3, STM32C011F4U6TR, STM32C011F6P3, STM32C011F6P6, STM32C011F6U3, STM32C011F6U6TR, STM32C011J4M3, STM32C011J4M6, STM32C011J6M3, STM32C011J6M6, STM32C0316-DK, STM32C031C4T3, STM32C031C4T6, STM32C031C4U3, STM32C031C4U6, STM32C031C6T3, STM32C031C6T6, STM32C031C6U3, STM32C031C6U6, STM32C031F4P3, STM32C031F4P6, STM32C031F6P3, STM32C031F6P6, STM32C031G4U3, STM32C031G4U6, STM32C031G6U3, STM32C031G6U6, STM32C031K4T3, STM32C031K4T6, STM32C031K4U3, STM32C031K4U6, STM32C031K6T3, STM32C031K6T6, STM32C031K6U3, STM32C031K6U6, STM32C051C6T6, STM32C051C6U6, STM32C051C8T6, STM32C051C8U6, STM32C051D8Y6TR, STM32C051F6P6, STM32C051F8P6, STM32C051G6U6, STM32C051G8U6, STM32C051K6T6, STM32C051K6U6, STM32C051K8T6, STM32C071C8T6, STM32C071C8T6N, STM32C071C8U6, STM32C071C8U6N, STM32C071CBT6, STM32C071CBT6N, STM32C071CBU6, STM32C071CBU6N, STM32C071F8P6, STM32C071F8P6N, STM32C071FBP6, STM32C071FBP6N, STM32C071FBY6TR, STM32C071G8U6, STM32C071G8U6N, STM32C071GBU6, STM32C071GBU6N, STM32C071K8T6, STM32C071K8T6N, STM32C071K8U6, STM32C071K8U6N, STM32C071KBT6, STM32C071KBT6N, STM32C071KBU6, STM32C071KBU6N, STM32C071R8T6, STM32C071R8T6N, STM32C071RBI6N, STM32C071RBT6, STM32C071RBT6N, STM32C091CBT6, STM32C091CBU6, STM32C091CCT6, STM32C091CCU6, STM32C091ECY6TR, STM32C091FBP6, STM32C091FCP6, STM32C091GBU6, STM32C091GCU6, STM32C091KBT6, STM32C091KBU6, STM32C091KCT6, STM32C091KCU6, STM32C091RBT6, STM32C091RCI6, STM32C091RCT6, STM32C092CBT6, STM32C092CBU6, STM32C092CCT6, STM32C092CCU6, STM32C092ECY6TR, STM32C092FBP6, STM32C092FCP6, STM32C092GBU6, STM32C092GCU6, STM32C092KBT6, STM32C092KBU6, STM32C092KCT6, STM32C092KCU6, STM32C092RBT6, STM32C092RCI6, STM32C092RCT6, STM32G071K8TXN, STM32G071K8UXN, STM32G081GBU6N, STM32G081KBT6N, STM32G081KBUXN, STM32G0B1CCT6N, STM32G0B1KCT6, STM32G0B1NEY6TR, STM32G0B1RCT6N, STM32G0C1CCT6, STM32G0C1CCT6N, STM32G0C1CCU6N, STM32G0C1CET6N, STM32G0C1CEU6N, STM32G0C1KCT6, STM32G0C1NEY6TR, STM32G0C1RCI6N, STM32G0C1RCT6N, STM32G0C1REI6N, STM32G0C1RET6N, STM32G0C1VCI6, STM32G0C1VEI6, STM32G411C6T3, STM32G411C6T6, STM32G411C6U3, STM32G411C6U6, STM32G411C8T3, STM32G411C8T6, STM32G411C8U3, STM32G411C8U6, STM32G411CBT3, STM32G411CBT6, STM32G411CBU3, STM32G411CBU6, STM32G411K6T3, STM32G411K6T6, STM32G411K6U3, STM32G411K6U6, STM32G411K8T3, STM32G411K8T6, STM32G411K8U3, STM32G411K8U6, STM32G411KBT3, STM32G411KBT6, STM32G411KBU3, STM32G411KBU6, STM32G411M6T3, STM32G411M6T6, STM32G411M8T3, STM32G411M8T6, STM32G411MBT3, STM32G411MBT6, STM32G411R6T3, STM32G411R6T6, STM32G411R8T3, STM32G411R8T6, STM32G411RBT3, STM32G411RBT6, STM32G414CBT3, STM32G414CBT6, STM32G414CBU3, STM32G414CBU6, STM32G414CCT3, STM32G414CCT6, STM32G414CCU3, STM32G414CCU6, STM32G414MBT3, STM32G414MBT6, STM32G414MCT3, STM32G414MCT6, STM32G414RBT3, STM32G414RBT6, STM32G414RCT3, STM32G414RCT6, STM32G414VBT3, STM32G414VBT6, STM32G414VCT3, STM32G414VCT6, STM32G431CBT3Z, STM32G431RBT3Z, STM32G471CCT6, STM32G471CCU6, STM32G471CET3, STM32G471CET6, STM32G471CEU3, STM32G471CEU6, STM32G471MCT6, STM32G471MET3, STM32G471MET6, STM32G471MEY6TR, STM32G471QCT6, STM32G471QET3, STM32G471RCT6, STM32G471RET3, STM32G471RET6, STM32G471VCH6, STM32G471VCI6, STM32G471VCT6, STM32G471VEH3, STM32G471VEH6, STM32G471VEI3, STM32G471VEI6, STM32G471VET3, STM32G471VET6, STM32G473QET3Z, STM32G473RET3Z, STM32G474CCT6, STM32G491RET3Z, STM32H503CBT6, STM32H503CBU6, STM32H503EBY6TR, STM32H503KBU6, STM32H503RBT6, STM32H523CCT6, STM32H523CCU6, STM32H523CET6, STM32H523CEU6, STM32H523HEY6TR, STM32H523RCT6, STM32H523RET6, STM32H523VCI6, STM32H523VCT6, STM32H523VEI6, STM32H523VET6, STM32H523ZCJ6, STM32H523ZCT6, STM32H523ZEJ6, STM32H523ZET6, STM32H533CET6, STM32H533CEU6, STM32H533HEY6TR, STM32H533RET6, STM32H533VEI6, STM32H533VET6, STM32H533ZEJ6, STM32H533ZET6, STM32H562AGI6, STM32H562AII6, STM32H562IGK6, STM32H562IGT6, STM32H562IIK6, STM32H562IIT6, STM32H562RGT6, STM32H562RGV6, STM32H562RIT6, STM32H562RIV6, STM32H562VGT6, STM32H562VIT6, STM32H562ZGT6, STM32H562ZIT6, STM32H563AGI6, STM32H563AII3Q, STM32H563AII6, STM32H563IGK6, STM32H563IGT6, STM32H563IIK3Q, STM32H563IIK6, STM32H563IIT3Q, STM32H563IIT6, STM32H563MIY3QTR, STM32H563RGT6, STM32H563RGV6, STM32H563RIT6, STM32H563RIV6, STM32H563VGT6, STM32H563VIT3Q, STM32H563VIT6, STM32H563ZGT6, STM32H563ZIT3Q, STM32H563ZIT6, STM32H573AII3Q, STM32H573AII6, STM32H573I-DK, STM32H573IIK3Q, STM32H573IIK6, STM32H573IIT3Q, STM32H573IIT6, STM32H573MIY3QTR, STM32H573RIT6, STM32H573RIV6, STM32H573VIT3Q, STM32H573VIT6, STM32H573ZIT3Q, STM32H573ZIT6, STM32H7R3A8I6, STM32H7R3I8K6, STM32H7R3I8T6, STM32H7R3L8H6, STM32H7R3L8H6H, STM32H7R3R8V6, STM32H7R3V8H6, STM32H7R3V8T6, STM32H7R3V8Y6TR, STM32H7R3Z8J6, STM32H7R3Z8T6, STM32H7R7A8I6, STM32H7R7I8K6, STM32H7R7I8T6, STM32H7R7L8H6, STM32H7R7L8H6H, STM32H7R7Z8J6, STM32H7S3A8I6, STM32H7S3I8K6, STM32H7S3I8T6, STM32H7S3L8H6, STM32H7S3L8H6H, STM32H7S3R8V6, STM32H7S3V8H6, STM32H7S3V8T6, STM32H7S3V8Y6TR, STM32H7S3Z8J6, STM32H7S3Z8T6, STM32H7S78-DK, STM32H7S7A8I6, STM32H7S7I8K6, STM32H7S7I8T6, STM32H7S7L8H6, STM32H7S7L8H6H, STM32H7S7Z8J6, STM32L4R5QGI6STR, STM32MP131AAE3, STM32MP131AAF3, STM32MP131AAG3, STM32MP131CAE3, STM32MP131CAF3, STM32MP131CAG3, STM32MP131DAE7, STM32MP131DAF7, STM32MP131DAG7, STM32MP131FAE7, STM32MP131FAF7, STM32MP131FAG7, STM32MP133AAE3, STM32MP133AAF3, STM32MP133AAG3, STM32MP133CAE3, STM32MP133CAF3, STM32MP133CAG3, STM32MP133DAE7, STM32MP133DAF7, STM32MP133DAG7, STM32MP133FAE7, STM32MP133FAF7, STM32MP133FAG7, STM32MP135AAE3, STM32MP135AAF3, STM32MP135AAG3, STM32MP135CAE3, STM32MP135CAF3, STM32MP135CAG3, STM32MP135DAE7, STM32MP135DAF7, STM32MP135DAG7, STM32MP135F-DK, STM32MP135FAE7, STM32MP135FAF7, STM32MP135FAF7T, STM32MP135FAF7U, STM32MP135FAG7, STM32MP211AAL3, STM32MP211AAM3, STM32MP211AAN3, STM32MP211AAO3, STM32MP211CAL3, STM32MP211CAM3, STM32MP211CAN3, STM32MP211CAO3, STM32MP211DAL3, STM32MP211DAM3, STM32MP211DAN3, STM32MP211DAO3, STM32MP211FAL3, STM32MP211FAM3, STM32MP211FAN3, STM32MP211FAO3, STM32MP213AAL3, STM32MP213AAM3, STM32MP213AAN3, STM32MP213AAO3, STM32MP213CAL3, STM32MP213CAM3, STM32MP213CAN3, STM32MP213CAO3, STM32MP213DAL3, STM32MP213DAM3, STM32MP213DAN3, STM32MP213DAO3, STM32MP213FAL3, STM32MP213FAM3, STM32MP213FAN3, STM32MP213FAO3, STM32MP215AAL3, STM32MP215AAM3, STM32MP215AAN3, STM32MP215AAO3, STM32MP215CAL3, STM32MP215CAM3, STM32MP215CAN3, STM32MP215CAO3, STM32MP215DAL3, STM32MP215DAM3, STM32MP215DAN3, STM32MP215DAO3, STM32MP215F-DK, STM32MP215FAL3, STM32MP215FAM3, STM32MP215FAN3, STM32MP215FAO3, STM32MP231AAJ3, STM32MP231AAK3, STM32MP231AAL3, STM32MP231CAJ3, STM32MP231CAK3, STM32MP231CAL3, STM32MP231DAJ3, STM32MP231DAK3, STM32MP231DAL3, STM32MP231FAJ3, STM32MP231FAK3, STM32MP231FAL3, STM32MP233AAJ3, STM32MP233AAK3, STM32MP233AAL3, STM32MP233CAJ3, STM32MP233CAK3, STM32MP233CAL3, STM32MP233DAJ3, STM32MP233DAK3, STM32MP233DAL3, STM32MP233FAJ3, STM32MP233FAK3, STM32MP233FAL3, STM32MP235AAJ3, STM32MP235AAK3, STM32MP235AAL3, STM32MP235CAJ3, STM32MP235CAK3, STM32MP235CAL3, STM32MP235DAJ3, STM32MP235DAK3, STM32MP235DAL3, STM32MP235FAJ3, STM32MP235FAK3, STM32MP235FAL3, STM32MP251AAI3, STM32MP251AAK3, STM32MP251AAL3, STM32MP251CAI3, STM32MP251CAK3, STM32MP251CAL3, STM32MP251DAI3, STM32MP251DAK3, STM32MP251DAL3, STM32MP251FAI3, STM32MP251FAK3, STM32MP251FAL3, STM32MP253AAI3, STM32MP253AAK3, STM32MP253AAL3, STM32MP253CAI3, STM32MP253CAK3, STM32MP253CAL3, STM32MP253DAI3, STM32MP253DAK3, STM32MP253DAL3, STM32MP253FAI3, STM32MP253FAK3, STM32MP253FAL3, STM32MP255AAI3, STM32MP255AAK3, STM32MP255AAL3, STM32MP255CAI3, STM32MP255CAK3, STM32MP255CAL3, STM32MP255DAI3, STM32MP255DAK3, STM32MP255DAL3, STM32MP255FAI3, STM32MP255FAK3, STM32MP255FAL3, STM32MP257AAI3, STM32MP257AAK3, STM32MP257AAL3, STM32MP257CAI3, STM32MP257CAK3, STM32MP257CAL3, STM32MP257DAI3, STM32MP257DAK3, STM32MP257DAL3, STM32MP257F-DK, STM32MP257F-EV1, STM32MP257FAI3, STM32MP257FAK3, STM32MP257FAL3, STM32N645A0H3Q, STM32N645B0H3Q, STM32N645I0H3Q, STM32N645L0H3Q, STM32N645X0H3Q, STM32N645Z0H3Q, STM32N647A0H3Q, STM32N647B0H3Q, STM32N647I0H3Q, STM32N647L0H3Q, STM32N647X0H3Q, STM32N647Z0H3Q, STM32N655A0H3Q, STM32N655B0H3Q, STM32N655I0H3Q, STM32N655L0H3Q, STM32N655X0H3Q, STM32N655Z0H3Q, STM32N6570-DK, STM32N657A0H3Q, STM32N657B0H3Q, STM32N657I0H3Q, STM32N657L0H3Q, STM32N657X0H3Q, STM32N657Z0H3Q, STM32U031C6T6, STM32U031C6U6, STM32U031C8T6, STM32U031C8U6, STM32U031F4P6, STM32U031F6P6, STM32U031F8P6, STM32U031G6Y6TR, STM32U031G8Y6TR, STM32U031K4U6, STM32U031K6U6, STM32U031K8U6, STM32U031R6I6, STM32U031R6T6, STM32U031R8I6, STM32U031R8T6, STM32U073C8T6, STM32U073C8U6, STM32U073CBT6, STM32U073CBU6, STM32U073CCT6, STM32U073CCU6, STM32U073H8Y6TR, STM32U073HBY6TR, STM32U073HCY6TR, STM32U073K8U6, STM32U073KBU6, STM32U073KCU6, STM32U073M8I6, STM32U073M8T6, STM32U073MBI6, STM32U073MBT6, STM32U073MCI6, STM32U073MCT6, STM32U073R8I6, STM32U073R8T6, STM32U073RBI6, STM32U073RBT6, STM32U073RCI6, STM32U073RCT6, STM32U083C-DK, STM32U083CCT6, STM32U083CCU6, STM32U083HCY6TR, STM32U083KCU6, STM32U083MCI6, STM32U083MCT6, STM32U083RCI6, STM32U083RCT6, STM32U375CET6, STM32U375CET6Q, STM32U375CEU6, STM32U375CEU6Q, STM32U375CEY6QTR, STM32U375CGT6, STM32U375CGT6Q, STM32U375CGU6, STM32U375CGU6Q, STM32U375CGY6QTR, STM32U375KEU6, STM32U375KGU6, STM32U375REI6, STM32U375REI6Q, STM32U375RET6, STM32U375RET6Q, STM32U375REY6GTR, STM32U375REY6QTR, STM32U375RGI6, STM32U375RGI6Q, STM32U375RGT6, STM32U375RGT6Q, STM32U375RGY6GTR, STM32U375RGY6QTR, STM32U375VEI6, STM32U375VEI6Q, STM32U375VET6, STM32U375VET6Q, STM32U375VGI6, STM32U375VGI6Q, STM32U375VGT6, STM32U375VGT6Q, STM32U385CGT6, STM32U385CGT6Q, STM32U385CGU6, STM32U385CGU6Q, STM32U385CGY6QTR, STM32U385KGU6, STM32U385RGI6, STM32U385RGI6Q, STM32U385RGT6, STM32U385RGT6Q, STM32U385RGY6GTR, STM32U385RGY6QTR, STM32U385VGI6, STM32U385VGI6Q, STM32U385VGT6, STM32U385VGT6Q, STM32U535CBT6, STM32U535CBT6Q, STM32U535CBU6, STM32U535CBU6Q, STM32U535CCT6, STM32U535CCT6Q, STM32U535CCU6, STM32U535CCU6Q, STM32U535CET6, STM32U535CET6Q, STM32U535CEU6, STM32U535CEU6Q, STM32U535JEY6QTR, STM32U535NCY6QTR, STM32U535NEY6QTR, STM32U535RBI6, STM32U535RBI6Q, STM32U535RBT6, STM32U535RBT6Q, STM32U535RCI6, STM32U535RCI6Q, STM32U535RCT6, STM32U535RCT6Q, STM32U535REI6, STM32U535REI6Q, STM32U535RET6, STM32U535RET6Q, STM32U535VCI6, STM32U535VCI6Q, STM32U535VCT6, STM32U535VCT6Q, STM32U535VEI6, STM32U535VEI6Q, STM32U535VET6, STM32U535VET6Q, STM32U545CET6, STM32U545CET6Q, STM32U545CEU6, STM32U545CEU6Q, STM32U545JEY6QTR, STM32U545NEY6QTR, STM32U545REI6, STM32U545REI6Q, STM32U545RET6, STM32U545RET6Q, STM32U545VEI6, STM32U545VEI6Q, STM32U545VET6, STM32U545VET6Q, STM32U595AIH6, STM32U595AIH6Q, STM32U595AJH6, STM32U595AJH6Q, STM32U595QII6, STM32U595QII6Q, STM32U595QJI6, STM32U595QJI6Q, STM32U595RIT6, STM32U595RIT6Q, STM32U595RJT6, STM32U595RJT6Q, STM32U595VIT6, STM32U595VIT6Q, STM32U595VJT6, STM32U595VJT6Q, STM32U595ZIT6, STM32U595ZIT6Q, STM32U595ZIY6QTR, STM32U595ZJT6, STM32U595ZJT6Q, STM32U595ZJY6QTR, STM32U599BJY6QTR, STM32U599NIH6Q, STM32U599NJH6Q, STM32U599VIT6Q, STM32U599VJT6, STM32U599VJT6Q, STM32U599ZIT6Q, STM32U599ZIY6QTR, STM32U599ZJT6Q, STM32U599ZJY6QTR, STM32U5A5AJH6, STM32U5A5AJH6Q, STM32U5A5QII3Q , STM32U5A5QJI6, STM32U5A5QJI6Q, STM32U5A5RJT6, STM32U5A5RJT6Q, STM32U5A5VJT6, STM32U5A5VJT6Q, STM32U5A5ZJT6, STM32U5A5ZJT6Q, STM32U5A5ZJY6QTR, STM32U5A9BJY6QTR, STM32U5A9J-DK, STM32U5A9NJH6Q, STM32U5A9VJT6Q, STM32U5A9ZJT6Q, STM32U5A9ZJY6QTR, STM32U5F7VIT6, STM32U5F7VIT6Q, STM32U5F7VJT6, STM32U5F7VJT6Q, STM32U5F9BJY6QTR, STM32U5F9NJH6Q, STM32U5F9VIT6Q, STM32U5F9VJT6Q, STM32U5F9ZIJ6QTR, STM32U5F9ZIT6Q, STM32U5F9ZJJ6QTR, STM32U5F9ZJT6Q, STM32U5G7VJT6, STM32U5G7VJT6Q, STM32U5G9BJY6QTR, STM32U5G9J-DK1, STM32U5G9J-DK2, STM32U5G9NJH6Q, STM32U5G9VJT6Q, STM32U5G9ZJJ6QTR, STM32U5G9ZJT6Q, STM32WB05KZV6TR, STM32WB05KZV7TR, STM32WB05TZF6TR, STM32WB05TZF7TR, STM32WB06CCF6TR, STM32WB06CCF7TR, STM32WB06CCV6TR, STM32WB06CCV7TR, STM32WB06KCV6TR, STM32WB06KCV7TR, STM32WB07CCF6TR, STM32WB07CCF7TR, STM32WB07CCV6TR, STM32WB07CCV7TR, STM32WB07KCV6TR, STM32WB07KCV7TR, STM32WB09KEV6TR, STM32WB09KEV7TR, STM32WB09TEF6TR, STM32WB09TEF7TR, STM32WB1MMCH6, STM32WBA50KGU6, STM32WBA50KGU6TR, STM32WBA52CEU6, STM32WBA52CEU6TR, STM32WBA52CEU7, STM32WBA52CEU7TR, STM32WBA52CGU6, STM32WBA52CGU6TR, STM32WBA52CGU6U, STM32WBA52CGU7, STM32WBA52CGU7TR, STM32WBA52KEU6, STM32WBA52KEU6TR, STM32WBA52KGU6, STM32WBA52KGU6TR, STM32WBA54CEU6, STM32WBA54CEU6TR, STM32WBA54CEU7, STM32WBA54CEU7TR, STM32WBA54CGU6, STM32WBA54CGU6TR, STM32WBA54CGU7, STM32WBA54CGU7TR, STM32WBA54KEU6, STM32WBA54KEU6TR, STM32WBA54KEU7, STM32WBA54KEU7TR, STM32WBA54KGU6, STM32WBA54KGU6TR, STM32WBA54KGU7, STM32WBA54KGU7TR, STM32WBA55CEU6, STM32WBA55CEU6TR, STM32WBA55CEU7, STM32WBA55CEU7TR, STM32WBA55CGU6, STM32WBA55CGU6TR, STM32WBA55CGU6U, STM32WBA55CGU7, STM32WBA55CGU7TR, STM32WBA55G-DK1, STM32WBA55HEF6, STM32WBA55HEF7, STM32WBA55HGF6, STM32WBA55HGF7, STM32WBA55UEI6, STM32WBA55UEI6TR, STM32WBA55UEI7, STM32WBA55UEI7TR, STM32WBA55UGI6, STM32WBA55UGI6TR, STM32WBA55UGI7, STM32WBA55UGI7TR, STM32WBA5MMGH6TR, STM32WBA62MGF6, STM32WBA62MIF6, STM32WBA65MGF7, STM32WBA65MIF6, STM32WBA65MIF7, STM32WL30K8V6, STM32WL30KBV6, STM32WL31C8V6, STM32WL31CBV6, STM32WL31K8V6, STM32WL31KBV6, STM32WL33C8V6, STM32WL33C8V6X, STM32WL33CBV6, STM32WL33CBV6X, STM32WL33CCV6, STM32WL33CCV6A, STM32WL33CCV6X, STM32WL33K8V7, STM32WL33K8V7X, STM32WL33KBV7 , STM32WL33KBV7X, STM32WL33KCV7, STM32WL33KCV7X, STM32WL5MOCH6, STM32WL5MOCH6TR]
2026-08-05 22:16:10,965 [INFO] BoardInfo:889 - No configuration file found for board NUCLEO-H5E5ZJ
2026-08-05 22:16:10,967 [INFO] DbBoards:161 - Board is not supported: NUCLEO-H5E5ZJ
2026-08-05 22:16:11,088 [INFO] BoardInfo:889 - No configuration file found for board NUCLEO-U3C5ZI-Q
2026-08-05 22:16:11,089 [INFO] DbBoards:161 - Board is not supported: NUCLEO-U3C5ZI-Q
2026-08-05 22:16:11,121 [INFO] BoardInfo:889 - No configuration file found for board NUCLEO-WBA25CE1
2026-08-05 22:16:11,122 [INFO] DbBoards:161 - Board is not supported: NUCLEO-WBA25CE1
2026-08-05 22:16:11,142 [INFO] BoardInfo:889 - No configuration file found for board NUCLEO-WL3RKB1
2026-08-05 22:16:11,143 [INFO] DbBoards:161 - Board is not supported: NUCLEO-WL3RKB1
2026-08-05 22:16:11,145 [INFO] BoardInfo:889 - No configuration file found for board NUCLEO-WL3RKB2
2026-08-05 22:16:11,146 [INFO] DbBoards:161 - Board is not supported: NUCLEO-WL3RKB2
2026-08-05 22:16:11,159 [INFO] BoardInfo:889 - No configuration file found for board P-NUCLEO-WB55
2026-08-05 22:16:11,160 [INFO] DbBoards:161 - Kit is not supported: P-NUCLEO-WB55
2026-08-05 22:16:11,169 [INFO] BoardInfo:889 - No configuration file found for board STEVAL-BFA001V1B
2026-08-05 22:16:11,170 [INFO] DbBoards:161 - Kit is not supported: STEVAL-BFA001V1B
2026-08-05 22:16:11,172 [INFO] BoardInfo:889 - No configuration file found for board STEVAL-BFA001V2B
2026-08-05 22:16:11,172 [INFO] DbBoards:161 - Kit is not supported: STEVAL-BFA001V2B
2026-08-05 22:16:11,319 [INFO] BoardInfo:889 - No configuration file found for board STM32H5F5J-DK
2026-08-05 22:16:11,319 [INFO] DbBoards:161 - Board is not supported: STM32H5F5J-DK
2026-08-05 22:16:11,398 [INFO] DbBoards:168 - Found 218 boards, 209 are supported
2026-08-05 22:16:11,398 [INFO] DbBoards:169 - Found 218 boards, 43 of them is supported for  Bsp
2026-08-05 22:16:11,402 [INFO] ApiDb:423 - Load user favorites file /home/kkattmos/.stm32cubeide/favorites.boards.txt: 0 item(s)
2026-08-05 22:16:11,402 [INFO] ApiDb:427 - User favorites Boards=[]
2026-08-05 22:16:11,402 [INFO] DbBoards:198 - Set 0 / 0 favorites Boards
2026-08-05 22:16:11,403 [INFO] McuFinderGlobals:76 - Set McuFinderConnectedMode to true
2026-08-05 22:16:11,420 [INFO] MultiScanPanel:200 - Auto-refresh data requested => check proxy status ongoing
2026-08-05 22:16:11,426 [INFO] FinderPluginLoader:96 - Searching for filters in installed packs
2026-08-05 22:16:13,262 [INFO] LoadUrlFilesThread:185 - End of LoadServerUrlFiles without Thread
2026-08-05 22:16:13,287 [INFO] DetailPanel:341 - Set advertising image to /home/kkattmos/STM32Cube/Repository//en.stm32h5cubemxbanner.png
2026-08-05 22:16:19,999 [INFO] MultiScanPanel:200 - Auto-refresh data requested => check proxy status ongoing
2026-08-05 22:16:20,351 [INFO] LoadUrlFilesThread:185 - End of LoadServerUrlFiles without Thread
2026-08-05 22:16:20,351 [INFO] DetailPanel:341 - Set advertising image to /home/kkattmos/STM32Cube/Repository//en.stm32h5cubemxbanner.png
2026-08-05 22:16:20,374 [INFO] DbBoards:642 - Loading board mini-images...
2026-08-05 22:16:23,533 [INFO] DbBoards:665 - Loaded 218 board mini-images
2026-08-05 22:16:35,563 [ERROR] LogOutputStream:75 - [STDERR_REDIRECT] Aug 05, 2026 10:16:35 PM java.util.prefs.FileSystemPreferences checkLockFile0ErrorCode
2026-08-05 22:16:35,564 [ERROR] LogOutputStream:75 - [STDERR_REDIRECT] WARNING: Could not lock System prefs. Unix error code 2.
2026-08-05 22:16:35,564 [ERROR] LogOutputStream:75 - [STDERR_REDIRECT] 
2026-08-05 22:16:35,565 [ERROR] LogOutputStream:75 - [STDERR_REDIRECT] Aug 05, 2026 10:16:35 PM java.util.prefs.FileSystemPreferences syncWorld
2026-08-05 22:16:35,565 [ERROR] LogOutputStream:75 - [STDERR_REDIRECT] WARNING: Couldn't flush system prefs: java.util.prefs.BackingStoreException: Couldn't get file lock.
2026-08-05 22:16:35,565 [ERROR] LogOutputStream:75 - [STDERR_REDIRECT] 
2026-08-05 22:16:55,731 [INFO] MainUpdater:2872 - connection check result : 10
2026-08-05 22:16:55,731 [INFO] MainUpdater:2872 - connection check result : 10
2026-08-05 22:16:55,759 [INFO] MicroXplorer:468 - Change Database Path : 
2026-08-05 22:16:55,760 [INFO] MicroXplorer:498 - Change Database Version : DB.6.0.150
2026-08-05 22:16:55,775 [WARN] ThirdParty:871 - waiting for thirdparty lock release [close project]
2026-08-05 22:16:55,776 [INFO] ThirdParty:873 - entering critical section [close project]
2026-08-05 22:16:55,779 [INFO] ThirdParty:883 - exiting critical section [close project]
2026-08-05 22:16:55,783 [INFO] PinOutPanel:1589 - setPackage(No Configuration,No Configuration)
2026-08-05 22:16:55,785 [INFO] UtilMem:75 - Begin LoadConfig() Used Memory: 838961400 Bytes (1032847360)
2026-08-05 22:16:55,792 [INFO] OpenFileManager:355 - Change cursor
2026-08-05 22:16:55,829 [INFO] ProjectFactory:514 - No CPN specified for board NUCLEO-F411RE => set CPN to STM32F411RET6
2026-08-05 22:16:55,830 [INFO] Mcu:2029 - Initializing MCU STM32F411R(C-E)Tx STM32F411RETx STM32F411RET6
2026-08-05 22:16:57,806 [INFO] Context:786 - Trying to add GPIOservice into a context  which must be forbidden
2026-08-05 22:16:58,295 [INFO] Rule:233 - rule 117617 - U5Cobra4M][GTZC] default value MPCBB3 and MPCBB5 - Not Secured memory - MPCBB1 is applicable
2026-08-05 22:16:58,296 [INFO] Rule:233 - rule 117617 - U5Cobra4M][GTZC] default value MPCBB3 and MPCBB5 - Not Secured memory - MPCBB1 is applicable
2026-08-05 22:16:58,296 [INFO] Rule:233 - rule 117617 - U5Cobra4M][GTZC] default value MPCBB3 and MPCBB5 - Not Secured memory - MPCBB2 is applicable
2026-08-05 22:16:58,296 [INFO] Rule:233 - rule 117617 - U5Cobra4M][GTZC] default value MPCBB3 and MPCBB5 - Not Secured memory - MPCBB2 is applicable
2026-08-05 22:16:58,296 [INFO] Rule:233 - rule 117617 - U5Cobra4M][GTZC] default value MPCBB3 and MPCBB5 - Not Secured memory - MPCBB3 is applicable
2026-08-05 22:16:58,296 [INFO] Rule:233 - rule 117617 - U5Cobra4M][GTZC] default value MPCBB3 and MPCBB5 - Not Secured memory - MPCBB3 is applicable
2026-08-05 22:16:58,296 [INFO] Rule:233 - rule 117617 - U5Cobra4M][GTZC] default value MPCBB3 and MPCBB5 - Not Secured memory - MPCBB4 is applicable
2026-08-05 22:16:58,296 [INFO] Rule:233 - rule 117617 - U5Cobra4M][GTZC] default value MPCBB3 and MPCBB5 - Not Secured memory - MPCBB4 is applicable
2026-08-05 22:16:58,297 [INFO] Rule:233 - rule 117617 - U5Cobra4M][GTZC] default value MPCBB3 and MPCBB5 - Secured memory - MPCBB1 is applicable
2026-08-05 22:16:58,297 [INFO] Rule:233 - rule 117617 - U5Cobra4M][GTZC] default value MPCBB3 and MPCBB5 - Secured memory - MPCBB2 is applicable
2026-08-05 22:16:58,297 [INFO] Rule:233 - rule 117617 - U5Cobra4M][GTZC] default value MPCBB3 and MPCBB5 - Secured memory - MPCBB3 is applicable
2026-08-05 22:16:58,297 [INFO] Rule:233 - rule 117617 - U5Cobra4M][GTZC] default value MPCBB3 and MPCBB5 - Secured memory - MPCBB4 is applicable
2026-08-05 22:16:58,297 [INFO] Rule:233 - rule 117617 - U5Cobra4M][GTZC] default value MPCBB3 and MPCBB5 - Privileged memory - MPCBB1 is applicable
2026-08-05 22:16:58,297 [INFO] Rule:233 - rule 117617 - U5Cobra4M][GTZC] default value MPCBB3 and MPCBB5 - Privileged memory - MPCBB2 is applicable
2026-08-05 22:16:58,297 [INFO] Rule:233 - rule 117617 - U5Cobra4M][GTZC] default value MPCBB3 and MPCBB5 - Privileged memory - MPCBB3 is applicable
2026-08-05 22:16:58,297 [INFO] Rule:233 - rule 117617 - U5Cobra4M][GTZC] default value MPCBB3 and MPCBB5 - Privileged memory - MPCBB4 is applicable
2026-08-05 22:16:58,298 [INFO] Rule:233 - rule 117617 - U5Cobra4M][GTZC] default value MPCBB3 and MPCBB5 - Not Privileged memory - MPCBB1 is applicable
2026-08-05 22:16:58,298 [INFO] Rule:233 - rule 117617 - U5Cobra4M][GTZC] default value MPCBB3 and MPCBB5 - Not Privileged memory - MPCBB2 is applicable
2026-08-05 22:16:58,298 [INFO] Rule:233 - rule 117617 - U5Cobra4M][GTZC] default value MPCBB3 and MPCBB5 - Not Privileged memory - MPCBB3 is applicable
2026-08-05 22:16:58,298 [INFO] Rule:233 - rule 117617 - U5Cobra4M][GTZC] default value MPCBB3 and MPCBB5 - Not Privileged memory - MPCBB4 is applicable
2026-08-05 22:16:58,298 [INFO] Rule:233 - rule 117617 - U5Cobra4M][GTZC] default value MPCBB3 and MPCBB5 - Privileged memory - MPCBB1 is applicable
2026-08-05 22:16:58,298 [INFO] Rule:233 - rule 117617 - U5Cobra4M][GTZC] default value MPCBB3 and MPCBB5 - Privileged memory - MPCBB2 is applicable
2026-08-05 22:16:58,298 [INFO] Rule:233 - rule 117617 - U5Cobra4M][GTZC] default value MPCBB3 and MPCBB5 - Privileged memory - MPCBB3 is applicable
2026-08-05 22:16:58,299 [INFO] Rule:233 - rule 117617 - U5Cobra4M][GTZC] default value MPCBB3 and MPCBB5 - Privileged memory - MPCBB4 is applicable
2026-08-05 22:16:58,299 [INFO] Rule:233 - rule 117617 - U5Cobra4M][GTZC] default value MPCBB3 and MPCBB5 - Privileged memory - MPCBB1 is applicable
2026-08-05 22:16:58,299 [INFO] Rule:233 - rule 117617 - U5Cobra4M][GTZC] default value MPCBB3 and MPCBB5 - Privileged memory - MPCBB2 is applicable
2026-08-05 22:16:58,299 [INFO] Rule:233 - rule 117617 - U5Cobra4M][GTZC] default value MPCBB3 and MPCBB5 - Privileged memory - MPCBB3 is applicable
2026-08-05 22:16:58,299 [INFO] Rule:233 - rule 117617 - U5Cobra4M][GTZC] default value MPCBB3 and MPCBB5 - Privileged memory - MPCBB4 is applicable
2026-08-05 22:16:58,299 [INFO] Rule:233 - rule 117617 - U5Cobra4M][GTZC] default value MPCBB3 and MPCBB5 - Not Privileged memory - MPCBB1 is applicable
2026-08-05 22:16:58,299 [INFO] Rule:233 - rule 117617 - U5Cobra4M][GTZC] default value MPCBB3 and MPCBB5 - Not Privileged memory - MPCBB2 is applicable
2026-08-05 22:16:58,300 [INFO] Rule:233 - rule 117617 - U5Cobra4M][GTZC] default value MPCBB3 and MPCBB5 - Not Privileged memory - MPCBB3 is applicable
2026-08-05 22:16:58,300 [INFO] Rule:233 - rule 117617 - U5Cobra4M][GTZC] default value MPCBB3 and MPCBB5 - Not Privileged memory - MPCBB4 is applicable
2026-08-05 22:16:58,300 [INFO] Rule:233 - rule 117617 - U5Cobra4M][GTZC] default value MPCBB3 and MPCBB5 - Privileged memory - MPCBB1 is applicable
2026-08-05 22:16:58,300 [INFO] Rule:233 - rule 117617 - U5Cobra4M][GTZC] default value MPCBB3 and MPCBB5 - Privileged memory - MPCBB2 is applicable
2026-08-05 22:16:58,300 [INFO] Rule:233 - rule 117617 - U5Cobra4M][GTZC] default value MPCBB3 and MPCBB5 - Privileged memory - MPCBB3 is applicable
2026-08-05 22:16:58,300 [INFO] Rule:233 - rule 117617 - U5Cobra4M][GTZC] default value MPCBB3 and MPCBB5 - Privileged memory - MPCBB4 is applicable
2026-08-05 22:16:58,300 [INFO] Rule:233 - rule Rename SubGHz_Phy SUBGHZ_APPLICATION SUBGHZ_PINGPONG to SUBGHZ_ADV_APPLICATION is applicable
2026-08-05 22:16:58,301 [INFO] Rule:233 - rule Rename Enabled to IBEACON is applicable
2026-08-05 22:16:58,301 [INFO] Rule:233 - rule GTZC_S instance for project manager is applicable
2026-08-05 22:16:58,301 [INFO] Rule:233 - rule GTZC_S instance for context M33S is applicable
2026-08-05 22:16:58,301 [INFO] Rule:233 - rule GTZC_S instance value for IP GTZC is applicable
2026-08-05 22:16:58,301 [INFO] Rule:233 - rule GTZC_S instance for mcu.IP is applicable
2026-08-05 22:16:58,301 [INFO] Rule:233 - rule GTZC_S instance for VP is applicable
2026-08-05 22:16:58,302 [INFO] Rule:233 - rule GTZC_S instance for signal is applicable
2026-08-05 22:16:58,302 [INFO] Rule:233 - rule GTZC_S instance for mcu.Pin is applicable
2026-08-05 22:16:58,302 [INFO] Rule:233 - rule GTZC_S instance for VP is applicable
2026-08-05 22:16:58,302 [INFO] Rule:233 - rule GTZC_S instance for signal is applicable
2026-08-05 22:16:58,302 [INFO] Rule:233 - rule GTZC_S instance for mcu is applicable
2026-08-05 22:16:58,302 [INFO] Rule:233 - rule GTZC_S instance for mcu.Pin is applicable
2026-08-05 22:16:58,303 [INFO] Rule:233 - rule GTZC_S instance value for IP GTZC is applicable
2026-08-05 22:16:58,303 [INFO] Rule:233 - rule GTZC_S instance for project manager is applicable
2026-08-05 22:16:58,303 [INFO] Rule:233 - rule GTZC_S instance for context M33S is applicable
2026-08-05 22:16:58,303 [INFO] Rule:233 - rule GTZC_S instance for VP is applicable
2026-08-05 22:16:58,303 [INFO] Rule:233 - rule GTZC_S instance for signal is applicable
2026-08-05 22:16:58,303 [INFO] Rule:233 - rule SPDIFRX instance for mcu is applicable
2026-08-05 22:16:58,304 [INFO] Rule:233 - rule Rename Tracer Mode is applicable
2026-08-05 22:16:58,304 [INFO] Rule:233 - rule SPDIFRX instance value for IP SPDIFRX is applicable
2026-08-05 22:16:58,304 [INFO] Rule:233 - rule SPDIFRX instance for signal is applicable
2026-08-05 22:16:58,304 [INFO] Rule:233 - rule SPDIFRX instance for project manager is applicable
2026-08-05 22:16:58,304 [INFO] Rule:233 - rule SPDIFRX instance for project manager is applicable
2026-08-05 22:16:58,304 [INFO] Rule:233 - rule ADC Scan  fix with FW F7 is applicable
2026-08-05 22:16:58,305 [INFO] Rule:233 - rule ADC Scan  fix with FW F7 is applicable
2026-08-05 22:16:58,305 [INFO] Rule:233 - rule WakeUp0 Mode is applicable
2026-08-05 22:16:58,305 [INFO] Rule:233 - rule WakeUp0 SIGNAL is applicable
2026-08-05 22:16:58,305 [INFO] Rule:233 - rule WakeUp1 Mode is applicable
2026-08-05 22:16:58,305 [INFO] Rule:233 - rule WakeUp1 SIGNAL is applicable
2026-08-05 22:16:58,305 [INFO] Rule:233 - rule WakeUp2 Mode is applicable
2026-08-05 22:16:58,306 [INFO] Rule:233 - rule WakeUp2 SIGNAL is applicable
2026-08-05 22:16:58,306 [INFO] Rule:233 - rule WakeUp4 Mode is applicable
2026-08-05 22:16:58,306 [INFO] Rule:233 - rule WakeUp4 SIGNAL is applicable
2026-08-05 22:16:58,306 [INFO] Rule:233 - rule WakeUp5 Mode is applicable
2026-08-05 22:16:58,306 [INFO] Rule:233 - rule WakeUp5 SIGNAL is applicable
2026-08-05 22:16:58,306 [INFO] Rule:233 - rule Add RTC Activate Clock Source is applicable
2026-08-05 22:16:58,306 [INFO] Rule:233 - rule Add RTC Activate Calendar 1 is applicable
2026-08-05 22:16:58,306 [INFO] Rule:233 - rule Add RTC Activate Calendar 2 is applicable
2026-08-05 22:16:58,306 [INFO] Rule:233 - rule Add RTC Activate Calendar 3 is applicable
2026-08-05 22:16:58,307 [INFO] Rule:233 - rule UART/USART TX Mode is applicable
2026-08-05 22:16:58,307 [INFO] Rule:233 - rule UART/USART RX Mode is applicable
2026-08-05 22:16:58,307 [INFO] Rule:233 - rule UART/USART RX TX Mode is applicable
2026-08-05 22:16:58,307 [INFO] Rule:233 - rule UART/USART PARITY NONE is applicable
2026-08-05 22:16:58,307 [INFO] Rule:233 - rule UART/USART PARITY EVEN is applicable
2026-08-05 22:16:58,307 [INFO] Rule:233 - rule UART/USART PARITY ODD is applicable
2026-08-05 22:16:58,307 [INFO] Rule:233 - rule USART StopBits 1 is applicable
2026-08-05 22:16:58,307 [INFO] Rule:233 - rule USART StopBits 2 is applicable
2026-08-05 22:16:58,307 [INFO] Rule:233 - rule USART StopBits 1.5 is applicable
2026-08-05 22:16:58,308 [INFO] Rule:233 - rule USART StopBits 0.5 is applicable
2026-08-05 22:16:58,308 [INFO] Rule:233 - rule UART/USART WORD LENGTH 7 is applicable
2026-08-05 22:16:58,308 [INFO] Rule:233 - rule UART/USART WORD LENGTH 8 is applicable
2026-08-05 22:16:58,308 [INFO] Rule:233 - rule UART/USART WORD LENGTH 9 is applicable
2026-08-05 22:16:58,308 [INFO] Rule:233 - rule Rename FMC NAND NCE signal is applicable
2026-08-05 22:16:58,308 [INFO] Rule:233 - rule Rename FMC NAND INT signal is applicable
2026-08-05 22:16:58,308 [INFO] Rule:233 - rule Change Default Value for LSE Drive Capability for WB family is applicable
2026-08-05 22:16:58,308 [INFO] Rule:233 - rule Change Default Value for ADC Clock Prescaler G0 family is applicable
2026-08-05 22:16:58,308 [INFO] Rule:233 - rule Change Default Value for ADC ExternalTrigConv L4 family is applicable
2026-08-05 22:16:58,308 [INFO] Rule:233 - rule Change Default Value for ADC ExternalTrigInjecConv L4 family is applicable
2026-08-05 22:16:58,309 [INFO] Rule:233 - rule Change Default Value for ADC ExternalTrigConv F3 family is applicable
2026-08-05 22:16:58,309 [INFO] Rule:233 - rule Change Default Value for ADC ExternalTrigInjecConv F3 family is applicable
2026-08-05 22:16:58,309 [INFO] Rule:233 - rule Change Default Value for ADC ExternalTrigConv Goldfish serie is applicable
2026-08-05 22:16:58,309 [INFO] Rule:233 - rule Change Default Value for ADC ExternalTrigInjecConv Goldfish serie is applicable
2026-08-05 22:16:58,309 [INFO] Rule:233 - rule Change Default Value for ADC ExternalTrigConv L0 family is applicable
2026-08-05 22:16:58,309 [INFO] Rule:233 - rule Change Default Value for ADC ExternalTrigConv F0 family is applicable
2026-08-05 22:16:58,309 [INFO] Rule:233 - rule Change Default Value for ADC ExternalTrigConvn L1 family is applicable
2026-08-05 22:16:58,309 [INFO] Rule:233 - rule Change Default Value for ADC ExternalTrigInjecConv L1 family is applicable
2026-08-05 22:16:58,309 [INFO] Rule:233 - rule Change Default Value for ADC ExternalTrigConv F1 family is applicable
2026-08-05 22:16:58,309 [INFO] Rule:233 - rule Change Default Value for ADC ExternalTrigInjecConv F1 family is applicable
2026-08-05 22:16:58,309 [INFO] Rule:233 - rule Change Default Value for ADC ExternalTrigConv F7 family is applicable
2026-08-05 22:16:58,310 [INFO] Rule:233 - rule Change Default Value for ADC ExternalTrigInjecConv F7 family is applicable
2026-08-05 22:16:58,310 [INFO] Rule:233 - rule Change Default Value for ADC ExternalTrigConv F4 and F2 family is applicable
2026-08-05 22:16:58,310 [INFO] Rule:233 - rule Change Default Value for ADC ExternalTrigInjecConv F4 and F2 family is applicable
2026-08-05 22:16:58,310 [INFO] Rule:233 - rule ADC SamplingTime fix with FW L0  is applicable
2026-08-05 22:16:58,310 [INFO] Rule:233 - rule ADC SamplingTime fix with FW L0  is applicable
2026-08-05 22:16:58,310 [INFO] Rule:233 - rule ADC SamplingTime fix with FW L0 is applicable
2026-08-05 22:16:58,310 [INFO] Rule:233 - rule ADC SamplingTime fix with FW L0 is applicable
2026-08-05 22:16:58,310 [INFO] Rule:233 - rule ADC SamplingTime fix with FW L0  is applicable
2026-08-05 22:16:58,311 [INFO] Rule:233 - rule ADC SamplingTime fix with FW L0 is applicable
2026-08-05 22:16:58,311 [INFO] Rule:233 - rule Rename USB_OE Signal is applicable
2026-08-05 22:16:58,311 [INFO] Rule:233 - rule Rename Activate_OE Mode is applicable
2026-08-05 22:16:58,311 [INFO] Rule:233 - rule Rename DIE462/DIE415 pin PC14/OSC32_IN -> PC14-OSC32_IN (PC14) is applicable
2026-08-05 22:16:58,311 [INFO] Rule:233 - rule Rename DIE462/DIE415 pin PC15/OSC32_OUT -> PC15-OSC32_OUT (PC15) is applicable
2026-08-05 22:16:58,311 [INFO] Rule:233 - rule Rename DIE462/DIE415 pin PH0/OSC_IN -> PH0-OSC_IN (PH0) is applicable
2026-08-05 22:16:58,311 [INFO] Rule:233 - rule Rename DIE462/DIE415 pin PH1/OSC_OUT -> PH1-OSC_OUT (PH1) is applicable
2026-08-05 22:16:58,311 [INFO] Rule:233 - rule Rename DIE462 pin PA13 -> PA13 (JTMS/SWDIO) is applicable
2026-08-05 22:16:58,311 [INFO] Rule:233 - rule Rename DIE415 pin PA13 -> PA13 (JTMS/SWDIO) is applicable
2026-08-05 22:16:58,311 [INFO] Rule:233 - rule Rename DIE462 pin PA14 -> PA14 (JTCK/SWCLK) is applicable
2026-08-05 22:16:58,311 [INFO] Rule:233 - rule Rename DIE415 pin PA14 -> PA14 (JTCK/SWCLK) is applicable
2026-08-05 22:16:58,312 [INFO] Rule:233 - rule Rename DIE462/DIE415 pin PA15 -> PA15 (JTDI) is applicable
2026-08-05 22:16:58,312 [INFO] Rule:233 - rule Rename DIE462 pin PB3 -> PB3 (JTD0/TRACESWO) is applicable
2026-08-05 22:16:58,312 [INFO] Rule:233 - rule Rename DIE415 pin PB3 -> PB3 (JTD0-TRACESWO) is applicable
2026-08-05 22:16:58,312 [INFO] Rule:233 - rule Rename DIE462/DIE415 pin PB4 -> PB4 (NJTRST) is applicable
2026-08-05 22:16:58,312 [INFO] Rule:233 - rule Rename DIE462 pin PH3/BOOT0 -> PH3-BOOT0 (BOOT0) is applicable
2026-08-05 22:16:58,312 [INFO] Rule:233 - rule Rename CRYP DataEncryptionTypesList to Algorithm is applicable
2026-08-05 22:16:58,312 [INFO] Rule:233 - rule Rename AES DataEncryptionTypesList to Algorithm is applicable
2026-08-05 22:16:58,312 [INFO] Rule:233 - rule Rename TDESECB to CRYP_TDES_ECB is applicable
2026-08-05 22:16:58,312 [INFO] Rule:233 - rule Rename TDESCBC to CRYP_TDES_CBC is applicable
2026-08-05 22:16:58,312 [INFO] Rule:233 - rule Rename DESECB to CRYP_DES_ECB is applicable
2026-08-05 22:16:58,312 [INFO] Rule:233 - rule Rename DESCBC to CRYP_DES_CBC is applicable
2026-08-05 22:16:58,313 [INFO] Rule:233 - rule Rename AESECB to CRYP_AES_ECB is applicable
2026-08-05 22:16:58,313 [INFO] Rule:233 - rule Rename AESCBC to CRYP_AES_CBC is applicable
2026-08-05 22:16:58,313 [INFO] Rule:233 - rule Rename AESCTR to CRYP_AES_CTR is applicable
2026-08-05 22:16:58,313 [INFO] Rule:233 - rule Rename AESGCM to CRYP_AES_GCM is applicable
2026-08-05 22:16:58,313 [INFO] Rule:233 - rule Rename AESCCM to CRYP_AES_CCM is applicable
2026-08-05 22:16:58,313 [INFO] Rule:233 - rule Rename CAN TimeSeg1 to BS1 is applicable
2026-08-05 22:16:58,313 [INFO] Rule:233 - rule Rename CAN TimeSeg2 to BS2 is applicable
2026-08-05 22:16:58,313 [INFO] Rule:233 - rule Rename CAN SyncJumpWidth to SJW is applicable
2026-08-05 22:16:58,314 [INFO] Rule:233 - rule TimeTriggeredMode to TTCM is applicable
2026-08-05 22:16:58,314 [INFO] Rule:233 - rule Rename CAN AutoBusOff to ABOM is applicable
2026-08-05 22:16:58,315 [INFO] Rule:233 - rule Rename CAN AutoWakeUp to AWUM is applicable
2026-08-05 22:16:58,315 [INFO] Rule:233 - rule Rename CAN AutoRetransmission to NART is applicable
2026-08-05 22:16:58,315 [INFO] Rule:233 - rule Rename CAN ReceiveFifoLocked to RFLM is applicable
2026-08-05 22:16:58,315 [INFO] Rule:233 - rule Rename CAN TransmitFifoPriority to TXFP is applicable
2026-08-05 22:16:58,315 [INFO] Rule:233 - rule Rename HRTIMER HRTIM_OUTPUTFAULTLEVEL_HIGH in HRTIMER HRTIM_OUTPUTFAULTLEVEL_HIGHZ is applicable
2026-08-05 22:16:58,315 [INFO] Rule:233 - rule Rename TIMER TIM_CLEARINPUTSOURCE_OCREFCLR in  TIMER TIM_CLEARINPUTSOURCE_NONE for F7 family is applicable
2026-08-05 22:16:58,315 [INFO] Rule:233 - rule FDCAN_R1 - Rename FDCAN mode Master into Classic is applicable
2026-08-05 22:16:58,315 [INFO] Rule:233 - rule FDCAN_R2 - Rename FDCAN mode Slave into Classic is applicable
2026-08-05 22:16:58,315 [INFO] Rule:233 - rule FDCAN1_R3 - if PA10.Mode=FullDuplex, add Pin PA12 is applicable
2026-08-05 22:16:58,316 [INFO] Rule:233 - rule FDCAN1_R3 - if PA9.Mode=FullDuplex, add Pin PA11 is applicable
2026-08-05 22:16:58,316 [INFO] Rule:233 - rule FDCAN1_R3 - Alternatepin_1 - if PE1.Mode=FullDuplex, add Pin PB9 is applicable
2026-08-05 22:16:58,316 [INFO] Rule:233 - rule FDCAN1_R3 - Alternatepin_1 - if PE0.Mode=FullDuplex, add Pin PB8 is applicable
2026-08-05 22:16:58,316 [INFO] Rule:233 - rule FDCAN1_R3 - Alternatepin_2 - if PD5.Mode=FullDuplex, add Pin PD1 is applicable
2026-08-05 22:16:58,316 [INFO] Rule:233 - rule FDCAN1_R3 - Alternatepin_2 - if PD4.Mode=FullDuplex, add Pin PD0 is applicable
2026-08-05 22:16:58,316 [INFO] Rule:233 - rule FDCAN1_R4 - Rename Mode FullDuplex into Enable FDCAN_TXFD for pin PA10 is applicable
2026-08-05 22:16:58,316 [INFO] Rule:233 - rule FDCAN1_R4 - Rename Mode FullDuplex into Enable FDCAN_TXFD for pin PA9 is applicable
2026-08-05 22:16:58,316 [INFO] Rule:233 - rule FDCAN1_R4 - Alternatepin_1 - Rename Mode FullDuplex into Enable FDCAN_TXFD for pin PE1 is applicable
2026-08-05 22:16:58,317 [INFO] Rule:233 - rule FDCAN1_R4 - Alternatepin_1 - Rename Mode FullDuplex into Enable FDCAN_TXFD for pin PE0 is applicable
2026-08-05 22:16:58,317 [INFO] Rule:233 - rule FDCAN1_R4 - Alternatepin_2 - Rename Mode FullDuplex into Enable FDCAN_TXFD for pin PD5 is applicable
2026-08-05 22:16:58,317 [INFO] Rule:233 - rule FDCAN1_R4 - Alternatepin_2 - Rename Mode FullDuplex into Enable FDCAN_TXFD for pin PD4 is applicable
2026-08-05 22:16:58,317 [INFO] Rule:233 - rule FDCAN2_R3 - if PD10.Mode=FullDuplex, add Pin PB13 is applicable
2026-08-05 22:16:58,317 [INFO] Rule:233 - rule FDCAN2_R3 - if PD9.Mode=FullDuplex, add Pin PB12 is applicable
2026-08-05 22:16:58,317 [INFO] Rule:233 - rule FDCAN2_R3 - Alternatepin_1 - if PB7.Mode=FullDuplex, add Pin PB6 is applicable
2026-08-05 22:16:58,317 [INFO] Rule:233 - rule FDCAN2_R3 - Alternatepin_1 - if PD9.Mode=FullDuplex, add Pin PB12 is applicable
2026-08-05 22:16:58,317 [INFO] Rule:233 - rule FDCAN2_R4 - Rename Mode FullDuplex into Enable FDCAN_TXFD for pin PD10 is applicable
2026-08-05 22:16:58,318 [INFO] Rule:233 - rule FDCAN2_R4 - Rename Mode FullDuplex into Enable FDCAN_TXFD for pin PD9 is applicable
2026-08-05 22:16:58,318 [INFO] Rule:233 - rule FDCAN2_R4 - Alternatepin_1 - Rename Mode FullDuplex into Enable FDCAN_TXFD for pin PB7 is applicable
2026-08-05 22:16:58,318 [INFO] Rule:233 - rule FDCAN2_R4 - Alternatepin_1 - Rename Mode FullDuplex into Enable FDCAN_TXFD for pin PD6 is applicable
2026-08-05 22:16:58,318 [INFO] Rule:233 - rule USART TxPinLevelInvertParam Mode is applicable
2026-08-05 22:16:58,318 [INFO] Rule:233 - rule USART RxPinLevelInvertParam Mode is applicable
2026-08-05 22:16:58,318 [INFO] Rule:233 - rule USART DataInvertParam Mode is applicable
2026-08-05 22:16:58,318 [INFO] Rule:233 - rule USART SwapParam Mode is applicable
2026-08-05 22:16:58,318 [INFO] Rule:233 - rule USART OverrunDisableParam Mode is applicable
2026-08-05 22:16:58,318 [INFO] Rule:233 - rule USART DMADisableonRxErrorParam Mode is applicable
2026-08-05 22:16:58,319 [INFO] Rule:233 - rule USART MSBFirstParam Mode is applicable
2026-08-05 22:16:58,319 [INFO] Rule:233 - rule Update MwName for USB_DEVICE is applicable
2026-08-05 22:16:58,319 [INFO] Rule:233 - rule Change PWR_Regulator_Voltage_Scale Default Value for RCC  H7 family is applicable
2026-08-05 22:16:58,319 [INFO] Rule:233 - rule UART/USART IPParameter rename Prescaler parameter to ClockPrescaler is applicable
2026-08-05 22:16:58,319 [INFO] Rule:233 - rule UART/USART Prescaler rename Prescaler parameter to ClockPrescaler is applicable
2026-08-05 22:16:58,319 [INFO] Rule:233 - rule TIM1CLockSelection is applicable
2026-08-05 22:16:58,319 [INFO] Rule:233 - rule TIM15CLockSelection is applicable
2026-08-05 22:16:58,319 [INFO] Rule:233 - rule align RCC SDMMC3CLockSelection default value on MP1 is applicable
2026-08-05 22:16:58,319 [INFO] Rule:233 - rule align RCC SDMMC12CLockSelection default value on MP1 is applicable
2026-08-05 22:16:58,320 [INFO] Rule:233 - rule align RCC QSPICLockSelection default value on MP1 is applicable
2026-08-05 22:16:58,320 [INFO] Rule:233 - rule align RCC QSPICLockSelection default value on MP1 is applicable
2026-08-05 22:16:58,320 [INFO] Rule:233 - rule align RCC SPI6CLockSelection default value on MP1 is applicable
2026-08-05 22:16:58,320 [INFO] Rule:233 - rule align RCC LPTIM23CLockSelection default value on MP1 is applicable
2026-08-05 22:16:58,320 [INFO] Rule:233 - rule align RCC LPTIM1CLockSelection default value on MP1 is applicable
2026-08-05 22:16:58,320 [INFO] Rule:233 - rule align RCC USART1CLockSelection default value on MP1 is applicable
2026-08-05 22:16:58,320 [INFO] Rule:233 - rule align RCC USART24CLockSelection default value on MP1 is applicable
2026-08-05 22:16:58,320 [INFO] Rule:233 - rule align RCC USART6CLockSelection default value on MP1 is applicable
2026-08-05 22:16:58,320 [INFO] Rule:233 - rule align RCC UART78CLockSelection default value on MP1 is applicable
2026-08-05 22:16:58,320 [INFO] Rule:233 - rule align RCC USART35CLockSelection default value on MP1 is applicable
2026-08-05 22:16:58,321 [INFO] Rule:233 - rule align RCC SPI45CLockSelection default value on MP1 is applicable
2026-08-05 22:16:58,321 [INFO] Rule:233 - rule align RCC I2C46CLockSelection BCLK value on MP1 is applicable
2026-08-05 22:16:58,321 [INFO] Rule:233 - rule align RCC SPI45CLockSelection default value on MP1 is applicable
2026-08-05 22:16:58,321 [INFO] Rule:233 - rule align RCC I2C12CLockSelection default value on MP1 is applicable
2026-08-05 22:16:58,321 [INFO] Rule:233 - rule align RCC I2C35CLockSelection default value on MP1 is applicable
2026-08-05 22:16:58,321 [INFO] Rule:233 - rule align RCC LPTIM45CLockSelection default value on MP1 is applicable
2026-08-05 22:16:58,321 [INFO] Rule:233 - rule Rename DCMI PIXCK signal is applicable
2026-08-05 22:16:58,321 [INFO] Rule:233 - rule Change Default Value for I2C46CLockSelection MP1 family is applicable
2026-08-05 22:16:58,322 [INFO] Rule:233 - rule Change Default Value for UART for G4, G0 and WB families is applicable
2026-08-05 22:16:58,322 [INFO] Rule:233 - rule Change Default Value for USART for G4, G0 and WB families is applicable
2026-08-05 22:16:58,322 [INFO] Rule:233 - rule Change Default Value for USART for G4 family is applicable
2026-08-05 22:16:58,322 [INFO] Rule:233 - rule Change USART1CLockSelection refparam name for MP1 is applicable
2026-08-05 22:16:58,322 [INFO] Rule:233 - rule Change USART2CLockSelection refparam name for MP1 is applicable
2026-08-05 22:16:58,322 [INFO] Rule:233 - rule Change USART3CLockSelection refparam name for MP1 is applicable
2026-08-05 22:16:58,322 [INFO] Rule:233 - rule Change UART4CLockSelection refparam name for MP1 is applicable
2026-08-05 22:16:58,322 [INFO] Rule:233 - rule Change UART5CLockSelection refparam name for MP1 is applicable
2026-08-05 22:16:58,322 [INFO] Rule:233 - rule Change LPUART1CLockSelection refparam name for MP1 is applicable
2026-08-05 22:16:58,322 [INFO] Rule:233 - rule Change LPTIM1CLockSelection refparam name for MP1 is applicable
2026-08-05 22:16:58,322 [INFO] Rule:233 - rule Change LPTIM2CLockSelection refparam name for MP1 is applicable
2026-08-05 22:16:58,322 [INFO] Rule:233 - rule Change RCC_MCO1Source refparam name for MP1 is applicable
2026-08-05 22:16:58,322 [INFO] Rule:233 - rule Change LSCOSource1 refparam name for MP1 is applicable
2026-08-05 22:16:58,322 [INFO] Rule:233 - rule Change SMPSCLockSelection refparam name for MP1 is applicable
2026-08-05 22:16:58,322 [INFO] Rule:233 - rule Change LPTIM3CLockSelection refparam name for MP1 is applicable
2026-08-05 22:16:58,322 [INFO] Rule:233 - rule Change MPCBB* Default Template Mode to Parameters is applicable
2026-08-05 22:16:58,322 [INFO] Rule:233 - rule Change MPCWM* or MPCBB* Secure Mode to Parameters is applicable
2026-08-05 22:16:58,323 [INFO] Rule:233 - rule Change MPCWM* or MPCBB* No Secure Mode to Parameters is applicable
2026-08-05 22:16:58,323 [INFO] Rule:233 - rule Change TZSC IP Secure Mode to Parameters is applicable
2026-08-05 22:16:58,323 [INFO] Rule:233 - rule Change TZSC IP No Secure Mode to Parameters is applicable
2026-08-05 22:16:58,324 [INFO] Rule:233 - rule Change TZSC IP Privilege Mode to Parameters is applicable
2026-08-05 22:16:58,324 [INFO] Rule:233 - rule Change TZSC IP No Privilege Mode to Parameters is applicable
2026-08-05 22:16:58,324 [INFO] Rule:233 - rule Change TZIC IT Secure Mode to Parameters is applicable
2026-08-05 22:16:58,324 [INFO] Rule:233 - rule Change TZIC IT No Secure Mode to Parameters is applicable
2026-08-05 22:16:58,324 [INFO] Rule:233 - rule Add MPCBB1_NonSecureArea_Start_Address value with referenced to MPCBB1_NonSecureArea_Start value is applicable
2026-08-05 22:16:58,324 [INFO] Rule:233 - rule Add MPCBB2_NonSecureArea_Start_Address value with referenced to MPCBB2_NonSecureArea_Start value is applicable
2026-08-05 22:16:58,324 [INFO] Rule:233 - rule Add MPCWM1_NonSecureArea*_Start_Address value with referenced to MPCWM1_NonSecureArea*_Start value is applicable
2026-08-05 22:16:58,324 [INFO] Rule:233 - rule Add MPCWM2_NonSecureArea*_Start_Address value with referenced to MPCWM2_NonSecureArea*_Start value is applicable
2026-08-05 22:16:58,325 [INFO] Rule:233 - rule Add MPCWM3_NonSecureArea_Start_Address value with referenced to MPCWM3_NonSecureArea_Start value is applicable
2026-08-05 22:16:58,325 [INFO] Rule:233 - rule Change Default Value for PLL1UserDefinedConfig is applicable
2026-08-05 22:16:58,325 [INFO] Rule:233 - rule Change GPIO_PuPd Default Value for USART in async mode is applicable
2026-08-05 22:16:58,325 [INFO] Rule:233 - rule Change SMPSDivider Default Value is applicable
2026-08-05 22:16:58,325 [INFO] Rule:233 - rule OPAMP is applicable
2026-08-05 22:16:58,325 [INFO] Rule:233 - rule LPUART IPParameter rename Prescaler parameter to ClockPrescaler for STM32H7 is applicable
2026-08-05 22:16:58,325 [INFO] Rule:233 - rule LPUART IPParameter rename Prescaler parameter to ClockPrescaler for STM32H7 is applicable
2026-08-05 22:16:58,325 [INFO] Rule:233 - rule LPUART IPParameter rename Prescaler parameter to ClockPrescaler for STM32WB is applicable
2026-08-05 22:16:58,325 [INFO] Rule:233 - rule LPUART IPParameter rename Prescaler parameter to ClockPrescaler for STM32WB is applicable
2026-08-05 22:16:58,325 [INFO] Rule:233 - rule LPUART IPParameter rename Prescaler parameter to ClockPrescaler for STM32G4 is applicable
2026-08-05 22:16:58,326 [INFO] Rule:233 - rule LPUART IPParameter rename Prescaler parameter to ClockPrescaler for STM32G4 is applicable
2026-08-05 22:16:58,326 [INFO] Rule:233 - rule LPUART IPParameter rename Prescaler parameter to ClockPrescaler for STM32L5 is applicable
2026-08-05 22:16:58,326 [INFO] Rule:233 - rule LPUART IPParameter rename Prescaler parameter to ClockPrescaler for STM32L5 is applicable
2026-08-05 22:16:58,326 [INFO] Rule:233 - rule LPUART IPParameter rename Prescaler parameter to ClockPrescaler for STM32G4 is applicable
2026-08-05 22:16:58,326 [INFO] Rule:233 - rule LPUART IPParameter rename Prescaler parameter to ClockPrescaler for STM32G4 is applicable
2026-08-05 22:16:58,326 [INFO] Rule:233 - rule USB device lib V2.5.3 for L0 rename USBD_SUPPORT_USER_STRING parameter to USBD_SUPPORT_USER_STRING_DESC4 is applicable
2026-08-05 22:16:58,326 [INFO] Rule:233 - rule I2SCLockSelection clock entry align is applicable
2026-08-05 22:16:58,326 [INFO] Rule:233 - rule Assign TIMx context if used as SYS timebase is applicable
2026-08-05 22:16:58,327 [INFO] Rule:233 - rule Change GPIO_Pu Default Value for I2C is applicable
2026-08-05 22:16:58,327 [INFO] Rule:233 - rule Change GPIO_Pu Default Value for SMBus is applicable
2026-08-05 22:16:58,327 [INFO] Rule:233 - rule change FDCAN default value is applicable
2026-08-05 22:16:58,327 [INFO] Rule:233 - rule Change mode sai is applicable
2026-08-05 22:16:58,327 [INFO] Rule:233 - rule **Change sai mode is applicable
2026-08-05 22:16:58,327 [INFO] Rule:233 - rule Rename STM32WPAN CFG_BLE_IRK to CFG_BLE_IR is applicable
2026-08-05 22:16:58,327 [INFO] Rule:233 - rule Rename STM32WPAN CFG_BLE_ERK to CFG_BLE_ER is applicable
2026-08-05 22:16:58,327 [INFO] Rule:233 - rule Rename STM32WPAN CFG_BLE_IRK_HEX to CFG_BLE_IR_HEX is applicable
2026-08-05 22:16:58,327 [INFO] Rule:233 - rule Rename STM32WPAN CFG_BLE_ERK_HEX to CFG_BLE_ER_HEX is applicable
2026-08-05 22:16:58,328 [INFO] Rule:233 - rule Adapt Old IOC before rework replace old CORTEX_M33/CORTEX_M55 attributes by the new one. is applicable
2026-08-05 22:16:58,328 [INFO] Rule:233 - rule Rename parametre of RCC RCC_APBDBG_DIV2 to RCC_TIMPRES_DIV2 is applicable
2026-08-05 22:16:58,328 [INFO] Rule:233 - rule Rename DIE493 pin PA10 [PA12] -> PA10 is applicable
2026-08-05 22:16:58,328 [INFO] Rule:233 - rule Rename DIE493 pin PA9 [PA11] -> PA9 is applicable
2026-08-05 22:16:58,328 [INFO] Rule:233 - rule Rename DIE492 PartNumber CPN STM32WBA5MJGHx -> STM32WBA5MMGHx is applicable
2026-08-05 22:16:58,328 [INFO] Rule:233 - rule Rename DIE492 PartNumber  Name STM32WBA5MJGHx -> STM32WBA5MMGHx is applicable
2026-08-05 22:16:58,328 [INFO] Rule:233 - rule Rename DIE492 PartNumber UserName STM32WBA5MJGHx -> STM32WBA5MMGHx is applicable
2026-08-05 22:16:58,328 [INFO] Rule:233 - rule Rename DIE492 PartNumber DeviceId STM32WBA5MJGHx -> STM32WBA5MMGHx is applicable
2026-08-05 22:16:58,328 [INFO] Rule:233 - rule Adapt Old IOC CSI. is applicable
2026-08-05 22:16:58,328 [INFO] Rule:233 - rule Adapt Old IOC DCMIPP. is applicable
2026-08-05 22:16:58,329 [INFO] Rule:233 - rule Adapt Old IOC DCMIPP Mode Parallel. is applicable
2026-08-05 22:16:58,329 [INFO] Rule:233 - rule Adapt Old IOC LTDC. is applicable
2026-08-05 22:16:58,329 [INFO] Rule:233 - rule Rename STM32MP2 RIF Peripheral LTDC RIF.RISUP.LTDC_L0L1.Privilege -> RIF.RISUP.LTDC_L1L2.Privilege is applicable
2026-08-05 22:16:58,329 [INFO] Rule:233 - rule Rename STM32MP2 RIF Peripheral LTDC RIF.RISUP.LTDC_L0L1.Privilege -> RIF.RISUP.LTDC_L1L2.Privilege is applicable
2026-08-05 22:16:58,329 [INFO] Rule:233 - rule Rename STM32MP2 RIF Peripheral LTDC RIF.RISUP.LTDC_L0L1.Lock -> RIF.RISUP.LTDC_L1L2.Lock is applicable
2026-08-05 22:16:58,329 [INFO] Rule:233 - rule Rename STM32MP2 RIF Peripheral LTDC RIF.RISUP.LTDC_L2.Lock -> RIF.RISUP.LTDC_L3.Lock is applicable
2026-08-05 22:16:58,329 [INFO] Rule:233 - rule Adapt the old IOC example for updating the SYS when it is misconfigured. is applicable
2026-08-05 22:16:58,329 [INFO] Rule:233 - rule Rename STM32C09 Mcu.Package LQFP64 -> LQFP48 is applicable
2026-08-05 22:16:58,330 [INFO] Rule:233 - rule Adapt the old IOC example for updating the SYS when it is misconfigured. is applicable
2026-08-05 22:16:58,330 [INFO] Rule:233 - rule Adapt the old IOC example for updating the SYS when it is misconfigured. is applicable
2026-08-05 22:16:58,363 [INFO] DbConfProperties:307 - Apply Compatibility (53/282 Rules)
2026-08-05 22:16:58,392 [INFO] ImportTextPane:234 - (OptionalMessage_ERROR) Unable to find key (Mcu.ThirdPartyNb) in loaded IOC file
2026-08-05 22:16:58,399 [INFO] ImportTextPane:234 - (OptionalMessage_ERROR) Pin12 (VP_RIF_VS_RIF1) cannot be retrieved for this MCU
2026-08-05 22:16:58,594 [INFO] RtosManager:558 - Registered RTOS mode: class=CMSIS, group=RTOS, mode=CMSIS_V1, owner=FREERTOS
2026-08-05 22:16:58,595 [INFO] RtosManager:558 - Registered RTOS mode: class=CMSIS, group=RTOS2, mode=CMSIS_V2, owner=FREERTOS
2026-08-05 22:16:58,595 [INFO] RtosManager:558 - Registered RTOS mode: class=RTOS, group=Core, mode=CMSIS_V1, owner=FREERTOS
2026-08-05 22:16:58,595 [INFO] RtosManager:558 - Registered RTOS mode: class=RTOS, group=Core, mode=CMSIS_V2, owner=FREERTOS
2026-08-05 22:16:58,595 [WARN] ModelIntegratedComponent:184 - Missing modes for component STMicroelectronics:FreeRTOS:0.0.1:STMicroelectronics:RTOS:FreeRTOS:Core:::10.2.0:
2026-08-05 22:16:58,708 [WARN] ModelIntegratedComponent:182 - Modes not found for component STMicroelectronics:USB_HOST:1.0.0:STMicroelectronics:USB::USB Host:Audio HS::1.0:USB_HOST_1_0_RESTRICTED_HS
2026-08-05 22:16:58,708 [WARN] ModelIntegratedComponent:188 - Modes not found for component STMicroelectronics:USB_HOST:1.0.0:STMicroelectronics:USB::USB Host:Audio HS::1.0:USB_HOST_1_0_RESTRICTED_HS
2026-08-05 22:16:58,709 [WARN] ModelIntegratedComponent:182 - Modes not found for component STMicroelectronics:USB_HOST:1.0.0:STMicroelectronics:USB::USB Host:CDC HS::1.0:USB_HOST_1_0_RESTRICTED_HS
2026-08-05 22:16:58,709 [WARN] ModelIntegratedComponent:188 - Modes not found for component STMicroelectronics:USB_HOST:1.0.0:STMicroelectronics:USB::USB Host:CDC HS::1.0:USB_HOST_1_0_RESTRICTED_HS
2026-08-05 22:16:58,709 [WARN] ModelIntegratedComponent:182 - Modes not found for component STMicroelectronics:USB_HOST:1.0.0:STMicroelectronics:USB::USB Host:MSC HS::1.0:USB_HOST_1_0_RESTRICTED_HS
2026-08-05 22:16:58,709 [WARN] ModelIntegratedComponent:188 - Modes not found for component STMicroelectronics:USB_HOST:1.0.0:STMicroelectronics:USB::USB Host:MSC HS::1.0:USB_HOST_1_0_RESTRICTED_HS
2026-08-05 22:16:58,709 [WARN] ModelIntegratedComponent:182 - Modes not found for component STMicroelectronics:USB_HOST:1.0.0:STMicroelectronics:USB::USB Host:HID HS::1.0:USB_HOST_1_0_RESTRICTED_HS
2026-08-05 22:16:58,709 [WARN] ModelIntegratedComponent:188 - Modes not found for component STMicroelectronics:USB_HOST:1.0.0:STMicroelectronics:USB::USB Host:HID HS::1.0:USB_HOST_1_0_RESTRICTED_HS
2026-08-05 22:16:58,709 [WARN] ModelIntegratedComponent:182 - Modes not found for component STMicroelectronics:USB_HOST:1.0.0:STMicroelectronics:USB::USB Host:MTP HS::1.0:USB_HOST_1_0_RESTRICTED_HS
2026-08-05 22:16:58,709 [WARN] ModelIntegratedComponent:188 - Modes not found for component STMicroelectronics:USB_HOST:1.0.0:STMicroelectronics:USB::USB Host:MTP HS::1.0:USB_HOST_1_0_RESTRICTED_HS
2026-08-05 22:16:58,720 [WARN] ModelIntegratedComponent:63 - No mode defined for component null
2026-08-05 22:16:58,720 [WARN] ModelIntegratedComponent:63 - No mode defined for component null
2026-08-05 22:16:58,720 [WARN] ModelIntegratedComponent:63 - No mode defined for component null
2026-08-05 22:16:58,720 [WARN] ModelIntegratedComponent:63 - No mode defined for component null
2026-08-05 22:16:58,720 [WARN] ModelIntegratedComponent:63 - No mode defined for component null
2026-08-05 22:16:58,720 [WARN] ModelIntegratedComponent:63 - No mode defined for component null
2026-08-05 22:16:58,720 [WARN] ModelIntegratedComponent:63 - No mode defined for component null
2026-08-05 22:16:58,721 [WARN] ModelIntegratedComponent:63 - No mode defined for component null
2026-08-05 22:16:58,721 [WARN] ModelIntegratedComponent:63 - No mode defined for component null
2026-08-05 22:16:58,721 [WARN] ModelIntegratedComponent:63 - No mode defined for component null
2026-08-05 22:16:58,721 [WARN] ModelIntegratedComponent:63 - No mode defined for component null
2026-08-05 22:16:58,721 [WARN] ModelIntegratedComponent:63 - No mode defined for component null
2026-08-05 22:16:58,721 [WARN] ModelIntegratedComponent:63 - No mode defined for component null
2026-08-05 22:16:58,721 [WARN] ModelIntegratedComponent:63 - No mode defined for component null
2026-08-05 22:16:58,721 [WARN] ModelIntegratedComponent:63 - No mode defined for component null
2026-08-05 22:16:58,721 [WARN] ModelIntegratedComponent:63 - No mode defined for component null
2026-08-05 22:16:58,721 [WARN] ModelIntegratedComponent:63 - No mode defined for component null
2026-08-05 22:16:58,721 [WARN] ModelIntegratedComponent:63 - No mode defined for component null
2026-08-05 22:16:58,721 [WARN] ModelIntegratedComponent:63 - No mode defined for component null
2026-08-05 22:16:58,721 [WARN] ModelIntegratedComponent:63 - No mode defined for component null
2026-08-05 22:16:58,721 [WARN] ModelIntegratedComponent:63 - No mode defined for component null
2026-08-05 22:16:58,722 [WARN] ModelIntegratedComponent:63 - No mode defined for component null
2026-08-05 22:16:58,722 [WARN] ModelIntegratedComponent:63 - No mode defined for component null
2026-08-05 22:16:58,722 [WARN] ModelIntegratedComponent:63 - No mode defined for component null
2026-08-05 22:16:58,722 [WARN] ModelIntegratedComponent:63 - No mode defined for component null
2026-08-05 22:16:58,722 [WARN] ModelIntegratedComponent:63 - No mode defined for component null
2026-08-05 22:16:58,722 [WARN] ModelIntegratedComponent:63 - No mode defined for component null
2026-08-05 22:16:58,722 [WARN] ModelIntegratedComponent:63 - No mode defined for component null
2026-08-05 22:16:58,723 [WARN] ModelIntegratedComponent:63 - No mode defined for component null
2026-08-05 22:16:58,723 [WARN] ModelIntegratedComponent:63 - No mode defined for component null
2026-08-05 22:16:58,723 [WARN] ModelIntegratedComponent:63 - No mode defined for component null
2026-08-05 22:16:58,723 [WARN] ModelIntegratedComponent:63 - No mode defined for component null
2026-08-05 22:16:58,723 [WARN] ModelIntegratedComponent:63 - No mode defined for component null
2026-08-05 22:16:58,723 [WARN] ModelIntegratedComponent:63 - No mode defined for component null
2026-08-05 22:16:58,723 [WARN] ModelIntegratedComponent:63 - No mode defined for component null
2026-08-05 22:16:58,723 [WARN] ModelPack:524 - Component already loaded: STMicroelectronics:HAL Drivers:0.0.0:STMicroelectronics:Device:STMicro_Driver:XSPI:HAL::0.0.1:HAL_XSPI
2026-08-05 22:16:58,737 [WARN] ModelIntegratedComponent:182 - Modes not found for component STMicroelectronics:USB_DEVICE:1.0.0:STMicroelectronics:USB::USB Device:Audio HS::1.0:USB_DEVICE_1_0_RESTRICTED_HS
2026-08-05 22:16:58,737 [WARN] ModelIntegratedComponent:188 - Modes not found for component STMicroelectronics:USB_DEVICE:1.0.0:STMicroelectronics:USB::USB Device:Audio HS::1.0:USB_DEVICE_1_0_RESTRICTED_HS
2026-08-05 22:16:58,737 [WARN] ModelIntegratedComponent:182 - Modes not found for component STMicroelectronics:USB_DEVICE:1.0.0:STMicroelectronics:USB::USB Device:CDC HS::1.0:USB_DEVICE_1_0_RESTRICTED_HS
2026-08-05 22:16:58,737 [WARN] ModelIntegratedComponent:188 - Modes not found for component STMicroelectronics:USB_DEVICE:1.0.0:STMicroelectronics:USB::USB Device:CDC HS::1.0:USB_DEVICE_1_0_RESTRICTED_HS
2026-08-05 22:16:58,737 [WARN] ModelIntegratedComponent:182 - Modes not found for component STMicroelectronics:USB_DEVICE:1.0.0:STMicroelectronics:USB::USB Device:DFU HS::1.0:USB_DEVICE_1_0_RESTRICTED_HS
2026-08-05 22:16:58,737 [WARN] ModelIntegratedComponent:188 - Modes not found for component STMicroelectronics:USB_DEVICE:1.0.0:STMicroelectronics:USB::USB Device:DFU HS::1.0:USB_DEVICE_1_0_RESTRICTED_HS
2026-08-05 22:16:58,738 [WARN] ModelIntegratedComponent:182 - Modes not found for component STMicroelectronics:USB_DEVICE:1.0.0:STMicroelectronics:USB::USB Device:HID HS::1.0:USB_DEVICE_1_0_RESTRICTED_HS
2026-08-05 22:16:58,738 [WARN] ModelIntegratedComponent:188 - Modes not found for component STMicroelectronics:USB_DEVICE:1.0.0:STMicroelectronics:USB::USB Device:HID HS::1.0:USB_DEVICE_1_0_RESTRICTED_HS
2026-08-05 22:16:58,738 [WARN] ModelIntegratedComponent:182 - Modes not found for component STMicroelectronics:USB_DEVICE:1.0.0:STMicroelectronics:USB::USB Device:Custom HID HS::1.0:USB_DEVICE_1_0_RESTRICTED_HS
2026-08-05 22:16:58,738 [WARN] ModelIntegratedComponent:188 - Modes not found for component STMicroelectronics:USB_DEVICE:1.0.0:STMicroelectronics:USB::USB Device:Custom HID HS::1.0:USB_DEVICE_1_0_RESTRICTED_HS
2026-08-05 22:16:58,738 [WARN] ModelIntegratedComponent:182 - Modes not found for component STMicroelectronics:USB_DEVICE:1.0.0:STMicroelectronics:USB::USB Device:MSC HS::1.0:USB_DEVICE_1_0_RESTRICTED_HS
2026-08-05 22:16:58,738 [WARN] ModelIntegratedComponent:188 - Modes not found for component STMicroelectronics:USB_DEVICE:1.0.0:STMicroelectronics:USB::USB Device:MSC HS::1.0:USB_DEVICE_1_0_RESTRICTED_HS
2026-08-05 22:16:58,787 [INFO] ThirdPartyModel:298 - Start build external matchings
2026-08-05 22:16:59,542 [INFO] ThirdPartyModel:316 - End build external matchings
2026-08-05 22:16:59,559 [INFO] ImportTextPane:234 - (OptionalMessage_ERROR) IP (RCC) : Parameter (48MHZClocksFreq_Value) has invalid value (84000000)
2026-08-05 22:16:59,561 [INFO] ImportTextPane:234 - (OptionalMessage_ERROR) IP (RCC) : Parameter (FLatency) has Id (AdvancedSettings) currently not set
2026-08-05 22:16:59,562 [INFO] ImportTextPane:234 - (OptionalMessage_ERROR) IP (RCC) : Parameter (RTCHSEDivFreq_Value) has invalid value (4000000)
2026-08-05 22:16:59,893 [INFO] UtilMem:75 - End LoadConfig() Used Memory: 613099496 Bytes (1032847360)
2026-08-05 22:17:00,116 [WARN] ThirdParty:833 - waiting for thirdparty lock release [change project]
2026-08-05 22:17:00,117 [INFO] ThirdParty:835 - entering critical section [change project]
2026-08-05 22:17:00,117 [INFO] ThirdParty:1030 - CMSIS Pack Vendor :STMicroelectronics X-CUBE-AZRTOS-H7 3.5.0
2026-08-05 22:17:00,117 [INFO] ThirdParty:1030 - CMSIS Pack Vendor :STMicroelectronics X-CUBE-PM33A1 1.0.0
2026-08-05 22:17:00,117 [INFO] ThirdParty:1030 - CMSIS Pack Vendor :STMicroelectronics USBPD 4.1
2026-08-05 22:17:00,118 [INFO] ThirdParty:1030 - CMSIS Pack Vendor :STMicroelectronics X-CUBE-NFC9 1.0.0
2026-08-05 22:17:00,118 [INFO] ThirdParty:1030 - CMSIS Pack Vendor :STMicroelectronics USB_HOST 2.0.0
2026-08-05 22:17:00,118 [INFO] ThirdParty:1030 - CMSIS Pack Vendor :STMicroelectronics FP-ATR-ASTRA1 2.0.3
2026-08-05 22:17:00,118 [INFO] ThirdParty:1030 - CMSIS Pack Vendor :STMicroelectronics X-CUBE-AZRTOS-F4 1.1.0
2026-08-05 22:17:00,118 [INFO] ThirdParty:1030 - CMSIS Pack Vendor :STMicroelectronics LIBJPEG 8.0.0
2026-08-05 22:17:00,118 [INFO] ThirdParty:1030 - CMSIS Pack Vendor :STMicroelectronics X-CUBE-BLE1 7.1.0
2026-08-05 22:17:00,118 [INFO] ThirdParty:1030 - CMSIS Pack Vendor :wolfSSL I-CUBE-wolfMQTT 1.19.2
2026-08-05 22:17:00,118 [INFO] ThirdParty:1030 - CMSIS Pack Vendor :STMicroelectronics USB_DEVICE 3.0.0
2026-08-05 22:17:00,118 [INFO] ThirdParty:1030 - CMSIS Pack Vendor :STMicroelectronics X-CUBE-ISPU 2.1.0
2026-08-05 22:17:00,118 [INFO] ThirdParty:1030 - CMSIS Pack Vendor :STMicroelectronics X-CUBE-EEPRMA1 5.2.0
2026-08-05 22:17:00,118 [INFO] ThirdParty:1030 - CMSIS Pack Vendor :STMicroelectronics X-CUBE-IPS 3.2.0
2026-08-05 22:17:00,118 [INFO] ThirdParty:1030 - CMSIS Pack Vendor :STMicroelectronics eDS-WB_DPC_TT-BIDIR 2.1.1
2026-08-05 22:17:00,118 [INFO] ThirdParty:1030 - CMSIS Pack Vendor :STMicroelectronics X-CUBE-AZRTOS-WB 2.0.0
2026-08-05 22:17:00,118 [INFO] ThirdParty:1030 - CMSIS Pack Vendor :STMicroelectronics X-CUBE-NFC12 1.0.0
2026-08-05 22:17:00,118 [INFO] ThirdParty:1030 - CMSIS Pack Vendor :STMicroelectronics X-CUBE-AZRTOS-F7 1.1.0
2026-08-05 22:17:00,118 [INFO] ThirdParty:1030 - CMSIS Pack Vendor :STMicroelectronics X-CUBE-AZRTOS-L5 2.0.0
2026-08-05 22:17:00,118 [INFO] ThirdParty:1030 - CMSIS Pack Vendor :STMicroelectronics USB_DEVICE 2.0.0
2026-08-05 22:17:00,118 [INFO] ThirdParty:1030 - CMSIS Pack Vendor :STMicroelectronics X-CUBE-FREERTOS 1.6.0
2026-08-05 22:17:00,118 [INFO] ThirdParty:1030 - CMSIS Pack Vendor :STMicroelectronics FP-SNS-STAIOTCFT 1.1.0
2026-08-05 22:17:00,118 [INFO] ThirdParty:1030 - CMSIS Pack Vendor :quantropi X-CUBE-qispace-sdk-base 2.1.0
2026-08-05 22:17:00,118 [INFO] ThirdParty:1030 - CMSIS Pack Vendor :STMicroelectronics X-CUBE-STSE01 2.0.0
2026-08-05 22:17:00,118 [INFO] ThirdParty:1030 - CMSIS Pack Vendor :STMicroelectronics X-CUBE-ALGOBUILD 1.5.0
2026-08-05 22:17:00,118 [INFO] ThirdParty:1030 - CMSIS Pack Vendor :STMicroelectronics FP-SNS-MOTENV1 5.1.0
2026-08-05 22:17:00,118 [INFO] ThirdParty:1030 - CMSIS Pack Vendor :STMicroelectronics FreeRTOS 0.0.1
2026-08-05 22:17:00,119 [INFO] ThirdParty:1030 - CMSIS Pack Vendor :STMicroelectronics X-CUBE-AZRTOS-H7RS 1.3.0
2026-08-05 22:17:00,119 [INFO] ThirdParty:1030 - CMSIS Pack Vendor :STMicroelectronics X-CUBE-AZRTOS-G0 1.1.0
2026-08-05 22:17:00,119 [INFO] ThirdParty:1030 - CMSIS Pack Vendor :STMicroelectronics X-CUBE-NFC4 3.0.0
2026-08-05 22:17:00,119 [INFO] ThirdParty:1030 - CMSIS Pack Vendor :STMicroelectronics X-CUBE-SUBG2 5.0.0
2026-08-05 22:17:00,119 [INFO] ThirdParty:1030 - CMSIS Pack Vendor :STMicroelectronics STM32_WPAN 1.0.0
2026-08-05 22:17:00,119 [INFO] ThirdParty:1030 - CMSIS Pack Vendor :STMicroelectronics eDS-WB_DPC_VIENNA 1.2.0
2026-08-05 22:17:00,119 [INFO] ThirdParty:1030 - CMSIS Pack Vendor :EmbeddedOffice I-CUBE-FS-RTOS 1.0.1
2026-08-05 22:17:00,119 [INFO] ThirdParty:1030 - CMSIS Pack Vendor :STMicroelectronics lwIP 2.0.3
2026-08-05 22:17:00,119 [INFO] ThirdParty:1030 - CMSIS Pack Vendor :WES I-CUBE-Cesium 1.4.0
2026-08-05 22:17:00,119 [INFO] ThirdParty:1030 - CMSIS Pack Vendor :STMicroelectronics X-CUBE-MEMS1 13.0.0
2026-08-05 22:17:00,119 [INFO] ThirdParty:1030 - CMSIS Pack Vendor :STMicroelectronics eDS-WB_DPC_3PH2L-BIDIR 1.1.1
2026-08-05 22:17:00,119 [INFO] ThirdParty:1030 - CMSIS Pack Vendor :STMicroelectronics USB_HOST 1.0.0
2026-08-05 22:17:00,119 [INFO] ThirdParty:1030 - CMSIS Pack Vendor :STMicroelectronics X-CUBE-AZRTOS-G4 2.0.0
2026-08-05 22:17:00,119 [INFO] ThirdParty:1030 - CMSIS Pack Vendor :STMicroelectronics PDM2PCM 3.1.0
2026-08-05 22:17:00,119 [INFO] ThirdParty:1030 - CMSIS Pack Vendor :STMicroelectronics PDM2PCM 3.3.0
2026-08-05 22:17:00,119 [INFO] ThirdParty:1030 - CMSIS Pack Vendor :wolfSSL I-CUBE-wolfTPM 3.8.0
2026-08-05 22:17:00,119 [INFO] ThirdParty:1030 - CMSIS Pack Vendor :STMicroelectronics X-CUBE-DISPLAY 3.0.0
2026-08-05 22:17:00,119 [INFO] ThirdParty:1030 - CMSIS Pack Vendor :wolfSSL I-CUBE-wolfSSH 1.4.20
2026-08-05 22:17:00,120 [INFO] ThirdParty:1030 - CMSIS Pack Vendor :STMicroelectronics X-CUBE-NFC7 2.0.0
2026-08-05 22:17:00,120 [INFO] ThirdParty:1030 - CMSIS Pack Vendor :STMicroelectronics X-CUBE-GNSS1 7.1.1
2026-08-05 22:17:00,120 [INFO] ThirdParty:1030 - CMSIS Pack Vendor :STMicroelectronics FP-SNS-MOTENVWB1 1.5.0
2026-08-05 22:17:00,120 [INFO] ThirdParty:1030 - CMSIS Pack Vendor :STMicroelectronics X-CUBE-TCPP 4.2.0
2026-08-05 22:17:00,120 [INFO] ThirdParty:1030 - CMSIS Pack Vendor :RealThread X-CUBE-RT-Thread_Nano 4.1.1
2026-08-05 22:17:00,120 [INFO] ThirdParty:1030 - CMSIS Pack Vendor :STMicroelectronics FP-ATR-SIGFOX1 3.2.0
2026-08-05 22:17:00,120 [INFO] ThirdParty:1030 - CMSIS Pack Vendor :STMicroelectronics X-CUBE-NFC10 1.0.0
2026-08-05 22:17:00,120 [INFO] ThirdParty:1030 - CMSIS Pack Vendor :STMicroelectronics HAL Drivers 0.0.0
2026-08-05 22:17:00,120 [INFO] ThirdParty:1030 - CMSIS Pack Vendor :STMicroelectronics MBEDTLS 2.16.2
2026-08-05 22:17:00,120 [INFO] ThirdParty:1030 - CMSIS Pack Vendor :STMicroelectronics X-CUBE-ST60 1.1.0
2026-08-05 22:17:00,120 [INFO] ThirdParty:1030 - CMSIS Pack Vendor :STMicroelectronics X-CUBE-ALS 1.0.2
2026-08-05 22:17:00,120 [INFO] ThirdParty:1030 - CMSIS Pack Vendor :emotas I-CUBE-CANOPEN 1.3.0
2026-08-05 22:17:00,120 [INFO] ThirdParty:1030 - CMSIS Pack Vendor :wolfSSL I-CUBE-wolfSSL 5.9.2
2026-08-05 22:17:00,121 [INFO] ThirdParty:1030 - CMSIS Pack Vendor :STMicroelectronics MBEDTLS 2.14.1
2026-08-05 22:17:00,121 [INFO] ThirdParty:1030 - CMSIS Pack Vendor :ITTIA_DB I-CUBE-ITTIADB 8.9.0
2026-08-05 22:17:00,121 [INFO] ThirdParty:1030 - CMSIS Pack Vendor :Cesanta I-CUBE-Mongoose 7.21.7
2026-08-05 22:17:00,121 [INFO] ThirdParty:1030 - CMSIS Pack Vendor :STMicroelectronics X-CUBE-TOUCHGFX 4.26.1
2026-08-05 22:17:00,121 [INFO] ThirdParty:1030 - CMSIS Pack Vendor :STMicroelectronics X-CUBE-NFC6 3.2.0
2026-08-05 22:17:00,121 [INFO] ThirdParty:1030 - CMSIS Pack Vendor :STMicroelectronics FP-SNS-STBOX1 2.1.0
2026-08-05 22:17:00,121 [INFO] ThirdParty:1030 - CMSIS Pack Vendor :STMicroelectronics X-CUBE-AI 10.2.1
2026-08-05 22:17:00,121 [INFO] ThirdParty:1030 - CMSIS Pack Vendor :STMicroelectronics ThreadX 1.0.0
2026-08-05 22:17:00,121 [INFO] ThirdParty:1030 - CMSIS Pack Vendor :STMicroelectronics FP-SNS-SMARTAG2 1.2.0
2026-08-05 22:17:00,121 [INFO] ThirdParty:1030 - CMSIS Pack Vendor :STMicroelectronics FP-SNS-FLIGHT1 5.1.0
2026-08-05 22:17:00,121 [INFO] ThirdParty:1030 - CMSIS Pack Vendor :STMicroelectronics X-CUBE-AZRTOS-WL 2.0.0
2026-08-05 22:17:00,122 [INFO] ThirdParty:1030 - CMSIS Pack Vendor :SEGGER I-CUBE-embOS 1.3.1
2026-08-05 22:17:00,122 [INFO] ThirdParty:1030 - CMSIS Pack Vendor :STMicroelectronics X-CUBE-DPower 1.3.0
2026-08-05 22:17:00,122 [INFO] ThirdParty:1030 - CMSIS Pack Vendor :STMicroelectronics USB_DEVICE 1.0.0
2026-08-05 22:17:00,122 [INFO] ThirdParty:1030 - CMSIS Pack Vendor :STMicroelectronics X-CUBE-AZRTOS-L4 2.0.0
2026-08-05 22:17:00,122 [INFO] ThirdParty:1030 - CMSIS Pack Vendor :STMicroelectronics ThreadX 0.0.2
2026-08-05 22:17:00,122 [INFO] ThirdParty:1030 - CMSIS Pack Vendor :STMicroelectronics lwIP 2.1.2
2026-08-05 22:17:00,122 [INFO] ThirdParty:1030 - CMSIS Pack Vendor :STMicroelectronics X-CUBE-SFXS2LP1 4.0.0
2026-08-05 22:17:00,122 [INFO] ThirdParty:1030 - CMSIS Pack Vendor :STMicroelectronics X-CUBE-BLE2 3.3.0
2026-08-05 22:17:00,122 [INFO] ThirdParty:1030 - CMSIS Pack Vendor :Avnet-IOTCONNECT X-CUBE-iotc-st67-sdk 1.0.0
2026-08-05 22:17:00,122 [INFO] ThirdParty:1030 - CMSIS Pack Vendor :STMicroelectronics X-CUBE-TOF1 3.4.3
2026-08-05 22:17:00,122 [INFO] ThirdParty:1030 - CMSIS Pack Vendor :Infineon AIROC-Wi-Fi-Bluetooth-STM32 1.8.0
2026-08-05 22:17:00,122 [INFO] ThirdParty:1030 - CMSIS Pack Vendor :STMicroelectronics X-CUBE-NFC13 1.0.0
2026-08-05 22:17:00,123 [INFO] ThirdParty:1030 - CMSIS Pack Vendor :STMicroelectronics PDM2PCM 3.2.0
2026-08-05 22:17:00,123 [INFO] ThirdParty:1030 - CMSIS Pack Vendor :STMicroelectronics X-CUBE-WB05N 2.1.0
2026-08-05 22:17:00,123 [INFO] ThirdParty:841 - exiting critical section [change project]
2026-08-05 22:17:00,612 [INFO] PinOutPanel:1589 - setPackage(No Configuration,No Configuration)
2026-08-05 22:17:00,615 [INFO] PinOutPanel:1589 - setPackage(STM32F411RETx,LQFP64)
2026-08-05 22:17:01,227 [INFO] UtilMem:75 - Before build in PCC Used Memory: 799223784 Bytes (1032847360)
2026-08-05 22:17:02,043 [INFO] UtilMem:75 - After build in PCC Used Memory: 906178536 Bytes (1032847360)
2026-08-05 22:17:02,104 [INFO] IPUIPlugin:80 - create IPUIPlugin
2026-08-05 22:17:02,104 [INFO] IPUIPlugin:80 - create IPUIPlugin
2026-08-05 22:17:02,104 [INFO] IPUIPlugin:80 - create IPUIPlugin
2026-08-05 22:17:02,104 [INFO] IPUIPlugin:80 - create IPUIPlugin
2026-08-05 22:17:02,105 [INFO] IPUIPlugin:80 - create IPUIPlugin
2026-08-05 22:17:02,105 [INFO] IPUIPlugin:80 - create IPUIPlugin
2026-08-05 22:17:02,105 [INFO] IPUIPlugin:80 - create IPUIPlugin
2026-08-05 22:17:02,105 [INFO] IPUIPlugin:80 - create IPUIPlugin
2026-08-05 22:17:02,105 [INFO] IPUIPlugin:80 - create IPUIPlugin
2026-08-05 22:17:02,106 [INFO] IPUIPlugin:80 - create IPUIPlugin
2026-08-05 22:17:02,106 [INFO] IPUIPlugin:80 - create IPUIPlugin
2026-08-05 22:17:02,106 [INFO] IPUIPlugin:80 - create IPUIPlugin
2026-08-05 22:17:02,106 [INFO] IPUIPlugin:80 - create IPUIPlugin
2026-08-05 22:17:02,106 [INFO] IPUIPlugin:80 - create IPUIPlugin
2026-08-05 22:17:02,107 [INFO] IPUIPlugin:80 - create IPUIPlugin
2026-08-05 22:17:02,107 [INFO] IPUIPlugin:80 - create IPUIPlugin
2026-08-05 22:17:02,107 [INFO] IPUIPlugin:80 - create IPUIPlugin
2026-08-05 22:17:02,107 [INFO] IPUIPlugin:80 - create IPUIPlugin
2026-08-05 22:17:02,107 [INFO] IPUIPlugin:80 - create IPUIPlugin
2026-08-05 22:17:02,108 [INFO] IPUIPlugin:80 - create IPUIPlugin
2026-08-05 22:17:02,108 [INFO] IPUIPlugin:80 - create IPUIPlugin
2026-08-05 22:17:02,108 [INFO] IPUIPlugin:80 - create IPUIPlugin
2026-08-05 22:17:02,108 [INFO] IPUIPlugin:80 - create IPUIPlugin
2026-08-05 22:17:02,108 [INFO] IPUIPlugin:80 - create IPUIPlugin
2026-08-05 22:17:02,109 [INFO] IPUIPlugin:80 - create IPUIPlugin
2026-08-05 22:17:02,109 [INFO] IPUIPlugin:80 - create IPUIPlugin
2026-08-05 22:17:02,109 [INFO] IPUIPlugin:80 - create IPUIPlugin
2026-08-05 22:17:02,109 [INFO] IPUIPlugin:80 - create IPUIPlugin
2026-08-05 22:17:02,109 [INFO] IPUIPlugin:80 - create IPUIPlugin
2026-08-05 22:17:02,109 [INFO] IPUIPlugin:80 - create IPUIPlugin
2026-08-05 22:17:02,110 [INFO] IPUIPlugin:80 - create IPUIPlugin
2026-08-05 22:17:02,110 [INFO] IPUIPlugin:80 - create IPUIPlugin
2026-08-05 22:17:02,110 [INFO] IPUIPlugin:80 - create IPUIPlugin
2026-08-05 22:17:02,110 [INFO] IPUIPlugin:80 - create IPUIPlugin
2026-08-05 22:17:02,110 [INFO] IPUIPlugin:80 - create IPUIPlugin
2026-08-05 22:17:02,110 [INFO] IPUIPlugin:80 - create IPUIPlugin
2026-08-05 22:17:02,111 [INFO] IPUIPlugin:80 - create IPUIPlugin
2026-08-05 22:17:02,111 [INFO] IPUIPlugin:80 - create IPUIPlugin
2026-08-05 22:17:02,111 [INFO] IPUIPlugin:80 - create IPUIPlugin
2026-08-05 22:17:02,111 [INFO] IPUIPlugin:80 - create IPUIPlugin
2026-08-05 22:17:02,112 [INFO] IPUIPlugin:80 - create IPUIPlugin
2026-08-05 22:17:02,112 [INFO] IPUIPlugin:80 - create IPUIPlugin
2026-08-05 22:17:02,112 [INFO] IPUIPlugin:80 - create IPUIPlugin
2026-08-05 22:17:02,177 [INFO] ApiDbMcu:532 - Load IP Config File for PDM2PCM
2026-08-05 22:17:02,533 [INFO] CADModel:165 - CPN selected for project levelSTM32F411RET6
2026-08-05 22:17:02,533 [INFO] CADModel:114 - Register for checkConnection events
2026-08-05 22:17:02,580 [INFO] OpenFileManager:386 - Restore cursor
2026-08-05 22:17:03,467 [INFO] UtilMem:75 - End SaveConfig() Used Memory: 587720960 Bytes (1032847360)
2026-08-05 22:17:03,597 [INFO] UtilMem:75 - End SaveConfig() Used Memory: 603466000 Bytes (1032847360)
2026-08-05 22:17:04,693 [INFO] BlockDiagram:2775 - set Specific Code input for plugin: NVIC
2026-08-05 22:17:04,694 [INFO] BlockDiagram:2775 - set Specific Code input for plugin: USART
2026-08-05 22:17:04,694 [INFO] BlockDiagram:2775 - set Specific Code input for plugin: SYS
2026-08-05 22:17:04,695 [INFO] BlockDiagram:2775 - set Specific Code input for plugin: GPIO
2026-08-05 22:17:04,695 [INFO] BlockDiagram:2775 - set Specific Code input for plugin: RCC
2026-08-05 22:17:04,697 [INFO] CodeGenerator:892 - code generatio: config db path: /opt/st/stm32cubeide_1.19.0/plugins/com.st.stm32cube.common.mx_6.15.0.202507011659//db/
2026-08-05 22:17:05,028 [INFO] CodeEngine:265 - oldGeneratedFile, /home/kkattmos/Documents/embedded_sys_lab_workspace/Lab1/MXTmpFiles/license.tmp_save
2026-08-05 22:17:05,569 [ERROR] LogOutputStream:75 - [STDERR_REDIRECT] Aug 05, 2026 10:17:05 PM java.util.prefs.FileSystemPreferences checkLockFile0ErrorCode
2026-08-05 22:17:05,570 [ERROR] LogOutputStream:75 - [STDERR_REDIRECT] WARNING: Could not lock System prefs. Unix error code 2.
2026-08-05 22:17:05,570 [ERROR] LogOutputStream:75 - [STDERR_REDIRECT] 
2026-08-05 22:17:05,571 [ERROR] LogOutputStream:75 - [STDERR_REDIRECT] Aug 05, 2026 10:17:05 PM java.util.prefs.FileSystemPreferences syncWorld
2026-08-05 22:17:05,571 [ERROR] LogOutputStream:75 - [STDERR_REDIRECT] WARNING: Couldn't flush system prefs: java.util.prefs.BackingStoreException: Couldn't get file lock.
2026-08-05 22:17:05,572 [ERROR] LogOutputStream:75 - [STDERR_REDIRECT] 
2026-08-05 22:17:05,840 [INFO] CodeEngine:289 - Generated code: /home/kkattmos/Documents/embedded_sys_lab_workspace/Lab1/MXTmpFiles/license.tmp
2026-08-05 22:17:05,919 [INFO] CodeEngine:265 - oldGeneratedFile, /home/kkattmos/Documents/embedded_sys_lab_workspace/Lab1/MXTmpFiles/gpio.tmp_save
2026-08-05 22:17:06,121 [INFO] CodeEngine:289 - Generated code: /home/kkattmos/Documents/embedded_sys_lab_workspace/Lab1/MXTmpFiles/gpio.tmp
2026-08-05 22:17:06,220 [INFO] CodeEngine:265 - oldGeneratedFile, /home/kkattmos/Documents/embedded_sys_lab_workspace/Lab1/Core/Src/stm32f4xx_it.c_save
2026-08-05 22:17:06,379 [INFO] CodeEngine:289 - Generated code: /home/kkattmos/Documents/embedded_sys_lab_workspace/Lab1/Core/Src/stm32f4xx_it.c
2026-08-05 22:17:06,383 [INFO] CodeEngine:265 - oldGeneratedFile, /home/kkattmos/Documents/embedded_sys_lab_workspace/Lab1/Core/Inc/stm32f4xx_it.h_save
2026-08-05 22:17:06,484 [INFO] CodeEngine:289 - Generated code: /home/kkattmos/Documents/embedded_sys_lab_workspace/Lab1/Core/Inc/stm32f4xx_it.h
2026-08-05 22:17:06,494 [INFO] CodeEngine:265 - oldGeneratedFile, /home/kkattmos/Documents/embedded_sys_lab_workspace/Lab1/Core/Src/stm32f4xx_hal_msp.c_save
2026-08-05 22:17:06,704 [INFO] CodeEngine:289 - Generated code: /home/kkattmos/Documents/embedded_sys_lab_workspace/Lab1/Core/Src/stm32f4xx_hal_msp.c
2026-08-05 22:17:06,708 [INFO] CodeEngine:265 - oldGeneratedFile, /home/kkattmos/Documents/embedded_sys_lab_workspace/Lab1/MXTmpFiles/system.tmp_save
2026-08-05 22:17:06,819 [INFO] CodeEngine:289 - Generated code: /home/kkattmos/Documents/embedded_sys_lab_workspace/Lab1/MXTmpFiles/system.tmp
2026-08-05 22:17:06,827 [INFO] CodeEngine:321 - oldGeneratedFile, /home/kkattmos/Documents/embedded_sys_lab_workspace/Lab1/Core/Inc/stm32f4xx_hal_conf.h_save
2026-08-05 22:17:06,943 [INFO] CodeEngine:345 - Generated code: /home/kkattmos/Documents/embedded_sys_lab_workspace/Lab1/Core/Inc/stm32f4xx_hal_conf.h
2026-08-05 22:17:06,990 [INFO] ApiDbMcu:532 - Load IP Config File for USART2
2026-08-05 22:17:06,996 [INFO] ApiDbMcu:532 - Load IP Config File for RCC
2026-08-05 22:17:07,006 [INFO] CodeEngine:265 - oldGeneratedFile, /home/kkattmos/Documents/embedded_sys_lab_workspace/Lab1/Core/Inc/main.h_save
2026-08-05 22:17:07,153 [INFO] CodeEngine:289 - Generated code: /home/kkattmos/Documents/embedded_sys_lab_workspace/Lab1/Core/Inc/main.h
2026-08-05 22:17:07,157 [INFO] CodeEngine:265 - oldGeneratedFile, /home/kkattmos/Documents/embedded_sys_lab_workspace/Lab1/Core/Src/main.c_save
2026-08-05 22:17:07,336 [INFO] CodeEngine:289 - Generated code: /home/kkattmos/Documents/embedded_sys_lab_workspace/Lab1/Core/Src/main.c
2026-08-05 22:17:07,693 [INFO] ProjectBuilder:3606 - Time for Copy HAL[1] : 101mS.
2026-08-05 22:17:07,698 [INFO] ProjectBuilder:5216 - Project Generator version: 4.7.0-B52
2026-08-05 22:17:07,823 [INFO] ConfigFileManager:1595 - The Die is : DIE431
2026-08-05 22:17:07,838 [INFO] ApiDbMcu:532 - Load IP Config File for FATFS
2026-08-05 22:17:07,844 [INFO] ApiDbMcu:532 - Load IP Config File for FREERTOS
2026-08-05 22:17:07,850 [INFO] ApiDbMcu:532 - Load IP Config File for LIBJPEG
2026-08-05 22:17:07,861 [INFO] ApiDbMcu:532 - Load IP Config File for MBEDTLS
2026-08-05 22:17:07,873 [INFO] ApiDbMcu:532 - Load IP Config File for USB_DEVICE
2026-08-05 22:17:07,881 [INFO] ApiDbMcu:532 - Load IP Config File for USB_HOST
2026-08-05 22:17:08,402 [INFO] LogOutputStream:77 - [STDOUT_REDIRECT] 
2026-08-05 22:17:11,356 [INFO] ProjectBuilder:5496 - Time for Generating toolchain IDE Files: 3657mS.
2026-08-05 22:17:11,358 [INFO] ProjectBuilder:3463 - Time for Copy CMSIS : 0mS.
2026-08-05 22:17:11,359 [INFO] ProjectBuilder:3463 - Time for Copy CMSIS : 0mS.
2026-08-05 22:17:12,376 [INFO] McuFinderGlobals:76 - Set McuFinderConnectedMode to true
2026-08-05 22:17:12,384 [INFO] ApiDb:448 - Save user favorites file /home/kkattmos/.stm32cubeide/favorites.mcus.txt: 0 item(s)
2026-08-05 22:17:12,384 [INFO] ApiDb:452 - User favorites MCUs=[]
2026-08-05 22:17:12,387 [INFO] ApiDb:448 - Save user favorites file /home/kkattmos/.stm32cubeide/favorites.boards.txt: 0 item(s)
2026-08-05 22:17:12,388 [INFO] ApiDb:452 - User favorites Boards=[]
2026-08-05 22:17:35,572 [ERROR] LogOutputStream:75 - [STDERR_REDIRECT] Aug 05, 2026 10:17:35 PM java.util.prefs.FileSystemPreferences checkLockFile0ErrorCode
2026-08-05 22:17:35,573 [ERROR] LogOutputStream:75 - [STDERR_REDIRECT] WARNING: Could not lock System prefs. Unix error code 2.
2026-08-05 22:17:35,574 [ERROR] LogOutputStream:75 - [STDERR_REDIRECT] 
2026-08-05 22:17:35,575 [ERROR] LogOutputStream:75 - [STDERR_REDIRECT] Aug 05, 2026 10:17:35 PM java.util.prefs.FileSystemPreferences syncWorld
2026-08-05 22:17:35,575 [ERROR] LogOutputStream:75 - [STDERR_REDIRECT] WARNING: Couldn't flush system prefs: java.util.prefs.BackingStoreException: Couldn't get file lock.
2026-08-05 22:17:35,576 [ERROR] LogOutputStream:75 - [STDERR_REDIRECT] 
2026-08-05 22:18:03,005 [INFO] UtilMem:75 - End SaveConfig() Used Memory: 682052752 Bytes (1033895936)
2026-08-05 22:18:05,569 [ERROR] LogOutputStream:75 - [STDERR_REDIRECT] Aug 05, 2026 10:18:05 PM java.util.prefs.FileSystemPreferences checkLockFile0ErrorCode
2026-08-05 22:18:05,570 [ERROR] LogOutputStream:75 - [STDERR_REDIRECT] WARNING: Could not lock System prefs. Unix error code 2.
2026-08-05 22:18:05,570 [ERROR] LogOutputStream:75 - [STDERR_REDIRECT] 
2026-08-05 22:18:05,571 [ERROR] LogOutputStream:75 - [STDERR_REDIRECT] Aug 05, 2026 10:18:05 PM java.util.prefs.FileSystemPreferences syncWorld
2026-08-05 22:18:05,572 [ERROR] LogOutputStream:75 - [STDERR_REDIRECT] WARNING: Couldn't flush system prefs: java.util.prefs.BackingStoreException: Couldn't get file lock.
2026-08-05 22:18:05,572 [ERROR] LogOutputStream:75 - [STDERR_REDIRECT] 
2026-08-05 22:18:09,828 [INFO] UtilMem:75 - End SaveConfig() Used Memory: 704595088 Bytes (1033895936)
2026-08-05 22:18:35,569 [ERROR] LogOutputStream:75 - [STDERR_REDIRECT] Aug 05, 2026 10:18:35 PM java.util.prefs.FileSystemPreferences checkLockFile0ErrorCode
2026-08-05 22:18:35,570 [ERROR] LogOutputStream:75 - [STDERR_REDIRECT] WARNING: Could not lock System prefs. Unix error code 2.
2026-08-05 22:18:35,570 [ERROR] LogOutputStream:75 - [STDERR_REDIRECT] 
2026-08-05 22:18:35,570 [ERROR] LogOutputStream:75 - [STDERR_REDIRECT] Aug 05, 2026 10:18:35 PM java.util.prefs.FileSystemPreferences syncWorld
2026-08-05 22:18:35,570 [ERROR] LogOutputStream:75 - [STDERR_REDIRECT] WARNING: Couldn't flush system prefs: java.util.prefs.BackingStoreException: Couldn't get file lock.
2026-08-05 22:18:35,571 [ERROR] LogOutputStream:75 - [STDERR_REDIRECT] 
2026-08-05 22:18:37,536 [INFO] UtilMem:75 - End SaveConfig() Used Memory: 830966944 Bytes (1033895936)
2026-08-05 22:18:37,723 [INFO] BlockDiagram:2775 - set Specific Code input for plugin: NVIC
2026-08-05 22:18:37,723 [INFO] BlockDiagram:2775 - set Specific Code input for plugin: USART
2026-08-05 22:18:37,723 [INFO] BlockDiagram:2775 - set Specific Code input for plugin: SYS
2026-08-05 22:18:37,724 [INFO] BlockDiagram:2775 - set Specific Code input for plugin: GPIO
2026-08-05 22:18:37,724 [INFO] BlockDiagram:2775 - set Specific Code input for plugin: RCC
2026-08-05 22:18:37,725 [INFO] CodeGenerator:892 - code generatio: config db path: /opt/st/stm32cubeide_1.19.0/plugins/com.st.stm32cube.common.mx_6.15.0.202507011659//db/
2026-08-05 22:18:37,884 [INFO] CodeEngine:265 - oldGeneratedFile, /home/kkattmos/Documents/embedded_sys_lab_workspace/Lab1/MXTmpFiles/license.tmp_save
2026-08-05 22:18:38,038 [INFO] CodeEngine:289 - Generated code: /home/kkattmos/Documents/embedded_sys_lab_workspace/Lab1/MXTmpFiles/license.tmp
2026-08-05 22:18:38,064 [INFO] CodeEngine:265 - oldGeneratedFile, /home/kkattmos/Documents/embedded_sys_lab_workspace/Lab1/MXTmpFiles/gpio.tmp_save
2026-08-05 22:18:38,222 [INFO] CodeEngine:289 - Generated code: /home/kkattmos/Documents/embedded_sys_lab_workspace/Lab1/MXTmpFiles/gpio.tmp
2026-08-05 22:18:38,300 [INFO] CodeEngine:265 - oldGeneratedFile, /home/kkattmos/Documents/embedded_sys_lab_workspace/Lab1/Core/Src/stm32f4xx_it.c_save
2026-08-05 22:18:38,502 [INFO] CodeEngine:289 - Generated code: /home/kkattmos/Documents/embedded_sys_lab_workspace/Lab1/Core/Src/stm32f4xx_it.c
2026-08-05 22:18:38,505 [INFO] CodeEngine:265 - oldGeneratedFile, /home/kkattmos/Documents/embedded_sys_lab_workspace/Lab1/Core/Inc/stm32f4xx_it.h_save
2026-08-05 22:18:38,606 [INFO] CodeEngine:289 - Generated code: /home/kkattmos/Documents/embedded_sys_lab_workspace/Lab1/Core/Inc/stm32f4xx_it.h
2026-08-05 22:18:38,614 [INFO] CodeEngine:265 - oldGeneratedFile, /home/kkattmos/Documents/embedded_sys_lab_workspace/Lab1/Core/Src/stm32f4xx_hal_msp.c_save
2026-08-05 22:18:38,763 [INFO] CodeEngine:289 - Generated code: /home/kkattmos/Documents/embedded_sys_lab_workspace/Lab1/Core/Src/stm32f4xx_hal_msp.c
2026-08-05 22:18:38,765 [INFO] CodeEngine:265 - oldGeneratedFile, /home/kkattmos/Documents/embedded_sys_lab_workspace/Lab1/MXTmpFiles/system.tmp_save
2026-08-05 22:18:38,863 [INFO] CodeEngine:289 - Generated code: /home/kkattmos/Documents/embedded_sys_lab_workspace/Lab1/MXTmpFiles/system.tmp
2026-08-05 22:18:38,868 [INFO] CodeEngine:321 - oldGeneratedFile, /home/kkattmos/Documents/embedded_sys_lab_workspace/Lab1/Core/Inc/stm32f4xx_hal_conf.h_save
2026-08-05 22:18:39,002 [INFO] CodeEngine:345 - Generated code: /home/kkattmos/Documents/embedded_sys_lab_workspace/Lab1/Core/Inc/stm32f4xx_hal_conf.h
2026-08-05 22:18:39,030 [INFO] CodeEngine:265 - oldGeneratedFile, /home/kkattmos/Documents/embedded_sys_lab_workspace/Lab1/Core/Inc/main.h_save
2026-08-05 22:18:39,144 [INFO] CodeEngine:289 - Generated code: /home/kkattmos/Documents/embedded_sys_lab_workspace/Lab1/Core/Inc/main.h
2026-08-05 22:18:39,146 [INFO] CodeEngine:265 - oldGeneratedFile, /home/kkattmos/Documents/embedded_sys_lab_workspace/Lab1/Core/Src/main.c_save
2026-08-05 22:18:39,329 [INFO] CodeEngine:289 - Generated code: /home/kkattmos/Documents/embedded_sys_lab_workspace/Lab1/Core/Src/main.c
2026-08-05 22:18:39,823 [INFO] ProjectBuilder:3606 - Time for Copy HAL[1] : 53mS.
2026-08-05 22:18:39,828 [INFO] ProjectBuilder:5216 - Project Generator version: 4.7.0-B52
2026-08-05 22:18:40,028 [INFO] ConfigFileManager:1595 - The Die is : DIE431
2026-08-05 22:18:41,385 [INFO] ProjectBuilder:5496 - Time for Generating toolchain IDE Files: 1557mS.
2026-08-05 22:18:41,386 [INFO] ProjectBuilder:3463 - Time for Copy CMSIS : 0mS.
2026-08-05 22:18:41,387 [INFO] ProjectBuilder:3463 - Time for Copy CMSIS : 0mS.
2026-08-05 22:19:05,568 [ERROR] LogOutputStream:75 - [STDERR_REDIRECT] Aug 05, 2026 10:19:05 PM java.util.prefs.FileSystemPreferences checkLockFile0ErrorCode
2026-08-05 22:19:05,569 [ERROR] LogOutputStream:75 - [STDERR_REDIRECT] WARNING: Could not lock System prefs. Unix error code 2.
2026-08-05 22:19:05,569 [ERROR] LogOutputStream:75 - [STDERR_REDIRECT] 
2026-08-05 22:19:05,569 [ERROR] LogOutputStream:75 - [STDERR_REDIRECT] Aug 05, 2026 10:19:05 PM java.util.prefs.FileSystemPreferences syncWorld
2026-08-05 22:19:05,569 [ERROR] LogOutputStream:75 - [STDERR_REDIRECT] WARNING: Couldn't flush system prefs: java.util.prefs.BackingStoreException: Couldn't get file lock.
2026-08-05 22:19:05,569 [ERROR] LogOutputStream:75 - [STDERR_REDIRECT] 
2026-08-05 22:19:35,565 [ERROR] LogOutputStream:75 - [STDERR_REDIRECT] Aug 05, 2026 10:19:35 PM java.util.prefs.FileSystemPreferences checkLockFile0ErrorCode
2026-08-05 22:19:35,566 [ERROR] LogOutputStream:75 - [STDERR_REDIRECT] WARNING: Could not lock System prefs. Unix error code 2.
2026-08-05 22:19:35,567 [ERROR] LogOutputStream:75 - [STDERR_REDIRECT] 
2026-08-05 22:19:35,567 [ERROR] LogOutputStream:75 - [STDERR_REDIRECT] Aug 05, 2026 10:19:35 PM java.util.prefs.FileSystemPreferences syncWorld
2026-08-05 22:19:35,568 [ERROR] LogOutputStream:75 - [STDERR_REDIRECT] WARNING: Couldn't flush system prefs: java.util.prefs.BackingStoreException: Couldn't get file lock.
2026-08-05 22:19:35,568 [ERROR] LogOutputStream:75 - [STDERR_REDIRECT] 
2026-08-05 22:20:05,564 [ERROR] LogOutputStream:75 - [STDERR_REDIRECT] Aug 05, 2026 10:20:05 PM java.util.prefs.FileSystemPreferences checkLockFile0ErrorCode
2026-08-05 22:20:05,565 [ERROR] LogOutputStream:75 - [STDERR_REDIRECT] WARNING: Could not lock System prefs. Unix error code 2.
2026-08-05 22:20:05,565 [ERROR] LogOutputStream:75 - [STDERR_REDIRECT] 
2026-08-05 22:20:05,566 [ERROR] LogOutputStream:75 - [STDERR_REDIRECT] Aug 05, 2026 10:20:05 PM java.util.prefs.FileSystemPreferences syncWorld
2026-08-05 22:20:05,566 [ERROR] LogOutputStream:75 - [STDERR_REDIRECT] WARNING: Couldn't flush system prefs: java.util.prefs.BackingStoreException: Couldn't get file lock.
2026-08-05 22:20:05,567 [ERROR] LogOutputStream:75 - [STDERR_REDIRECT] 
2026-08-05 22:20:35,564 [ERROR] LogOutputStream:75 - [STDERR_REDIRECT] Aug 05, 2026 10:20:35 PM java.util.prefs.FileSystemPreferences checkLockFile0ErrorCode
2026-08-05 22:20:35,564 [ERROR] LogOutputStream:75 - [STDERR_REDIRECT] WARNING: Could not lock System prefs. Unix error code 2.
2026-08-05 22:20:35,564 [ERROR] LogOutputStream:75 - [STDERR_REDIRECT] 
2026-08-05 22:20:35,565 [ERROR] LogOutputStream:75 - [STDERR_REDIRECT] Aug 05, 2026 10:20:35 PM java.util.prefs.FileSystemPreferences syncWorld
2026-08-05 22:20:35,565 [ERROR] LogOutputStream:75 - [STDERR_REDIRECT] WARNING: Couldn't flush system prefs: java.util.prefs.BackingStoreException: Couldn't get file lock.
2026-08-05 22:20:35,565 [ERROR] LogOutputStream:75 - [STDERR_REDIRECT] 
2026-08-05 22:21:05,564 [ERROR] LogOutputStream:75 - [STDERR_REDIRECT] Aug 05, 2026 10:21:05 PM java.util.prefs.FileSystemPreferences checkLockFile0ErrorCode
2026-08-05 22:21:05,565 [ERROR] LogOutputStream:75 - [STDERR_REDIRECT] WARNING: Could not lock System prefs. Unix error code 2.
2026-08-05 22:21:05,565 [ERROR] LogOutputStream:75 - [STDERR_REDIRECT] 
2026-08-05 22:21:05,565 [ERROR] LogOutputStream:75 - [STDERR_REDIRECT] Aug 05, 2026 10:21:05 PM java.util.prefs.FileSystemPreferences syncWorld
2026-08-05 22:21:05,566 [ERROR] LogOutputStream:75 - [STDERR_REDIRECT] WARNING: Couldn't flush system prefs: java.util.prefs.BackingStoreException: Couldn't get file lock.
2026-08-05 22:21:05,566 [ERROR] LogOutputStream:75 - [STDERR_REDIRECT] 
2026-08-05 22:21:35,565 [ERROR] LogOutputStream:75 - [STDERR_REDIRECT] Aug 05, 2026 10:21:35 PM java.util.prefs.FileSystemPreferences checkLockFile0ErrorCode
2026-08-05 22:21:35,566 [ERROR] LogOutputStream:75 - [STDERR_REDIRECT] WARNING: Could not lock System prefs. Unix error code 2.
2026-08-05 22:21:35,566 [ERROR] LogOutputStream:75 - [STDERR_REDIRECT] 
2026-08-05 22:21:35,567 [ERROR] LogOutputStream:75 - [STDERR_REDIRECT] Aug 05, 2026 10:21:35 PM java.util.prefs.FileSystemPreferences syncWorld
2026-08-05 22:21:35,568 [ERROR] LogOutputStream:75 - [STDERR_REDIRECT] WARNING: Couldn't flush system prefs: java.util.prefs.BackingStoreException: Couldn't get file lock.
2026-08-05 22:21:35,568 [ERROR] LogOutputStream:75 - [STDERR_REDIRECT] 
2026-08-05 22:22:05,563 [ERROR] LogOutputStream:75 - [STDERR_REDIRECT] Aug 05, 2026 10:22:05 PM java.util.prefs.FileSystemPreferences checkLockFile0ErrorCode
2026-08-05 22:22:05,563 [ERROR] LogOutputStream:75 - [STDERR_REDIRECT] WARNING: Could not lock System prefs. Unix error code 2.
2026-08-05 22:22:05,563 [ERROR] LogOutputStream:75 - [STDERR_REDIRECT] 
2026-08-05 22:22:05,564 [ERROR] LogOutputStream:75 - [STDERR_REDIRECT] Aug 05, 2026 10:22:05 PM java.util.prefs.FileSystemPreferences syncWorld
2026-08-05 22:22:05,564 [ERROR] LogOutputStream:75 - [STDERR_REDIRECT] WARNING: Couldn't flush system prefs: java.util.prefs.BackingStoreException: Couldn't get file lock.
2026-08-05 22:22:05,564 [ERROR] LogOutputStream:75 - [STDERR_REDIRECT] 
2026-08-05 22:22:35,567 [ERROR] LogOutputStream:75 - [STDERR_REDIRECT] Aug 05, 2026 10:22:35 PM java.util.prefs.FileSystemPreferences checkLockFile0ErrorCode
2026-08-05 22:22:35,568 [ERROR] LogOutputStream:75 - [STDERR_REDIRECT] WARNING: Could not lock System prefs. Unix error code 2.
2026-08-05 22:22:35,568 [ERROR] LogOutputStream:75 - [STDERR_REDIRECT] 
2026-08-05 22:22:35,569 [ERROR] LogOutputStream:75 - [STDERR_REDIRECT] Aug 05, 2026 10:22:35 PM java.util.prefs.FileSystemPreferences syncWorld
2026-08-05 22:22:35,569 [ERROR] LogOutputStream:75 - [STDERR_REDIRECT] WARNING: Couldn't flush system prefs: java.util.prefs.BackingStoreException: Couldn't get file lock.
2026-08-05 22:22:35,569 [ERROR] LogOutputStream:75 - [STDERR_REDIRECT] 
2026-08-05 22:23:05,566 [ERROR] LogOutputStream:75 - [STDERR_REDIRECT] Aug 05, 2026 10:23:05 PM java.util.prefs.FileSystemPreferences checkLockFile0ErrorCode
2026-08-05 22:23:05,566 [ERROR] LogOutputStream:75 - [STDERR_REDIRECT] WARNING: Could not lock System prefs. Unix error code 2.
2026-08-05 22:23:05,566 [ERROR] LogOutputStream:75 - [STDERR_REDIRECT] 
2026-08-05 22:23:05,567 [ERROR] LogOutputStream:75 - [STDERR_REDIRECT] Aug 05, 2026 10:23:05 PM java.util.prefs.FileSystemPreferences syncWorld
2026-08-05 22:23:05,567 [ERROR] LogOutputStream:75 - [STDERR_REDIRECT] WARNING: Couldn't flush system prefs: java.util.prefs.BackingStoreException: Couldn't get file lock.
2026-08-05 22:23:05,567 [ERROR] LogOutputStream:75 - [STDERR_REDIRECT] 
2026-08-05 22:23:35,565 [ERROR] LogOutputStream:75 - [STDERR_REDIRECT] Aug 05, 2026 10:23:35 PM java.util.prefs.FileSystemPreferences checkLockFile0ErrorCode
2026-08-05 22:23:35,565 [ERROR] LogOutputStream:75 - [STDERR_REDIRECT] WARNING: Could not lock System prefs. Unix error code 2.
2026-08-05 22:23:35,565 [ERROR] LogOutputStream:75 - [STDERR_REDIRECT] 
2026-08-05 22:23:35,566 [ERROR] LogOutputStream:75 - [STDERR_REDIRECT] Aug 05, 2026 10:23:35 PM java.util.prefs.FileSystemPreferences syncWorld
2026-08-05 22:23:35,566 [ERROR] LogOutputStream:75 - [STDERR_REDIRECT] WARNING: Couldn't flush system prefs: java.util.prefs.BackingStoreException: Couldn't get file lock.
2026-08-05 22:23:35,566 [ERROR] LogOutputStream:75 - [STDERR_REDIRECT] 
2026-08-05 22:24:05,568 [ERROR] LogOutputStream:75 - [STDERR_REDIRECT] Aug 05, 2026 10:24:05 PM java.util.prefs.FileSystemPreferences checkLockFile0ErrorCode
2026-08-05 22:24:05,568 [ERROR] LogOutputStream:75 - [STDERR_REDIRECT] WARNING: Could not lock System prefs. Unix error code 2.
2026-08-05 22:24:05,569 [ERROR] LogOutputStream:75 - [STDERR_REDIRECT] 
2026-08-05 22:24:05,569 [ERROR] LogOutputStream:75 - [STDERR_REDIRECT] Aug 05, 2026 10:24:05 PM java.util.prefs.FileSystemPreferences syncWorld
2026-08-05 22:24:05,569 [ERROR] LogOutputStream:75 - [STDERR_REDIRECT] WARNING: Couldn't flush system prefs: java.util.prefs.BackingStoreException: Couldn't get file lock.
2026-08-05 22:24:05,569 [ERROR] LogOutputStream:75 - [STDERR_REDIRECT] 
2026-08-05 22:24:35,566 [ERROR] LogOutputStream:75 - [STDERR_REDIRECT] Aug 05, 2026 10:24:35 PM java.util.prefs.FileSystemPreferences checkLockFile0ErrorCode
2026-08-05 22:24:35,566 [ERROR] LogOutputStream:75 - [STDERR_REDIRECT] WARNING: Could not lock System prefs. Unix error code 2.
2026-08-05 22:24:35,567 [ERROR] LogOutputStream:75 - [STDERR_REDIRECT] 
2026-08-05 22:24:35,567 [ERROR] LogOutputStream:75 - [STDERR_REDIRECT] Aug 05, 2026 10:24:35 PM java.util.prefs.FileSystemPreferences syncWorld
2026-08-05 22:24:35,567 [ERROR] LogOutputStream:75 - [STDERR_REDIRECT] WARNING: Couldn't flush system prefs: java.util.prefs.BackingStoreException: Couldn't get file lock.
2026-08-05 22:24:35,568 [ERROR] LogOutputStream:75 - [STDERR_REDIRECT] 
2026-08-05 22:25:05,566 [ERROR] LogOutputStream:75 - [STDERR_REDIRECT] Aug 05, 2026 10:25:05 PM java.util.prefs.FileSystemPreferences checkLockFile0ErrorCode
2026-08-05 22:25:05,567 [ERROR] LogOutputStream:75 - [STDERR_REDIRECT] WARNING: Could not lock System prefs. Unix error code 2.
2026-08-05 22:25:05,567 [ERROR] LogOutputStream:75 - [STDERR_REDIRECT] 
2026-08-05 22:25:05,567 [ERROR] LogOutputStream:75 - [STDERR_REDIRECT] Aug 05, 2026 10:25:05 PM java.util.prefs.FileSystemPreferences syncWorld
2026-08-05 22:25:05,568 [ERROR] LogOutputStream:75 - [STDERR_REDIRECT] WARNING: Couldn't flush system prefs: java.util.prefs.BackingStoreException: Couldn't get file lock.
2026-08-05 22:25:05,568 [ERROR] LogOutputStream:75 - [STDERR_REDIRECT] 
2026-08-05 22:25:35,566 [ERROR] LogOutputStream:75 - [STDERR_REDIRECT] Aug 05, 2026 10:25:35 PM java.util.prefs.FileSystemPreferences checkLockFile0ErrorCode
2026-08-05 22:25:35,566 [ERROR] LogOutputStream:75 - [STDERR_REDIRECT] WARNING: Could not lock System prefs. Unix error code 2.
2026-08-05 22:25:35,567 [ERROR] LogOutputStream:75 - [STDERR_REDIRECT] 
2026-08-05 22:25:35,567 [ERROR] LogOutputStream:75 - [STDERR_REDIRECT] Aug 05, 2026 10:25:35 PM java.util.prefs.FileSystemPreferences syncWorld
2026-08-05 22:25:35,568 [ERROR] LogOutputStream:75 - [STDERR_REDIRECT] WARNING: Couldn't flush system prefs: java.util.prefs.BackingStoreException: Couldn't get file lock.
2026-08-05 22:25:35,568 [ERROR] LogOutputStream:75 - [STDERR_REDIRECT] 
2026-08-05 22:26:05,565 [ERROR] LogOutputStream:75 - [STDERR_REDIRECT] Aug 05, 2026 10:26:05 PM java.util.prefs.FileSystemPreferences checkLockFile0ErrorCode
2026-08-05 22:26:05,566 [ERROR] LogOutputStream:75 - [STDERR_REDIRECT] WARNING: Could not lock System prefs. Unix error code 2.
2026-08-05 22:26:05,566 [ERROR] LogOutputStream:75 - [STDERR_REDIRECT] 
2026-08-05 22:26:05,566 [ERROR] LogOutputStream:75 - [STDERR_REDIRECT] Aug 05, 2026 10:26:05 PM java.util.prefs.FileSystemPreferences syncWorld
2026-08-05 22:26:05,567 [ERROR] LogOutputStream:75 - [STDERR_REDIRECT] WARNING: Couldn't flush system prefs: java.util.prefs.BackingStoreException: Couldn't get file lock.
2026-08-05 22:26:05,567 [ERROR] LogOutputStream:75 - [STDERR_REDIRECT] 
2026-08-05 22:26:35,566 [ERROR] LogOutputStream:75 - [STDERR_REDIRECT] Aug 05, 2026 10:26:35 PM java.util.prefs.FileSystemPreferences checkLockFile0ErrorCode
2026-08-05 22:26:35,566 [ERROR] LogOutputStream:75 - [STDERR_REDIRECT] WARNING: Could not lock System prefs. Unix error code 2.
2026-08-05 22:26:35,566 [ERROR] LogOutputStream:75 - [STDERR_REDIRECT] 
2026-08-05 22:26:35,567 [ERROR] LogOutputStream:75 - [STDERR_REDIRECT] Aug 05, 2026 10:26:35 PM java.util.prefs.FileSystemPreferences syncWorld
2026-08-05 22:26:35,567 [ERROR] LogOutputStream:75 - [STDERR_REDIRECT] WARNING: Couldn't flush system prefs: java.util.prefs.BackingStoreException: Couldn't get file lock.
2026-08-05 22:26:35,568 [ERROR] LogOutputStream:75 - [STDERR_REDIRECT] 
2026-08-05 22:27:05,565 [ERROR] LogOutputStream:75 - [STDERR_REDIRECT] Aug 05, 2026 10:27:05 PM java.util.prefs.FileSystemPreferences checkLockFile0ErrorCode
2026-08-05 22:27:05,566 [ERROR] LogOutputStream:75 - [STDERR_REDIRECT] WARNING: Could not lock System prefs. Unix error code 2.
2026-08-05 22:27:05,566 [ERROR] LogOutputStream:75 - [STDERR_REDIRECT] 
2026-08-05 22:27:05,567 [ERROR] LogOutputStream:75 - [STDERR_REDIRECT] Aug 05, 2026 10:27:05 PM java.util.prefs.FileSystemPreferences syncWorld
2026-08-05 22:27:05,567 [ERROR] LogOutputStream:75 - [STDERR_REDIRECT] WARNING: Couldn't flush system prefs: java.util.prefs.BackingStoreException: Couldn't get file lock.
2026-08-05 22:27:05,567 [ERROR] LogOutputStream:75 - [STDERR_REDIRECT] 
2026-08-05 22:27:35,566 [ERROR] LogOutputStream:75 - [STDERR_REDIRECT] Aug 05, 2026 10:27:35 PM java.util.prefs.FileSystemPreferences checkLockFile0ErrorCode
2026-08-05 22:27:35,567 [ERROR] LogOutputStream:75 - [STDERR_REDIRECT] WARNING: Could not lock System prefs. Unix error code 2.
2026-08-05 22:27:35,567 [ERROR] LogOutputStream:75 - [STDERR_REDIRECT] 
2026-08-05 22:27:35,568 [ERROR] LogOutputStream:75 - [STDERR_REDIRECT] Aug 05, 2026 10:27:35 PM java.util.prefs.FileSystemPreferences syncWorld
2026-08-05 22:27:35,568 [ERROR] LogOutputStream:75 - [STDERR_REDIRECT] WARNING: Couldn't flush system prefs: java.util.prefs.BackingStoreException: Couldn't get file lock.
2026-08-05 22:27:35,568 [ERROR] LogOutputStream:75 - [STDERR_REDIRECT] 
2026-08-05 22:28:05,566 [ERROR] LogOutputStream:75 - [STDERR_REDIRECT] Aug 05, 2026 10:28:05 PM java.util.prefs.FileSystemPreferences checkLockFile0ErrorCode
2026-08-05 22:28:05,567 [ERROR] LogOutputStream:75 - [STDERR_REDIRECT] WARNING: Could not lock System prefs. Unix error code 2.
2026-08-05 22:28:05,567 [ERROR] LogOutputStream:75 - [STDERR_REDIRECT] 
2026-08-05 22:28:05,568 [ERROR] LogOutputStream:75 - [STDERR_REDIRECT] Aug 05, 2026 10:28:05 PM java.util.prefs.FileSystemPreferences syncWorld
2026-08-05 22:28:05,568 [ERROR] LogOutputStream:75 - [STDERR_REDIRECT] WARNING: Couldn't flush system prefs: java.util.prefs.BackingStoreException: Couldn't get file lock.
2026-08-05 22:28:05,568 [ERROR] LogOutputStream:75 - [STDERR_REDIRECT] 
2026-08-05 22:28:35,566 [ERROR] LogOutputStream:75 - [STDERR_REDIRECT] Aug 05, 2026 10:28:35 PM java.util.prefs.FileSystemPreferences checkLockFile0ErrorCode
2026-08-05 22:28:35,566 [ERROR] LogOutputStream:75 - [STDERR_REDIRECT] WARNING: Could not lock System prefs. Unix error code 2.
2026-08-05 22:28:35,566 [ERROR] LogOutputStream:75 - [STDERR_REDIRECT] 
2026-08-05 22:28:35,567 [ERROR] LogOutputStream:75 - [STDERR_REDIRECT] Aug 05, 2026 10:28:35 PM java.util.prefs.FileSystemPreferences syncWorld
2026-08-05 22:28:35,567 [ERROR] LogOutputStream:75 - [STDERR_REDIRECT] WARNING: Couldn't flush system prefs: java.util.prefs.BackingStoreException: Couldn't get file lock.
2026-08-05 22:28:35,567 [ERROR] LogOutputStream:75 - [STDERR_REDIRECT] 
2026-08-05 22:29:05,566 [ERROR] LogOutputStream:75 - [STDERR_REDIRECT] Aug 05, 2026 10:29:05 PM java.util.prefs.FileSystemPreferences checkLockFile0ErrorCode
2026-08-05 22:29:05,566 [ERROR] LogOutputStream:75 - [STDERR_REDIRECT] WARNING: Could not lock System prefs. Unix error code 2.
2026-08-05 22:29:05,567 [ERROR] LogOutputStream:75 - [STDERR_REDIRECT] 
2026-08-05 22:29:05,567 [ERROR] LogOutputStream:75 - [STDERR_REDIRECT] Aug 05, 2026 10:29:05 PM java.util.prefs.FileSystemPreferences syncWorld
2026-08-05 22:29:05,567 [ERROR] LogOutputStream:75 - [STDERR_REDIRECT] WARNING: Couldn't flush system prefs: java.util.prefs.BackingStoreException: Couldn't get file lock.
2026-08-05 22:29:05,567 [ERROR] LogOutputStream:75 - [STDERR_REDIRECT] 
2026-08-05 22:29:35,567 [ERROR] LogOutputStream:75 - [STDERR_REDIRECT] Aug 05, 2026 10:29:35 PM java.util.prefs.FileSystemPreferences checkLockFile0ErrorCode
2026-08-05 22:29:35,567 [ERROR] LogOutputStream:75 - [STDERR_REDIRECT] WARNING: Could not lock System prefs. Unix error code 2.
2026-08-05 22:29:35,567 [ERROR] LogOutputStream:75 - [STDERR_REDIRECT] 
2026-08-05 22:29:35,568 [ERROR] LogOutputStream:75 - [STDERR_REDIRECT] Aug 05, 2026 10:29:35 PM java.util.prefs.FileSystemPreferences syncWorld
2026-08-05 22:29:35,568 [ERROR] LogOutputStream:75 - [STDERR_REDIRECT] WARNING: Couldn't flush system prefs: java.util.prefs.BackingStoreException: Couldn't get file lock.
2026-08-05 22:29:35,568 [ERROR] LogOutputStream:75 - [STDERR_REDIRECT] 
2026-08-05 22:30:05,566 [ERROR] LogOutputStream:75 - [STDERR_REDIRECT] Aug 05, 2026 10:30:05 PM java.util.prefs.FileSystemPreferences checkLockFile0ErrorCode
2026-08-05 22:30:05,566 [ERROR] LogOutputStream:75 - [STDERR_REDIRECT] WARNING: Could not lock System prefs. Unix error code 2.
2026-08-05 22:30:05,567 [ERROR] LogOutputStream:75 - [STDERR_REDIRECT] 
2026-08-05 22:30:05,567 [ERROR] LogOutputStream:75 - [STDERR_REDIRECT] Aug 05, 2026 10:30:05 PM java.util.prefs.FileSystemPreferences syncWorld
2026-08-05 22:30:05,567 [ERROR] LogOutputStream:75 - [STDERR_REDIRECT] WARNING: Couldn't flush system prefs: java.util.prefs.BackingStoreException: Couldn't get file lock.
2026-08-05 22:30:05,567 [ERROR] LogOutputStream:75 - [STDERR_REDIRECT] 
2026-08-05 22:30:35,567 [ERROR] LogOutputStream:75 - [STDERR_REDIRECT] Aug 05, 2026 10:30:35 PM java.util.prefs.FileSystemPreferences checkLockFile0ErrorCode
2026-08-05 22:30:35,567 [ERROR] LogOutputStream:75 - [STDERR_REDIRECT] WARNING: Could not lock System prefs. Unix error code 2.
2026-08-05 22:30:35,567 [ERROR] LogOutputStream:75 - [STDERR_REDIRECT] 
2026-08-05 22:30:35,568 [ERROR] LogOutputStream:75 - [STDERR_REDIRECT] Aug 05, 2026 10:30:35 PM java.util.prefs.FileSystemPreferences syncWorld
2026-08-05 22:30:35,568 [ERROR] LogOutputStream:75 - [STDERR_REDIRECT] WARNING: Couldn't flush system prefs: java.util.prefs.BackingStoreException: Couldn't get file lock.
2026-08-05 22:30:35,568 [ERROR] LogOutputStream:75 - [STDERR_REDIRECT] 
2026-08-05 22:31:05,567 [ERROR] LogOutputStream:75 - [STDERR_REDIRECT] Aug 05, 2026 10:31:05 PM java.util.prefs.FileSystemPreferences checkLockFile0ErrorCode
2026-08-05 22:31:05,567 [ERROR] LogOutputStream:75 - [STDERR_REDIRECT] WARNING: Could not lock System prefs. Unix error code 2.
2026-08-05 22:31:05,568 [ERROR] LogOutputStream:75 - [STDERR_REDIRECT] 
2026-08-05 22:31:05,568 [ERROR] LogOutputStream:75 - [STDERR_REDIRECT] Aug 05, 2026 10:31:05 PM java.util.prefs.FileSystemPreferences syncWorld
2026-08-05 22:31:05,568 [ERROR] LogOutputStream:75 - [STDERR_REDIRECT] WARNING: Couldn't flush system prefs: java.util.prefs.BackingStoreException: Couldn't get file lock.
2026-08-05 22:31:05,568 [ERROR] LogOutputStream:75 - [STDERR_REDIRECT] 
2026-08-05 22:31:35,568 [ERROR] LogOutputStream:75 - [STDERR_REDIRECT] Aug 05, 2026 10:31:35 PM java.util.prefs.FileSystemPreferences checkLockFile0ErrorCode
2026-08-05 22:31:35,568 [ERROR] LogOutputStream:75 - [STDERR_REDIRECT] WARNING: Could not lock System prefs. Unix error code 2.
2026-08-05 22:31:35,568 [ERROR] LogOutputStream:75 - [STDERR_REDIRECT] 
2026-08-05 22:31:35,569 [ERROR] LogOutputStream:75 - [STDERR_REDIRECT] Aug 05, 2026 10:31:35 PM java.util.prefs.FileSystemPreferences syncWorld
2026-08-05 22:31:35,569 [ERROR] LogOutputStream:75 - [STDERR_REDIRECT] WARNING: Couldn't flush system prefs: java.util.prefs.BackingStoreException: Couldn't get file lock.
2026-08-05 22:31:35,569 [ERROR] LogOutputStream:75 - [STDERR_REDIRECT] 
2026-08-05 22:32:05,569 [ERROR] LogOutputStream:75 - [STDERR_REDIRECT] Aug 05, 2026 10:32:05 PM java.util.prefs.FileSystemPreferences checkLockFile0ErrorCode
2026-08-05 22:32:05,570 [ERROR] LogOutputStream:75 - [STDERR_REDIRECT] WARNING: Could not lock System prefs. Unix error code 2.
2026-08-05 22:32:05,570 [ERROR] LogOutputStream:75 - [STDERR_REDIRECT] 
2026-08-05 22:32:05,571 [ERROR] LogOutputStream:75 - [STDERR_REDIRECT] Aug 05, 2026 10:32:05 PM java.util.prefs.FileSystemPreferences syncWorld
2026-08-05 22:32:05,571 [ERROR] LogOutputStream:75 - [STDERR_REDIRECT] WARNING: Couldn't flush system prefs: java.util.prefs.BackingStoreException: Couldn't get file lock.
2026-08-05 22:32:05,571 [ERROR] LogOutputStream:75 - [STDERR_REDIRECT] 
2026-08-05 22:32:35,570 [ERROR] LogOutputStream:75 - [STDERR_REDIRECT] Aug 05, 2026 10:32:35 PM java.util.prefs.FileSystemPreferences checkLockFile0ErrorCode
2026-08-05 22:32:35,571 [ERROR] LogOutputStream:75 - [STDERR_REDIRECT] WARNING: Could not lock System prefs. Unix error code 2.
2026-08-05 22:32:35,571 [ERROR] LogOutputStream:75 - [STDERR_REDIRECT] 
2026-08-05 22:32:35,572 [ERROR] LogOutputStream:75 - [STDERR_REDIRECT] Aug 05, 2026 10:32:35 PM java.util.prefs.FileSystemPreferences syncWorld
2026-08-05 22:32:35,572 [ERROR] LogOutputStream:75 - [STDERR_REDIRECT] WARNING: Couldn't flush system prefs: java.util.prefs.BackingStoreException: Couldn't get file lock.
2026-08-05 22:32:35,572 [ERROR] LogOutputStream:75 - [STDERR_REDIRECT] 
2026-08-05 22:33:05,569 [ERROR] LogOutputStream:75 - [STDERR_REDIRECT] Aug 05, 2026 10:33:05 PM java.util.prefs.FileSystemPreferences checkLockFile0ErrorCode
2026-08-05 22:33:05,570 [ERROR] LogOutputStream:75 - [STDERR_REDIRECT] WARNING: Could not lock System prefs. Unix error code 2.
2026-08-05 22:33:05,570 [ERROR] LogOutputStream:75 - [STDERR_REDIRECT] 
2026-08-05 22:33:05,571 [ERROR] LogOutputStream:75 - [STDERR_REDIRECT] Aug 05, 2026 10:33:05 PM java.util.prefs.FileSystemPreferences syncWorld
2026-08-05 22:33:05,572 [ERROR] LogOutputStream:75 - [STDERR_REDIRECT] WARNING: Couldn't flush system prefs: java.util.prefs.BackingStoreException: Couldn't get file lock.
2026-08-05 22:33:05,572 [ERROR] LogOutputStream:75 - [STDERR_REDIRECT] 
2026-08-05 22:33:35,575 [ERROR] LogOutputStream:75 - [STDERR_REDIRECT] Aug 05, 2026 10:33:35 PM java.util.prefs.FileSystemPreferences checkLockFile0ErrorCode
2026-08-05 22:33:35,575 [ERROR] LogOutputStream:75 - [STDERR_REDIRECT] WARNING: Could not lock System prefs. Unix error code 2.
2026-08-05 22:33:35,575 [ERROR] LogOutputStream:75 - [STDERR_REDIRECT] 
2026-08-05 22:33:35,576 [ERROR] LogOutputStream:75 - [STDERR_REDIRECT] Aug 05, 2026 10:33:35 PM java.util.prefs.FileSystemPreferences syncWorld
2026-08-05 22:33:35,576 [ERROR] LogOutputStream:75 - [STDERR_REDIRECT] WARNING: Couldn't flush system prefs: java.util.prefs.BackingStoreException: Couldn't get file lock.
2026-08-05 22:33:35,576 [ERROR] LogOutputStream:75 - [STDERR_REDIRECT] 
2026-08-05 22:34:05,570 [ERROR] LogOutputStream:75 - [STDERR_REDIRECT] Aug 05, 2026 10:34:05 PM java.util.prefs.FileSystemPreferences checkLockFile0ErrorCode
2026-08-05 22:34:05,571 [ERROR] LogOutputStream:75 - [STDERR_REDIRECT] WARNING: Could not lock System prefs. Unix error code 2.
2026-08-05 22:34:05,571 [ERROR] LogOutputStream:75 - [STDERR_REDIRECT] 
2026-08-05 22:34:05,572 [ERROR] LogOutputStream:75 - [STDERR_REDIRECT] Aug 05, 2026 10:34:05 PM java.util.prefs.FileSystemPreferences syncWorld
2026-08-05 22:34:05,572 [ERROR] LogOutputStream:75 - [STDERR_REDIRECT] WARNING: Couldn't flush system prefs: java.util.prefs.BackingStoreException: Couldn't get file lock.
2026-08-05 22:34:05,572 [ERROR] LogOutputStream:75 - [STDERR_REDIRECT] 
2026-08-05 22:34:35,570 [ERROR] LogOutputStream:75 - [STDERR_REDIRECT] Aug 05, 2026 10:34:35 PM java.util.prefs.FileSystemPreferences checkLockFile0ErrorCode
2026-08-05 22:34:35,571 [ERROR] LogOutputStream:75 - [STDERR_REDIRECT] WARNING: Could not lock System prefs. Unix error code 2.
2026-08-05 22:34:35,571 [ERROR] LogOutputStream:75 - [STDERR_REDIRECT] 
2026-08-05 22:34:35,572 [ERROR] LogOutputStream:75 - [STDERR_REDIRECT] Aug 05, 2026 10:34:35 PM java.util.prefs.FileSystemPreferences syncWorld
2026-08-05 22:34:35,572 [ERROR] LogOutputStream:75 - [STDERR_REDIRECT] WARNING: Couldn't flush system prefs: java.util.prefs.BackingStoreException: Couldn't get file lock.
2026-08-05 22:34:35,573 [ERROR] LogOutputStream:75 - [STDERR_REDIRECT] 
2026-08-05 22:35:05,570 [ERROR] LogOutputStream:75 - [STDERR_REDIRECT] Aug 05, 2026 10:35:05 PM java.util.prefs.FileSystemPreferences checkLockFile0ErrorCode
2026-08-05 22:35:05,571 [ERROR] LogOutputStream:75 - [STDERR_REDIRECT] WARNING: Could not lock System prefs. Unix error code 2.
2026-08-05 22:35:05,571 [ERROR] LogOutputStream:75 - [STDERR_REDIRECT] 
2026-08-05 22:35:05,571 [ERROR] LogOutputStream:75 - [STDERR_REDIRECT] Aug 05, 2026 10:35:05 PM java.util.prefs.FileSystemPreferences syncWorld
2026-08-05 22:35:05,571 [ERROR] LogOutputStream:75 - [STDERR_REDIRECT] WARNING: Couldn't flush system prefs: java.util.prefs.BackingStoreException: Couldn't get file lock.
2026-08-05 22:35:05,571 [ERROR] LogOutputStream:75 - [STDERR_REDIRECT] 
2026-08-05 22:35:35,570 [ERROR] LogOutputStream:75 - [STDERR_REDIRECT] Aug 05, 2026 10:35:35 PM java.util.prefs.FileSystemPreferences checkLockFile0ErrorCode
2026-08-05 22:35:35,570 [ERROR] LogOutputStream:75 - [STDERR_REDIRECT] WARNING: Could not lock System prefs. Unix error code 2.
2026-08-05 22:35:35,570 [ERROR] LogOutputStream:75 - [STDERR_REDIRECT] 
2026-08-05 22:35:35,571 [ERROR] LogOutputStream:75 - [STDERR_REDIRECT] Aug 05, 2026 10:35:35 PM java.util.prefs.FileSystemPreferences syncWorld
2026-08-05 22:35:35,571 [ERROR] LogOutputStream:75 - [STDERR_REDIRECT] WARNING: Couldn't flush system prefs: java.util.prefs.BackingStoreException: Couldn't get file lock.
2026-08-05 22:35:35,571 [ERROR] LogOutputStream:75 - [STDERR_REDIRECT] 
2026-08-05 22:36:05,571 [ERROR] LogOutputStream:75 - [STDERR_REDIRECT] Aug 05, 2026 10:36:05 PM java.util.prefs.FileSystemPreferences checkLockFile0ErrorCode
2026-08-05 22:36:05,571 [ERROR] LogOutputStream:75 - [STDERR_REDIRECT] WARNING: Could not lock System prefs. Unix error code 2.
2026-08-05 22:36:05,571 [ERROR] LogOutputStream:75 - [STDERR_REDIRECT] 
2026-08-05 22:36:05,571 [ERROR] LogOutputStream:75 - [STDERR_REDIRECT] Aug 05, 2026 10:36:05 PM java.util.prefs.FileSystemPreferences syncWorld
2026-08-05 22:36:05,571 [ERROR] LogOutputStream:75 - [STDERR_REDIRECT] WARNING: Couldn't flush system prefs: java.util.prefs.BackingStoreException: Couldn't get file lock.
2026-08-05 22:36:05,571 [ERROR] LogOutputStream:75 - [STDERR_REDIRECT] 
2026-08-05 22:36:35,572 [ERROR] LogOutputStream:75 - [STDERR_REDIRECT] Aug 05, 2026 10:36:35 PM java.util.prefs.FileSystemPreferences checkLockFile0ErrorCode
2026-08-05 22:36:35,572 [ERROR] LogOutputStream:75 - [STDERR_REDIRECT] WARNING: Could not lock System prefs. Unix error code 2.
2026-08-05 22:36:35,573 [ERROR] LogOutputStream:75 - [STDERR_REDIRECT] 
2026-08-05 22:36:35,573 [ERROR] LogOutputStream:75 - [STDERR_REDIRECT] Aug 05, 2026 10:36:35 PM java.util.prefs.FileSystemPreferences syncWorld
2026-08-05 22:36:35,574 [ERROR] LogOutputStream:75 - [STDERR_REDIRECT] WARNING: Couldn't flush system prefs: java.util.prefs.BackingStoreException: Couldn't get file lock.
2026-08-05 22:36:35,574 [ERROR] LogOutputStream:75 - [STDERR_REDIRECT] 
2026-08-05 22:37:05,572 [ERROR] LogOutputStream:75 - [STDERR_REDIRECT] Aug 05, 2026 10:37:05 PM java.util.prefs.FileSystemPreferences checkLockFile0ErrorCode
2026-08-05 22:37:05,573 [ERROR] LogOutputStream:75 - [STDERR_REDIRECT] WARNING: Could not lock System prefs. Unix error code 2.
2026-08-05 22:37:05,573 [ERROR] LogOutputStream:75 - [STDERR_REDIRECT] 
2026-08-05 22:37:05,573 [ERROR] LogOutputStream:75 - [STDERR_REDIRECT] Aug 05, 2026 10:37:05 PM java.util.prefs.FileSystemPreferences syncWorld
2026-08-05 22:37:05,573 [ERROR] LogOutputStream:75 - [STDERR_REDIRECT] WARNING: Couldn't flush system prefs: java.util.prefs.BackingStoreException: Couldn't get file lock.
2026-08-05 22:37:05,574 [ERROR] LogOutputStream:75 - [STDERR_REDIRECT] 
2026-08-05 22:37:35,572 [ERROR] LogOutputStream:75 - [STDERR_REDIRECT] Aug 05, 2026 10:37:35 PM java.util.prefs.FileSystemPreferences checkLockFile0ErrorCode
2026-08-05 22:37:35,572 [ERROR] LogOutputStream:75 - [STDERR_REDIRECT] WARNING: Could not lock System prefs. Unix error code 2.
2026-08-05 22:37:35,572 [ERROR] LogOutputStream:75 - [STDERR_REDIRECT] 
2026-08-05 22:37:35,572 [ERROR] LogOutputStream:75 - [STDERR_REDIRECT] Aug 05, 2026 10:37:35 PM java.util.prefs.FileSystemPreferences syncWorld
2026-08-05 22:37:35,573 [ERROR] LogOutputStream:75 - [STDERR_REDIRECT] WARNING: Couldn't flush system prefs: java.util.prefs.BackingStoreException: Couldn't get file lock.
2026-08-05 22:37:35,573 [ERROR] LogOutputStream:75 - [STDERR_REDIRECT] 
2026-08-05 22:38:05,572 [ERROR] LogOutputStream:75 - [STDERR_REDIRECT] Aug 05, 2026 10:38:05 PM java.util.prefs.FileSystemPreferences checkLockFile0ErrorCode
2026-08-05 22:38:05,572 [ERROR] LogOutputStream:75 - [STDERR_REDIRECT] WARNING: Could not lock System prefs. Unix error code 2.
2026-08-05 22:38:05,572 [ERROR] LogOutputStream:75 - [STDERR_REDIRECT] 
2026-08-05 22:38:05,573 [ERROR] LogOutputStream:75 - [STDERR_REDIRECT] Aug 05, 2026 10:38:05 PM java.util.prefs.FileSystemPreferences syncWorld
2026-08-05 22:38:05,573 [ERROR] LogOutputStream:75 - [STDERR_REDIRECT] WARNING: Couldn't flush system prefs: java.util.prefs.BackingStoreException: Couldn't get file lock.
2026-08-05 22:38:05,573 [ERROR] LogOutputStream:75 - [STDERR_REDIRECT] 
2026-08-05 22:38:35,572 [ERROR] LogOutputStream:75 - [STDERR_REDIRECT] Aug 05, 2026 10:38:35 PM java.util.prefs.FileSystemPreferences checkLockFile0ErrorCode
2026-08-05 22:38:35,572 [ERROR] LogOutputStream:75 - [STDERR_REDIRECT] WARNING: Could not lock System prefs. Unix error code 2.
2026-08-05 22:38:35,572 [ERROR] LogOutputStream:75 - [STDERR_REDIRECT] 
2026-08-05 22:38:35,573 [ERROR] LogOutputStream:75 - [STDERR_REDIRECT] Aug 05, 2026 10:38:35 PM java.util.prefs.FileSystemPreferences syncWorld
2026-08-05 22:38:35,573 [ERROR] LogOutputStream:75 - [STDERR_REDIRECT] WARNING: Couldn't flush system prefs: java.util.prefs.BackingStoreException: Couldn't get file lock.
2026-08-05 22:38:35,573 [ERROR] LogOutputStream:75 - [STDERR_REDIRECT] 
2026-08-05 22:39:05,572 [ERROR] LogOutputStream:75 - [STDERR_REDIRECT] Aug 05, 2026 10:39:05 PM java.util.prefs.FileSystemPreferences checkLockFile0ErrorCode
2026-08-05 22:39:05,573 [ERROR] LogOutputStream:75 - [STDERR_REDIRECT] WARNING: Could not lock System prefs. Unix error code 2.
2026-08-05 22:39:05,573 [ERROR] LogOutputStream:75 - [STDERR_REDIRECT] 
2026-08-05 22:39:05,574 [ERROR] LogOutputStream:75 - [STDERR_REDIRECT] Aug 05, 2026 10:39:05 PM java.util.prefs.FileSystemPreferences syncWorld
2026-08-05 22:39:05,574 [ERROR] LogOutputStream:75 - [STDERR_REDIRECT] WARNING: Couldn't flush system prefs: java.util.prefs.BackingStoreException: Couldn't get file lock.
2026-08-05 22:39:05,574 [ERROR] LogOutputStream:75 - [STDERR_REDIRECT] 
2026-08-05 22:39:35,573 [ERROR] LogOutputStream:75 - [STDERR_REDIRECT] Aug 05, 2026 10:39:35 PM java.util.prefs.FileSystemPreferences checkLockFile0ErrorCode
2026-08-05 22:39:35,574 [ERROR] LogOutputStream:75 - [STDERR_REDIRECT] WARNING: Could not lock System prefs. Unix error code 2.
2026-08-05 22:39:35,574 [ERROR] LogOutputStream:75 - [STDERR_REDIRECT] 
2026-08-05 22:39:35,575 [ERROR] LogOutputStream:75 - [STDERR_REDIRECT] Aug 05, 2026 10:39:35 PM java.util.prefs.FileSystemPreferences syncWorld
2026-08-05 22:39:35,575 [ERROR] LogOutputStream:75 - [STDERR_REDIRECT] WARNING: Couldn't flush system prefs: java.util.prefs.BackingStoreException: Couldn't get file lock.
2026-08-05 22:39:35,576 [ERROR] LogOutputStream:75 - [STDERR_REDIRECT] 
2026-08-05 22:40:05,573 [ERROR] LogOutputStream:75 - [STDERR_REDIRECT] Aug 05, 2026 10:40:05 PM java.util.prefs.FileSystemPreferences checkLockFile0ErrorCode
2026-08-05 22:40:05,573 [ERROR] LogOutputStream:75 - [STDERR_REDIRECT] WARNING: Could not lock System prefs. Unix error code 2.
2026-08-05 22:40:05,573 [ERROR] LogOutputStream:75 - [STDERR_REDIRECT] 
2026-08-05 22:40:05,574 [ERROR] LogOutputStream:75 - [STDERR_REDIRECT] Aug 05, 2026 10:40:05 PM java.util.prefs.FileSystemPreferences syncWorld
2026-08-05 22:40:05,574 [ERROR] LogOutputStream:75 - [STDERR_REDIRECT] WARNING: Couldn't flush system prefs: java.util.prefs.BackingStoreException: Couldn't get file lock.
2026-08-05 22:40:05,574 [ERROR] LogOutputStream:75 - [STDERR_REDIRECT] 
2026-08-05 22:40:35,573 [ERROR] LogOutputStream:75 - [STDERR_REDIRECT] Aug 05, 2026 10:40:35 PM java.util.prefs.FileSystemPreferences checkLockFile0ErrorCode
2026-08-05 22:40:35,573 [ERROR] LogOutputStream:75 - [STDERR_REDIRECT] WARNING: Could not lock System prefs. Unix error code 2.
2026-08-05 22:40:35,573 [ERROR] LogOutputStream:75 - [STDERR_REDIRECT] 
2026-08-05 22:40:35,574 [ERROR] LogOutputStream:75 - [STDERR_REDIRECT] Aug 05, 2026 10:40:35 PM java.util.prefs.FileSystemPreferences syncWorld
2026-08-05 22:40:35,574 [ERROR] LogOutputStream:75 - [STDERR_REDIRECT] WARNING: Couldn't flush system prefs: java.util.prefs.BackingStoreException: Couldn't get file lock.
2026-08-05 22:40:35,574 [ERROR] LogOutputStream:75 - [STDERR_REDIRECT] 
2026-08-05 22:41:05,574 [ERROR] LogOutputStream:75 - [STDERR_REDIRECT] Aug 05, 2026 10:41:05 PM java.util.prefs.FileSystemPreferences checkLockFile0ErrorCode
2026-08-05 22:41:05,574 [ERROR] LogOutputStream:75 - [STDERR_REDIRECT] WARNING: Could not lock System prefs. Unix error code 2.
2026-08-05 22:41:05,574 [ERROR] LogOutputStream:75 - [STDERR_REDIRECT] 
2026-08-05 22:41:05,575 [ERROR] LogOutputStream:75 - [STDERR_REDIRECT] Aug 05, 2026 10:41:05 PM java.util.prefs.FileSystemPreferences syncWorld
2026-08-05 22:41:05,575 [ERROR] LogOutputStream:75 - [STDERR_REDIRECT] WARNING: Couldn't flush system prefs: java.util.prefs.BackingStoreException: Couldn't get file lock.
2026-08-05 22:41:05,575 [ERROR] LogOutputStream:75 - [STDERR_REDIRECT] 
2026-08-05 22:41:35,573 [ERROR] LogOutputStream:75 - [STDERR_REDIRECT] Aug 05, 2026 10:41:35 PM java.util.prefs.FileSystemPreferences checkLockFile0ErrorCode
2026-08-05 22:41:35,573 [ERROR] LogOutputStream:75 - [STDERR_REDIRECT] WARNING: Could not lock System prefs. Unix error code 2.
2026-08-05 22:41:35,573 [ERROR] LogOutputStream:75 - [STDERR_REDIRECT] 
2026-08-05 22:41:35,574 [ERROR] LogOutputStream:75 - [STDERR_REDIRECT] Aug 05, 2026 10:41:35 PM java.util.prefs.FileSystemPreferences syncWorld
2026-08-05 22:41:35,574 [ERROR] LogOutputStream:75 - [STDERR_REDIRECT] WARNING: Couldn't flush system prefs: java.util.prefs.BackingStoreException: Couldn't get file lock.
2026-08-05 22:41:35,574 [ERROR] LogOutputStream:75 - [STDERR_REDIRECT] 
2026-08-05 22:42:05,573 [ERROR] LogOutputStream:75 - [STDERR_REDIRECT] Aug 05, 2026 10:42:05 PM java.util.prefs.FileSystemPreferences checkLockFile0ErrorCode
2026-08-05 22:42:05,573 [ERROR] LogOutputStream:75 - [STDERR_REDIRECT] WARNING: Could not lock System prefs. Unix error code 2.
2026-08-05 22:42:05,573 [ERROR] LogOutputStream:75 - [STDERR_REDIRECT] 
2026-08-05 22:42:05,574 [ERROR] LogOutputStream:75 - [STDERR_REDIRECT] Aug 05, 2026 10:42:05 PM java.util.prefs.FileSystemPreferences syncWorld
2026-08-05 22:42:05,574 [ERROR] LogOutputStream:75 - [STDERR_REDIRECT] WARNING: Couldn't flush system prefs: java.util.prefs.BackingStoreException: Couldn't get file lock.
2026-08-05 22:42:05,574 [ERROR] LogOutputStream:75 - [STDERR_REDIRECT] 
2026-08-05 22:42:35,573 [ERROR] LogOutputStream:75 - [STDERR_REDIRECT] Aug 05, 2026 10:42:35 PM java.util.prefs.FileSystemPreferences checkLockFile0ErrorCode
2026-08-05 22:42:35,573 [ERROR] LogOutputStream:75 - [STDERR_REDIRECT] WARNING: Could not lock System prefs. Unix error code 2.
2026-08-05 22:42:35,573 [ERROR] LogOutputStream:75 - [STDERR_REDIRECT] 
2026-08-05 22:42:35,573 [ERROR] LogOutputStream:75 - [STDERR_REDIRECT] Aug 05, 2026 10:42:35 PM java.util.prefs.FileSystemPreferences syncWorld
2026-08-05 22:42:35,573 [ERROR] LogOutputStream:75 - [STDERR_REDIRECT] WARNING: Couldn't flush system prefs: java.util.prefs.BackingStoreException: Couldn't get file lock.
2026-08-05 22:42:35,573 [ERROR] LogOutputStream:75 - [STDERR_REDIRECT] 
2026-08-05 22:43:05,572 [ERROR] LogOutputStream:75 - [STDERR_REDIRECT] Aug 05, 2026 10:43:05 PM java.util.prefs.FileSystemPreferences checkLockFile0ErrorCode
2026-08-05 22:43:05,573 [ERROR] LogOutputStream:75 - [STDERR_REDIRECT] WARNING: Could not lock System prefs. Unix error code 2.
2026-08-05 22:43:05,573 [ERROR] LogOutputStream:75 - [STDERR_REDIRECT] 
2026-08-05 22:43:05,573 [ERROR] LogOutputStream:75 - [STDERR_REDIRECT] Aug 05, 2026 10:43:05 PM java.util.prefs.FileSystemPreferences syncWorld
2026-08-05 22:43:05,574 [ERROR] LogOutputStream:75 - [STDERR_REDIRECT] WARNING: Couldn't flush system prefs: java.util.prefs.BackingStoreException: Couldn't get file lock.
2026-08-05 22:43:05,574 [ERROR] LogOutputStream:75 - [STDERR_REDIRECT] 
2026-08-05 22:43:35,573 [ERROR] LogOutputStream:75 - [STDERR_REDIRECT] Aug 05, 2026 10:43:35 PM java.util.prefs.FileSystemPreferences checkLockFile0ErrorCode
2026-08-05 22:43:35,573 [ERROR] LogOutputStream:75 - [STDERR_REDIRECT] WARNING: Could not lock System prefs. Unix error code 2.
2026-08-05 22:43:35,573 [ERROR] LogOutputStream:75 - [STDERR_REDIRECT] 
2026-08-05 22:43:35,573 [ERROR] LogOutputStream:75 - [STDERR_REDIRECT] Aug 05, 2026 10:43:35 PM java.util.prefs.FileSystemPreferences syncWorld
2026-08-05 22:43:35,573 [ERROR] LogOutputStream:75 - [STDERR_REDIRECT] WARNING: Couldn't flush system prefs: java.util.prefs.BackingStoreException: Couldn't get file lock.
2026-08-05 22:43:35,573 [ERROR] LogOutputStream:75 - [STDERR_REDIRECT] 
2026-08-05 22:44:05,573 [ERROR] LogOutputStream:75 - [STDERR_REDIRECT] Aug 05, 2026 10:44:05 PM java.util.prefs.FileSystemPreferences checkLockFile0ErrorCode
2026-08-05 22:44:05,573 [ERROR] LogOutputStream:75 - [STDERR_REDIRECT] WARNING: Could not lock System prefs. Unix error code 2.
2026-08-05 22:44:05,573 [ERROR] LogOutputStream:75 - [STDERR_REDIRECT] 
2026-08-05 22:44:05,573 [ERROR] LogOutputStream:75 - [STDERR_REDIRECT] Aug 05, 2026 10:44:05 PM java.util.prefs.FileSystemPreferences syncWorld
2026-08-05 22:44:05,574 [ERROR] LogOutputStream:75 - [STDERR_REDIRECT] WARNING: Couldn't flush system prefs: java.util.prefs.BackingStoreException: Couldn't get file lock.
2026-08-05 22:44:05,574 [ERROR] LogOutputStream:75 - [STDERR_REDIRECT] 
2026-08-05 22:44:35,573 [ERROR] LogOutputStream:75 - [STDERR_REDIRECT] Aug 05, 2026 10:44:35 PM java.util.prefs.FileSystemPreferences checkLockFile0ErrorCode
2026-08-05 22:44:35,573 [ERROR] LogOutputStream:75 - [STDERR_REDIRECT] WARNING: Could not lock System prefs. Unix error code 2.
2026-08-05 22:44:35,573 [ERROR] LogOutputStream:75 - [STDERR_REDIRECT] 
2026-08-05 22:44:35,574 [ERROR] LogOutputStream:75 - [STDERR_REDIRECT] Aug 05, 2026 10:44:35 PM java.util.prefs.FileSystemPreferences syncWorld
2026-08-05 22:44:35,574 [ERROR] LogOutputStream:75 - [STDERR_REDIRECT] WARNING: Couldn't flush system prefs: java.util.prefs.BackingStoreException: Couldn't get file lock.
2026-08-05 22:44:35,574 [ERROR] LogOutputStream:75 - [STDERR_REDIRECT] 
2026-08-05 22:45:05,576 [ERROR] LogOutputStream:75 - [STDERR_REDIRECT] Aug 05, 2026 10:45:05 PM java.util.prefs.FileSystemPreferences checkLockFile0ErrorCode
2026-08-05 22:45:05,576 [ERROR] LogOutputStream:75 - [STDERR_REDIRECT] WARNING: Could not lock System prefs. Unix error code 2.
2026-08-05 22:45:05,576 [ERROR] LogOutputStream:75 - [STDERR_REDIRECT] 
2026-08-05 22:45:05,576 [ERROR] LogOutputStream:75 - [STDERR_REDIRECT] Aug 05, 2026 10:45:05 PM java.util.prefs.FileSystemPreferences syncWorld
2026-08-05 22:45:05,576 [ERROR] LogOutputStream:75 - [STDERR_REDIRECT] WARNING: Couldn't flush system prefs: java.util.prefs.BackingStoreException: Couldn't get file lock.
2026-08-05 22:45:05,577 [ERROR] LogOutputStream:75 - [STDERR_REDIRECT] 
2026-08-05 22:45:35,573 [ERROR] LogOutputStream:75 - [STDERR_REDIRECT] Aug 05, 2026 10:45:35 PM java.util.prefs.FileSystemPreferences checkLockFile0ErrorCode
2026-08-05 22:45:35,573 [ERROR] LogOutputStream:75 - [STDERR_REDIRECT] WARNING: Could not lock System prefs. Unix error code 2.
2026-08-05 22:45:35,573 [ERROR] LogOutputStream:75 - [STDERR_REDIRECT] 
2026-08-05 22:45:35,573 [ERROR] LogOutputStream:75 - [STDERR_REDIRECT] Aug 05, 2026 10:45:35 PM java.util.prefs.FileSystemPreferences syncWorld
2026-08-05 22:45:35,574 [ERROR] LogOutputStream:75 - [STDERR_REDIRECT] WARNING: Couldn't flush system prefs: java.util.prefs.BackingStoreException: Couldn't get file lock.
2026-08-05 22:45:35,574 [ERROR] LogOutputStream:75 - [STDERR_REDIRECT] 
2026-08-05 22:46:05,573 [ERROR] LogOutputStream:75 - [STDERR_REDIRECT] Aug 05, 2026 10:46:05 PM java.util.prefs.FileSystemPreferences checkLockFile0ErrorCode
2026-08-05 22:46:05,573 [ERROR] LogOutputStream:75 - [STDERR_REDIRECT] WARNING: Could not lock System prefs. Unix error code 2.
2026-08-05 22:46:05,573 [ERROR] LogOutputStream:75 - [STDERR_REDIRECT] 
2026-08-05 22:46:05,573 [ERROR] LogOutputStream:75 - [STDERR_REDIRECT] Aug 05, 2026 10:46:05 PM java.util.prefs.FileSystemPreferences syncWorld
2026-08-05 22:46:05,574 [ERROR] LogOutputStream:75 - [STDERR_REDIRECT] WARNING: Couldn't flush system prefs: java.util.prefs.BackingStoreException: Couldn't get file lock.
2026-08-05 22:46:05,574 [ERROR] LogOutputStream:75 - [STDERR_REDIRECT] 
2026-08-05 22:46:35,573 [ERROR] LogOutputStream:75 - [STDERR_REDIRECT] Aug 05, 2026 10:46:35 PM java.util.prefs.FileSystemPreferences checkLockFile0ErrorCode
2026-08-05 22:46:35,573 [ERROR] LogOutputStream:75 - [STDERR_REDIRECT] WARNING: Could not lock System prefs. Unix error code 2.
2026-08-05 22:46:35,573 [ERROR] LogOutputStream:75 - [STDERR_REDIRECT] 
2026-08-05 22:46:35,573 [ERROR] LogOutputStream:75 - [STDERR_REDIRECT] Aug 05, 2026 10:46:35 PM java.util.prefs.FileSystemPreferences syncWorld
2026-08-05 22:46:35,574 [ERROR] LogOutputStream:75 - [STDERR_REDIRECT] WARNING: Couldn't flush system prefs: java.util.prefs.BackingStoreException: Couldn't get file lock.
2026-08-05 22:46:35,574 [ERROR] LogOutputStream:75 - [STDERR_REDIRECT] 
2026-08-05 22:47:05,573 [ERROR] LogOutputStream:75 - [STDERR_REDIRECT] Aug 05, 2026 10:47:05 PM java.util.prefs.FileSystemPreferences checkLockFile0ErrorCode
2026-08-05 22:47:05,573 [ERROR] LogOutputStream:75 - [STDERR_REDIRECT] WARNING: Could not lock System prefs. Unix error code 2.
2026-08-05 22:47:05,573 [ERROR] LogOutputStream:75 - [STDERR_REDIRECT] 
2026-08-05 22:47:05,574 [ERROR] LogOutputStream:75 - [STDERR_REDIRECT] Aug 05, 2026 10:47:05 PM java.util.prefs.FileSystemPreferences syncWorld
2026-08-05 22:47:05,574 [ERROR] LogOutputStream:75 - [STDERR_REDIRECT] WARNING: Couldn't flush system prefs: java.util.prefs.BackingStoreException: Couldn't get file lock.
2026-08-05 22:47:05,574 [ERROR] LogOutputStream:75 - [STDERR_REDIRECT] 
2026-08-05 22:47:35,573 [ERROR] LogOutputStream:75 - [STDERR_REDIRECT] Aug 05, 2026 10:47:35 PM java.util.prefs.FileSystemPreferences checkLockFile0ErrorCode
2026-08-05 22:47:35,573 [ERROR] LogOutputStream:75 - [STDERR_REDIRECT] WARNING: Could not lock System prefs. Unix error code 2.
2026-08-05 22:47:35,573 [ERROR] LogOutputStream:75 - [STDERR_REDIRECT] 
2026-08-05 22:47:35,573 [ERROR] LogOutputStream:75 - [STDERR_REDIRECT] Aug 05, 2026 10:47:35 PM java.util.prefs.FileSystemPreferences syncWorld
2026-08-05 22:47:35,573 [ERROR] LogOutputStream:75 - [STDERR_REDIRECT] WARNING: Couldn't flush system prefs: java.util.prefs.BackingStoreException: Couldn't get file lock.
2026-08-05 22:47:35,573 [ERROR] LogOutputStream:75 - [STDERR_REDIRECT] 
2026-08-05 22:48:05,573 [ERROR] LogOutputStream:75 - [STDERR_REDIRECT] Aug 05, 2026 10:48:05 PM java.util.prefs.FileSystemPreferences checkLockFile0ErrorCode
2026-08-05 22:48:05,573 [ERROR] LogOutputStream:75 - [STDERR_REDIRECT] WARNING: Could not lock System prefs. Unix error code 2.
2026-08-05 22:48:05,573 [ERROR] LogOutputStream:75 - [STDERR_REDIRECT] 
2026-08-05 22:48:05,574 [ERROR] LogOutputStream:75 - [STDERR_REDIRECT] Aug 05, 2026 10:48:05 PM java.util.prefs.FileSystemPreferences syncWorld
2026-08-05 22:48:05,574 [ERROR] LogOutputStream:75 - [STDERR_REDIRECT] WARNING: Couldn't flush system prefs: java.util.prefs.BackingStoreException: Couldn't get file lock.
2026-08-05 22:48:05,574 [ERROR] LogOutputStream:75 - [STDERR_REDIRECT] 
2026-08-05 22:48:35,574 [ERROR] LogOutputStream:75 - [STDERR_REDIRECT] Aug 05, 2026 10:48:35 PM java.util.prefs.FileSystemPreferences checkLockFile0ErrorCode
2026-08-05 22:48:35,574 [ERROR] LogOutputStream:75 - [STDERR_REDIRECT] WARNING: Could not lock System prefs. Unix error code 2.
2026-08-05 22:48:35,575 [ERROR] LogOutputStream:75 - [STDERR_REDIRECT] 
2026-08-05 22:48:35,575 [ERROR] LogOutputStream:75 - [STDERR_REDIRECT] Aug 05, 2026 10:48:35 PM java.util.prefs.FileSystemPreferences syncWorld
2026-08-05 22:48:35,576 [ERROR] LogOutputStream:75 - [STDERR_REDIRECT] WARNING: Couldn't flush system prefs: java.util.prefs.BackingStoreException: Couldn't get file lock.
2026-08-05 22:48:35,576 [ERROR] LogOutputStream:75 - [STDERR_REDIRECT] 
2026-08-05 22:49:05,574 [ERROR] LogOutputStream:75 - [STDERR_REDIRECT] Aug 05, 2026 10:49:05 PM java.util.prefs.FileSystemPreferences checkLockFile0ErrorCode
2026-08-05 22:49:05,574 [ERROR] LogOutputStream:75 - [STDERR_REDIRECT] WARNING: Could not lock System prefs. Unix error code 2.
2026-08-05 22:49:05,574 [ERROR] LogOutputStream:75 - [STDERR_REDIRECT] 
2026-08-05 22:49:05,575 [ERROR] LogOutputStream:75 - [STDERR_REDIRECT] Aug 05, 2026 10:49:05 PM java.util.prefs.FileSystemPreferences syncWorld
2026-08-05 22:49:05,575 [ERROR] LogOutputStream:75 - [STDERR_REDIRECT] WARNING: Couldn't flush system prefs: java.util.prefs.BackingStoreException: Couldn't get file lock.
2026-08-05 22:49:05,575 [ERROR] LogOutputStream:75 - [STDERR_REDIRECT] 
2026-08-05 22:49:18,207 [INFO] UtilMem:75 - End SaveConfig() Used Memory: 604841624 Bytes (1033895936)
2026-08-05 22:49:18,507 [INFO] UtilMem:75 - End SaveConfig() Used Memory: 622366824 Bytes (1033895936)
2026-08-05 22:49:19,832 [INFO] UtilMem:75 - End SaveConfig() Used Memory: 705950376 Bytes (1033895936)
2026-08-05 22:49:21,070 [INFO] BlockDiagram:2775 - set Specific Code input for plugin: NVIC
2026-08-05 22:49:21,070 [INFO] BlockDiagram:2775 - set Specific Code input for plugin: USART
2026-08-05 22:49:21,071 [INFO] BlockDiagram:2775 - set Specific Code input for plugin: SYS
2026-08-05 22:49:21,072 [INFO] BlockDiagram:2775 - set Specific Code input for plugin: GPIO
2026-08-05 22:49:21,073 [INFO] BlockDiagram:2775 - set Specific Code input for plugin: RCC
2026-08-05 22:49:21,075 [INFO] CodeGenerator:892 - code generatio: config db path: /opt/st/stm32cubeide_1.19.0/plugins/com.st.stm32cube.common.mx_6.15.0.202507011659//db/
2026-08-05 22:49:21,266 [INFO] CodeEngine:265 - oldGeneratedFile, /home/kkattmos/Documents/embedded_sys_lab_workspace/Lab1/MXTmpFiles/license.tmp_save
2026-08-05 22:49:21,914 [INFO] CodeEngine:289 - Generated code: /home/kkattmos/Documents/embedded_sys_lab_workspace/Lab1/MXTmpFiles/license.tmp
2026-08-05 22:49:21,995 [INFO] CodeEngine:265 - oldGeneratedFile, /home/kkattmos/Documents/embedded_sys_lab_workspace/Lab1/MXTmpFiles/gpio.tmp_save
2026-08-05 22:49:22,431 [INFO] CodeEngine:289 - Generated code: /home/kkattmos/Documents/embedded_sys_lab_workspace/Lab1/MXTmpFiles/gpio.tmp
2026-08-05 22:49:22,650 [INFO] CodeEngine:265 - oldGeneratedFile, /home/kkattmos/Documents/embedded_sys_lab_workspace/Lab1/Core/Src/stm32f4xx_it.c_save
2026-08-05 22:49:23,314 [INFO] CodeEngine:289 - Generated code: /home/kkattmos/Documents/embedded_sys_lab_workspace/Lab1/Core/Src/stm32f4xx_it.c
2026-08-05 22:49:23,317 [INFO] CodeEngine:265 - oldGeneratedFile, /home/kkattmos/Documents/embedded_sys_lab_workspace/Lab1/Core/Inc/stm32f4xx_it.h_save
2026-08-05 22:49:23,457 [INFO] CodeEngine:289 - Generated code: /home/kkattmos/Documents/embedded_sys_lab_workspace/Lab1/Core/Inc/stm32f4xx_it.h
2026-08-05 22:49:23,471 [INFO] CodeEngine:265 - oldGeneratedFile, /home/kkattmos/Documents/embedded_sys_lab_workspace/Lab1/Core/Src/stm32f4xx_hal_msp.c_save
2026-08-05 22:49:23,751 [INFO] CodeEngine:289 - Generated code: /home/kkattmos/Documents/embedded_sys_lab_workspace/Lab1/Core/Src/stm32f4xx_hal_msp.c
2026-08-05 22:49:23,754 [INFO] CodeEngine:265 - oldGeneratedFile, /home/kkattmos/Documents/embedded_sys_lab_workspace/Lab1/MXTmpFiles/system.tmp_save
2026-08-05 22:49:23,897 [INFO] CodeEngine:289 - Generated code: /home/kkattmos/Documents/embedded_sys_lab_workspace/Lab1/MXTmpFiles/system.tmp
2026-08-05 22:49:23,907 [INFO] CodeEngine:321 - oldGeneratedFile, /home/kkattmos/Documents/embedded_sys_lab_workspace/Lab1/Core/Inc/stm32f4xx_hal_conf.h_save
2026-08-05 22:49:24,135 [INFO] CodeEngine:345 - Generated code: /home/kkattmos/Documents/embedded_sys_lab_workspace/Lab1/Core/Inc/stm32f4xx_hal_conf.h
2026-08-05 22:49:24,204 [INFO] CodeEngine:265 - oldGeneratedFile, /home/kkattmos/Documents/embedded_sys_lab_workspace/Lab1/Core/Inc/main.h_save
2026-08-05 22:49:24,486 [INFO] CodeEngine:289 - Generated code: /home/kkattmos/Documents/embedded_sys_lab_workspace/Lab1/Core/Inc/main.h
2026-08-05 22:49:24,490 [INFO] CodeEngine:265 - oldGeneratedFile, /home/kkattmos/Documents/embedded_sys_lab_workspace/Lab1/Core/Src/main.c_save
2026-08-05 22:49:24,725 [INFO] CodeEngine:289 - Generated code: /home/kkattmos/Documents/embedded_sys_lab_workspace/Lab1/Core/Src/main.c
2026-08-05 22:49:25,403 [INFO] ProjectBuilder:3606 - Time for Copy HAL[1] : 58mS.
2026-08-05 22:49:25,409 [INFO] ProjectBuilder:5216 - Project Generator version: 4.7.0-B52
2026-08-05 22:49:25,653 [INFO] ConfigFileManager:1595 - The Die is : DIE431
2026-08-05 22:49:27,288 [INFO] ProjectBuilder:5496 - Time for Generating toolchain IDE Files: 1879mS.
2026-08-05 22:49:27,289 [INFO] ProjectBuilder:3463 - Time for Copy CMSIS : 0mS.
2026-08-05 22:49:27,290 [INFO] ProjectBuilder:3463 - Time for Copy CMSIS : 0mS.
2026-08-05 22:49:35,576 [ERROR] LogOutputStream:75 - [STDERR_REDIRECT] Aug 05, 2026 10:49:35 PM java.util.prefs.FileSystemPreferences checkLockFile0ErrorCode
2026-08-05 22:49:35,577 [ERROR] LogOutputStream:75 - [STDERR_REDIRECT] WARNING: Could not lock System prefs. Unix error code 2.
2026-08-05 22:49:35,577 [ERROR] LogOutputStream:75 - [STDERR_REDIRECT] 
2026-08-05 22:49:35,577 [ERROR] LogOutputStream:75 - [STDERR_REDIRECT] Aug 05, 2026 10:49:35 PM java.util.prefs.FileSystemPreferences syncWorld
2026-08-05 22:49:35,578 [ERROR] LogOutputStream:75 - [STDERR_REDIRECT] WARNING: Couldn't flush system prefs: java.util.prefs.BackingStoreException: Couldn't get file lock.
2026-08-05 22:49:35,578 [ERROR] LogOutputStream:75 - [STDERR_REDIRECT] 
2026-08-05 22:50:05,573 [ERROR] LogOutputStream:75 - [STDERR_REDIRECT] Aug 05, 2026 10:50:05 PM java.util.prefs.FileSystemPreferences checkLockFile0ErrorCode
2026-08-05 22:50:05,574 [ERROR] LogOutputStream:75 - [STDERR_REDIRECT] WARNING: Could not lock System prefs. Unix error code 2.
2026-08-05 22:50:05,574 [ERROR] LogOutputStream:75 - [STDERR_REDIRECT] 
2026-08-05 22:50:05,574 [ERROR] LogOutputStream:75 - [STDERR_REDIRECT] Aug 05, 2026 10:50:05 PM java.util.prefs.FileSystemPreferences syncWorld
2026-08-05 22:50:05,574 [ERROR] LogOutputStream:75 - [STDERR_REDIRECT] WARNING: Couldn't flush system prefs: java.util.prefs.BackingStoreException: Couldn't get file lock.
2026-08-05 22:50:05,574 [ERROR] LogOutputStream:75 - [STDERR_REDIRECT] 
2026-08-05 22:50:35,574 [ERROR] LogOutputStream:75 - [STDERR_REDIRECT] Aug 05, 2026 10:50:35 PM java.util.prefs.FileSystemPreferences checkLockFile0ErrorCode
2026-08-05 22:50:35,574 [ERROR] LogOutputStream:75 - [STDERR_REDIRECT] WARNING: Could not lock System prefs. Unix error code 2.
2026-08-05 22:50:35,574 [ERROR] LogOutputStream:75 - [STDERR_REDIRECT] 
2026-08-05 22:50:35,574 [ERROR] LogOutputStream:75 - [STDERR_REDIRECT] Aug 05, 2026 10:50:35 PM java.util.prefs.FileSystemPreferences syncWorld
2026-08-05 22:50:35,575 [ERROR] LogOutputStream:75 - [STDERR_REDIRECT] WARNING: Couldn't flush system prefs: java.util.prefs.BackingStoreException: Couldn't get file lock.
2026-08-05 22:50:35,575 [ERROR] LogOutputStream:75 - [STDERR_REDIRECT] 
2026-08-05 22:51:05,573 [ERROR] LogOutputStream:75 - [STDERR_REDIRECT] Aug 05, 2026 10:51:05 PM java.util.prefs.FileSystemPreferences checkLockFile0ErrorCode
2026-08-05 22:51:05,574 [ERROR] LogOutputStream:75 - [STDERR_REDIRECT] WARNING: Could not lock System prefs. Unix error code 2.
2026-08-05 22:51:05,574 [ERROR] LogOutputStream:75 - [STDERR_REDIRECT] 
2026-08-05 22:51:05,574 [ERROR] LogOutputStream:75 - [STDERR_REDIRECT] Aug 05, 2026 10:51:05 PM java.util.prefs.FileSystemPreferences syncWorld
2026-08-05 22:51:05,574 [ERROR] LogOutputStream:75 - [STDERR_REDIRECT] WARNING: Couldn't flush system prefs: java.util.prefs.BackingStoreException: Couldn't get file lock.
2026-08-05 22:51:05,574 [ERROR] LogOutputStream:75 - [STDERR_REDIRECT] 
2026-08-05 22:51:35,575 [ERROR] LogOutputStream:75 - [STDERR_REDIRECT] Aug 05, 2026 10:51:35 PM java.util.prefs.FileSystemPreferences checkLockFile0ErrorCode
2026-08-05 22:51:35,575 [ERROR] LogOutputStream:75 - [STDERR_REDIRECT] WARNING: Could not lock System prefs. Unix error code 2.
2026-08-05 22:51:35,575 [ERROR] LogOutputStream:75 - [STDERR_REDIRECT] 
2026-08-05 22:51:35,575 [ERROR] LogOutputStream:75 - [STDERR_REDIRECT] Aug 05, 2026 10:51:35 PM java.util.prefs.FileSystemPreferences syncWorld
2026-08-05 22:51:35,575 [ERROR] LogOutputStream:75 - [STDERR_REDIRECT] WARNING: Couldn't flush system prefs: java.util.prefs.BackingStoreException: Couldn't get file lock.
2026-08-05 22:51:35,576 [ERROR] LogOutputStream:75 - [STDERR_REDIRECT] 
2026-08-05 22:52:05,576 [ERROR] LogOutputStream:75 - [STDERR_REDIRECT] Aug 05, 2026 10:52:05 PM java.util.prefs.FileSystemPreferences checkLockFile0ErrorCode
2026-08-05 22:52:05,576 [ERROR] LogOutputStream:75 - [STDERR_REDIRECT] WARNING: Could not lock System prefs. Unix error code 2.
2026-08-05 22:52:05,576 [ERROR] LogOutputStream:75 - [STDERR_REDIRECT] 
2026-08-05 22:52:05,577 [ERROR] LogOutputStream:75 - [STDERR_REDIRECT] Aug 05, 2026 10:52:05 PM java.util.prefs.FileSystemPreferences syncWorld
2026-08-05 22:52:05,577 [ERROR] LogOutputStream:75 - [STDERR_REDIRECT] WARNING: Couldn't flush system prefs: java.util.prefs.BackingStoreException: Couldn't get file lock.
2026-08-05 22:52:05,577 [ERROR] LogOutputStream:75 - [STDERR_REDIRECT] 
2026-08-05 22:52:35,579 [ERROR] LogOutputStream:75 - [STDERR_REDIRECT] Aug 05, 2026 10:52:35 PM java.util.prefs.FileSystemPreferences checkLockFile0ErrorCode
2026-08-05 22:52:35,579 [ERROR] LogOutputStream:75 - [STDERR_REDIRECT] WARNING: Could not lock System prefs. Unix error code 2.
2026-08-05 22:52:35,579 [ERROR] LogOutputStream:75 - [STDERR_REDIRECT] 
2026-08-05 22:52:35,579 [ERROR] LogOutputStream:75 - [STDERR_REDIRECT] Aug 05, 2026 10:52:35 PM java.util.prefs.FileSystemPreferences syncWorld
2026-08-05 22:52:35,579 [ERROR] LogOutputStream:75 - [STDERR_REDIRECT] WARNING: Couldn't flush system prefs: java.util.prefs.BackingStoreException: Couldn't get file lock.
2026-08-05 22:52:35,580 [ERROR] LogOutputStream:75 - [STDERR_REDIRECT] 
2026-08-05 22:53:05,574 [ERROR] LogOutputStream:75 - [STDERR_REDIRECT] Aug 05, 2026 10:53:05 PM java.util.prefs.FileSystemPreferences checkLockFile0ErrorCode
2026-08-05 22:53:05,574 [ERROR] LogOutputStream:75 - [STDERR_REDIRECT] WARNING: Could not lock System prefs. Unix error code 2.
2026-08-05 22:53:05,574 [ERROR] LogOutputStream:75 - [STDERR_REDIRECT] 
2026-08-05 22:53:05,575 [ERROR] LogOutputStream:75 - [STDERR_REDIRECT] Aug 05, 2026 10:53:05 PM java.util.prefs.FileSystemPreferences syncWorld
2026-08-05 22:53:05,575 [ERROR] LogOutputStream:75 - [STDERR_REDIRECT] WARNING: Couldn't flush system prefs: java.util.prefs.BackingStoreException: Couldn't get file lock.
2026-08-05 22:53:05,575 [ERROR] LogOutputStream:75 - [STDERR_REDIRECT] 
2026-08-05 22:53:35,577 [ERROR] LogOutputStream:75 - [STDERR_REDIRECT] Aug 05, 2026 10:53:35 PM java.util.prefs.FileSystemPreferences checkLockFile0ErrorCode
2026-08-05 22:53:35,578 [ERROR] LogOutputStream:75 - [STDERR_REDIRECT] WARNING: Could not lock System prefs. Unix error code 2.
2026-08-05 22:53:35,578 [ERROR] LogOutputStream:75 - [STDERR_REDIRECT] 
2026-08-05 22:53:35,578 [ERROR] LogOutputStream:75 - [STDERR_REDIRECT] Aug 05, 2026 10:53:35 PM java.util.prefs.FileSystemPreferences syncWorld
2026-08-05 22:53:35,578 [ERROR] LogOutputStream:75 - [STDERR_REDIRECT] WARNING: Couldn't flush system prefs: java.util.prefs.BackingStoreException: Couldn't get file lock.
2026-08-05 22:53:35,578 [ERROR] LogOutputStream:75 - [STDERR_REDIRECT] 
2026-08-05 22:54:05,574 [ERROR] LogOutputStream:75 - [STDERR_REDIRECT] Aug 05, 2026 10:54:05 PM java.util.prefs.FileSystemPreferences checkLockFile0ErrorCode
2026-08-05 22:54:05,574 [ERROR] LogOutputStream:75 - [STDERR_REDIRECT] WARNING: Could not lock System prefs. Unix error code 2.
2026-08-05 22:54:05,574 [ERROR] LogOutputStream:75 - [STDERR_REDIRECT] 
2026-08-05 22:54:05,575 [ERROR] LogOutputStream:75 - [STDERR_REDIRECT] Aug 05, 2026 10:54:05 PM java.util.prefs.FileSystemPreferences syncWorld
2026-08-05 22:54:05,575 [ERROR] LogOutputStream:75 - [STDERR_REDIRECT] WARNING: Couldn't flush system prefs: java.util.prefs.BackingStoreException: Couldn't get file lock.
2026-08-05 22:54:05,575 [ERROR] LogOutputStream:75 - [STDERR_REDIRECT] 
2026-08-05 22:54:35,574 [ERROR] LogOutputStream:75 - [STDERR_REDIRECT] Aug 05, 2026 10:54:35 PM java.util.prefs.FileSystemPreferences checkLockFile0ErrorCode
2026-08-05 22:54:35,575 [ERROR] LogOutputStream:75 - [STDERR_REDIRECT] WARNING: Could not lock System prefs. Unix error code 2.
2026-08-05 22:54:35,575 [ERROR] LogOutputStream:75 - [STDERR_REDIRECT] 
2026-08-05 22:54:35,575 [ERROR] LogOutputStream:75 - [STDERR_REDIRECT] Aug 05, 2026 10:54:35 PM java.util.prefs.FileSystemPreferences syncWorld
2026-08-05 22:54:35,575 [ERROR] LogOutputStream:75 - [STDERR_REDIRECT] WARNING: Couldn't flush system prefs: java.util.prefs.BackingStoreException: Couldn't get file lock.
2026-08-05 22:54:35,575 [ERROR] LogOutputStream:75 - [STDERR_REDIRECT] 
2026-08-05 22:55:05,575 [ERROR] LogOutputStream:75 - [STDERR_REDIRECT] Aug 05, 2026 10:55:05 PM java.util.prefs.FileSystemPreferences checkLockFile0ErrorCode
2026-08-05 22:55:05,575 [ERROR] LogOutputStream:75 - [STDERR_REDIRECT] WARNING: Could not lock System prefs. Unix error code 2.
2026-08-05 22:55:05,575 [ERROR] LogOutputStream:75 - [STDERR_REDIRECT] 
2026-08-05 22:55:05,575 [ERROR] LogOutputStream:75 - [STDERR_REDIRECT] Aug 05, 2026 10:55:05 PM java.util.prefs.FileSystemPreferences syncWorld
2026-08-05 22:55:05,575 [ERROR] LogOutputStream:75 - [STDERR_REDIRECT] WARNING: Couldn't flush system prefs: java.util.prefs.BackingStoreException: Couldn't get file lock.
2026-08-05 22:55:05,575 [ERROR] LogOutputStream:75 - [STDERR_REDIRECT] 
2026-08-05 22:55:35,576 [ERROR] LogOutputStream:75 - [STDERR_REDIRECT] Aug 05, 2026 10:55:35 PM java.util.prefs.FileSystemPreferences checkLockFile0ErrorCode
2026-08-05 22:55:35,577 [ERROR] LogOutputStream:75 - [STDERR_REDIRECT] WARNING: Could not lock System prefs. Unix error code 2.
2026-08-05 22:55:35,577 [ERROR] LogOutputStream:75 - [STDERR_REDIRECT] 
2026-08-05 22:55:35,577 [ERROR] LogOutputStream:75 - [STDERR_REDIRECT] Aug 05, 2026 10:55:35 PM java.util.prefs.FileSystemPreferences syncWorld
2026-08-05 22:55:35,578 [ERROR] LogOutputStream:75 - [STDERR_REDIRECT] WARNING: Couldn't flush system prefs: java.util.prefs.BackingStoreException: Couldn't get file lock.
2026-08-05 22:55:35,578 [ERROR] LogOutputStream:75 - [STDERR_REDIRECT] 
2026-08-05 22:56:05,577 [ERROR] LogOutputStream:75 - [STDERR_REDIRECT] Aug 05, 2026 10:56:05 PM java.util.prefs.FileSystemPreferences checkLockFile0ErrorCode
2026-08-05 22:56:05,577 [ERROR] LogOutputStream:75 - [STDERR_REDIRECT] WARNING: Could not lock System prefs. Unix error code 2.
2026-08-05 22:56:05,578 [ERROR] LogOutputStream:75 - [STDERR_REDIRECT] 
2026-08-05 22:56:05,578 [ERROR] LogOutputStream:75 - [STDERR_REDIRECT] Aug 05, 2026 10:56:05 PM java.util.prefs.FileSystemPreferences syncWorld
2026-08-05 22:56:05,578 [ERROR] LogOutputStream:75 - [STDERR_REDIRECT] WARNING: Couldn't flush system prefs: java.util.prefs.BackingStoreException: Couldn't get file lock.
2026-08-05 22:56:05,578 [ERROR] LogOutputStream:75 - [STDERR_REDIRECT] 
2026-08-05 22:56:35,577 [ERROR] LogOutputStream:75 - [STDERR_REDIRECT] Aug 05, 2026 10:56:35 PM java.util.prefs.FileSystemPreferences checkLockFile0ErrorCode
2026-08-05 22:56:35,578 [ERROR] LogOutputStream:75 - [STDERR_REDIRECT] WARNING: Could not lock System prefs. Unix error code 2.
2026-08-05 22:56:35,578 [ERROR] LogOutputStream:75 - [STDERR_REDIRECT] 
2026-08-05 22:56:35,579 [ERROR] LogOutputStream:75 - [STDERR_REDIRECT] Aug 05, 2026 10:56:35 PM java.util.prefs.FileSystemPreferences syncWorld
2026-08-05 22:56:35,579 [ERROR] LogOutputStream:75 - [STDERR_REDIRECT] WARNING: Couldn't flush system prefs: java.util.prefs.BackingStoreException: Couldn't get file lock.
2026-08-05 22:56:35,579 [ERROR] LogOutputStream:75 - [STDERR_REDIRECT] 
2026-08-05 22:57:05,578 [ERROR] LogOutputStream:75 - [STDERR_REDIRECT] Aug 05, 2026 10:57:05 PM java.util.prefs.FileSystemPreferences checkLockFile0ErrorCode
2026-08-05 22:57:05,578 [ERROR] LogOutputStream:75 - [STDERR_REDIRECT] WARNING: Could not lock System prefs. Unix error code 2.
2026-08-05 22:57:05,579 [ERROR] LogOutputStream:75 - [STDERR_REDIRECT] 
2026-08-05 22:57:05,579 [ERROR] LogOutputStream:75 - [STDERR_REDIRECT] Aug 05, 2026 10:57:05 PM java.util.prefs.FileSystemPreferences syncWorld
2026-08-05 22:57:05,579 [ERROR] LogOutputStream:75 - [STDERR_REDIRECT] WARNING: Couldn't flush system prefs: java.util.prefs.BackingStoreException: Couldn't get file lock.
2026-08-05 22:57:05,579 [ERROR] LogOutputStream:75 - [STDERR_REDIRECT] 
2026-08-05 22:57:35,578 [ERROR] LogOutputStream:75 - [STDERR_REDIRECT] Aug 05, 2026 10:57:35 PM java.util.prefs.FileSystemPreferences checkLockFile0ErrorCode
2026-08-05 22:57:35,578 [ERROR] LogOutputStream:75 - [STDERR_REDIRECT] WARNING: Could not lock System prefs. Unix error code 2.
2026-08-05 22:57:35,579 [ERROR] LogOutputStream:75 - [STDERR_REDIRECT] 
2026-08-05 22:57:35,579 [ERROR] LogOutputStream:75 - [STDERR_REDIRECT] Aug 05, 2026 10:57:35 PM java.util.prefs.FileSystemPreferences syncWorld
2026-08-05 22:57:35,579 [ERROR] LogOutputStream:75 - [STDERR_REDIRECT] WARNING: Couldn't flush system prefs: java.util.prefs.BackingStoreException: Couldn't get file lock.
2026-08-05 22:57:35,579 [ERROR] LogOutputStream:75 - [STDERR_REDIRECT] 
2026-08-05 22:58:05,578 [ERROR] LogOutputStream:75 - [STDERR_REDIRECT] Aug 05, 2026 10:58:05 PM java.util.prefs.FileSystemPreferences checkLockFile0ErrorCode
2026-08-05 22:58:05,578 [ERROR] LogOutputStream:75 - [STDERR_REDIRECT] WARNING: Could not lock System prefs. Unix error code 2.
2026-08-05 22:58:05,578 [ERROR] LogOutputStream:75 - [STDERR_REDIRECT] 
2026-08-05 22:58:05,579 [ERROR] LogOutputStream:75 - [STDERR_REDIRECT] Aug 05, 2026 10:58:05 PM java.util.prefs.FileSystemPreferences syncWorld
2026-08-05 22:58:05,579 [ERROR] LogOutputStream:75 - [STDERR_REDIRECT] WARNING: Couldn't flush system prefs: java.util.prefs.BackingStoreException: Couldn't get file lock.
2026-08-05 22:58:05,579 [ERROR] LogOutputStream:75 - [STDERR_REDIRECT] 
2026-08-05 22:58:35,579 [ERROR] LogOutputStream:75 - [STDERR_REDIRECT] Aug 05, 2026 10:58:35 PM java.util.prefs.FileSystemPreferences checkLockFile0ErrorCode
2026-08-05 22:58:35,580 [ERROR] LogOutputStream:75 - [STDERR_REDIRECT] WARNING: Could not lock System prefs. Unix error code 2.
2026-08-05 22:58:35,580 [ERROR] LogOutputStream:75 - [STDERR_REDIRECT] 
2026-08-05 22:58:35,580 [ERROR] LogOutputStream:75 - [STDERR_REDIRECT] Aug 05, 2026 10:58:35 PM java.util.prefs.FileSystemPreferences syncWorld
2026-08-05 22:58:35,580 [ERROR] LogOutputStream:75 - [STDERR_REDIRECT] WARNING: Couldn't flush system prefs: java.util.prefs.BackingStoreException: Couldn't get file lock.
2026-08-05 22:58:35,581 [ERROR] LogOutputStream:75 - [STDERR_REDIRECT] 
2026-08-05 22:59:05,579 [ERROR] LogOutputStream:75 - [STDERR_REDIRECT] Aug 05, 2026 10:59:05 PM java.util.prefs.FileSystemPreferences checkLockFile0ErrorCode
2026-08-05 22:59:05,579 [ERROR] LogOutputStream:75 - [STDERR_REDIRECT] WARNING: Could not lock System prefs. Unix error code 2.
2026-08-05 22:59:05,579 [ERROR] LogOutputStream:75 - [STDERR_REDIRECT] 
2026-08-05 22:59:05,580 [ERROR] LogOutputStream:75 - [STDERR_REDIRECT] Aug 05, 2026 10:59:05 PM java.util.prefs.FileSystemPreferences syncWorld
2026-08-05 22:59:05,580 [ERROR] LogOutputStream:75 - [STDERR_REDIRECT] WARNING: Couldn't flush system prefs: java.util.prefs.BackingStoreException: Couldn't get file lock.
2026-08-05 22:59:05,580 [ERROR] LogOutputStream:75 - [STDERR_REDIRECT] 
2026-08-05 22:59:35,579 [ERROR] LogOutputStream:75 - [STDERR_REDIRECT] Aug 05, 2026 10:59:35 PM java.util.prefs.FileSystemPreferences checkLockFile0ErrorCode
2026-08-05 22:59:35,580 [ERROR] LogOutputStream:75 - [STDERR_REDIRECT] WARNING: Could not lock System prefs. Unix error code 2.
2026-08-05 22:59:35,580 [ERROR] LogOutputStream:75 - [STDERR_REDIRECT] 
2026-08-05 22:59:35,581 [ERROR] LogOutputStream:75 - [STDERR_REDIRECT] Aug 05, 2026 10:59:35 PM java.util.prefs.FileSystemPreferences syncWorld
2026-08-05 22:59:35,581 [ERROR] LogOutputStream:75 - [STDERR_REDIRECT] WARNING: Couldn't flush system prefs: java.util.prefs.BackingStoreException: Couldn't get file lock.
2026-08-05 22:59:35,581 [ERROR] LogOutputStream:75 - [STDERR_REDIRECT] 
2026-08-05 23:00:05,580 [ERROR] LogOutputStream:75 - [STDERR_REDIRECT] Aug 05, 2026 11:00:05 PM java.util.prefs.FileSystemPreferences checkLockFile0ErrorCode
2026-08-05 23:00:05,581 [ERROR] LogOutputStream:75 - [STDERR_REDIRECT] WARNING: Could not lock System prefs. Unix error code 2.
2026-08-05 23:00:05,581 [ERROR] LogOutputStream:75 - [STDERR_REDIRECT] 
2026-08-05 23:00:05,582 [ERROR] LogOutputStream:75 - [STDERR_REDIRECT] Aug 05, 2026 11:00:05 PM java.util.prefs.FileSystemPreferences syncWorld
2026-08-05 23:00:05,583 [ERROR] LogOutputStream:75 - [STDERR_REDIRECT] WARNING: Couldn't flush system prefs: java.util.prefs.BackingStoreException: Couldn't get file lock.
2026-08-05 23:00:05,583 [ERROR] LogOutputStream:75 - [STDERR_REDIRECT] 
2026-08-05 23:00:35,581 [ERROR] LogOutputStream:75 - [STDERR_REDIRECT] Aug 05, 2026 11:00:35 PM java.util.prefs.FileSystemPreferences checkLockFile0ErrorCode
2026-08-05 23:00:35,581 [ERROR] LogOutputStream:75 - [STDERR_REDIRECT] WARNING: Could not lock System prefs. Unix error code 2.
2026-08-05 23:00:35,581 [ERROR] LogOutputStream:75 - [STDERR_REDIRECT] 
2026-08-05 23:00:35,582 [ERROR] LogOutputStream:75 - [STDERR_REDIRECT] Aug 05, 2026 11:00:35 PM java.util.prefs.FileSystemPreferences syncWorld
2026-08-05 23:00:35,582 [ERROR] LogOutputStream:75 - [STDERR_REDIRECT] WARNING: Couldn't flush system prefs: java.util.prefs.BackingStoreException: Couldn't get file lock.
2026-08-05 23:00:35,582 [ERROR] LogOutputStream:75 - [STDERR_REDIRECT] 
2026-08-05 23:01:05,581 [ERROR] LogOutputStream:75 - [STDERR_REDIRECT] Aug 05, 2026 11:01:05 PM java.util.prefs.FileSystemPreferences checkLockFile0ErrorCode
2026-08-05 23:01:05,581 [ERROR] LogOutputStream:75 - [STDERR_REDIRECT] WARNING: Could not lock System prefs. Unix error code 2.
2026-08-05 23:01:05,581 [ERROR] LogOutputStream:75 - [STDERR_REDIRECT] 
2026-08-05 23:01:05,581 [ERROR] LogOutputStream:75 - [STDERR_REDIRECT] Aug 05, 2026 11:01:05 PM java.util.prefs.FileSystemPreferences syncWorld
2026-08-05 23:01:05,581 [ERROR] LogOutputStream:75 - [STDERR_REDIRECT] WARNING: Couldn't flush system prefs: java.util.prefs.BackingStoreException: Couldn't get file lock.
2026-08-05 23:01:05,582 [ERROR] LogOutputStream:75 - [STDERR_REDIRECT] 
2026-08-05 23:01:35,582 [ERROR] LogOutputStream:75 - [STDERR_REDIRECT] Aug 05, 2026 11:01:35 PM java.util.prefs.FileSystemPreferences checkLockFile0ErrorCode
2026-08-05 23:01:35,582 [ERROR] LogOutputStream:75 - [STDERR_REDIRECT] WARNING: Could not lock System prefs. Unix error code 2.
2026-08-05 23:01:35,583 [ERROR] LogOutputStream:75 - [STDERR_REDIRECT] 
2026-08-05 23:01:35,583 [ERROR] LogOutputStream:75 - [STDERR_REDIRECT] Aug 05, 2026 11:01:35 PM java.util.prefs.FileSystemPreferences syncWorld
2026-08-05 23:01:35,583 [ERROR] LogOutputStream:75 - [STDERR_REDIRECT] WARNING: Couldn't flush system prefs: java.util.prefs.BackingStoreException: Couldn't get file lock.
2026-08-05 23:01:35,583 [ERROR] LogOutputStream:75 - [STDERR_REDIRECT] 
2026-08-05 23:02:05,582 [ERROR] LogOutputStream:75 - [STDERR_REDIRECT] Aug 05, 2026 11:02:05 PM java.util.prefs.FileSystemPreferences checkLockFile0ErrorCode
2026-08-05 23:02:05,582 [ERROR] LogOutputStream:75 - [STDERR_REDIRECT] WARNING: Could not lock System prefs. Unix error code 2.
2026-08-05 23:02:05,582 [ERROR] LogOutputStream:75 - [STDERR_REDIRECT] 
2026-08-05 23:02:05,582 [ERROR] LogOutputStream:75 - [STDERR_REDIRECT] Aug 05, 2026 11:02:05 PM java.util.prefs.FileSystemPreferences syncWorld
2026-08-05 23:02:05,583 [ERROR] LogOutputStream:75 - [STDERR_REDIRECT] WARNING: Couldn't flush system prefs: java.util.prefs.BackingStoreException: Couldn't get file lock.
2026-08-05 23:02:05,583 [ERROR] LogOutputStream:75 - [STDERR_REDIRECT] 
2026-08-05 23:02:35,582 [ERROR] LogOutputStream:75 - [STDERR_REDIRECT] Aug 05, 2026 11:02:35 PM java.util.prefs.FileSystemPreferences checkLockFile0ErrorCode
2026-08-05 23:02:35,583 [ERROR] LogOutputStream:75 - [STDERR_REDIRECT] WARNING: Could not lock System prefs. Unix error code 2.
2026-08-05 23:02:35,583 [ERROR] LogOutputStream:75 - [STDERR_REDIRECT] 
2026-08-05 23:02:35,583 [ERROR] LogOutputStream:75 - [STDERR_REDIRECT] Aug 05, 2026 11:02:35 PM java.util.prefs.FileSystemPreferences syncWorld
2026-08-05 23:02:35,583 [ERROR] LogOutputStream:75 - [STDERR_REDIRECT] WARNING: Couldn't flush system prefs: java.util.prefs.BackingStoreException: Couldn't get file lock.
2026-08-05 23:02:35,583 [ERROR] LogOutputStream:75 - [STDERR_REDIRECT] 
2026-08-05 23:03:05,582 [ERROR] LogOutputStream:75 - [STDERR_REDIRECT] Aug 05, 2026 11:03:05 PM java.util.prefs.FileSystemPreferences checkLockFile0ErrorCode
2026-08-05 23:03:05,582 [ERROR] LogOutputStream:75 - [STDERR_REDIRECT] WARNING: Could not lock System prefs. Unix error code 2.
2026-08-05 23:03:05,583 [ERROR] LogOutputStream:75 - [STDERR_REDIRECT] 
2026-08-05 23:03:05,583 [ERROR] LogOutputStream:75 - [STDERR_REDIRECT] Aug 05, 2026 11:03:05 PM java.util.prefs.FileSystemPreferences syncWorld
2026-08-05 23:03:05,583 [ERROR] LogOutputStream:75 - [STDERR_REDIRECT] WARNING: Couldn't flush system prefs: java.util.prefs.BackingStoreException: Couldn't get file lock.
2026-08-05 23:03:05,583 [ERROR] LogOutputStream:75 - [STDERR_REDIRECT] 
2026-08-05 23:03:35,587 [ERROR] LogOutputStream:75 - [STDERR_REDIRECT] Aug 05, 2026 11:03:35 PM java.util.prefs.FileSystemPreferences checkLockFile0ErrorCode
2026-08-05 23:03:35,587 [ERROR] LogOutputStream:75 - [STDERR_REDIRECT] WARNING: Could not lock System prefs. Unix error code 2.
2026-08-05 23:03:35,587 [ERROR] LogOutputStream:75 - [STDERR_REDIRECT] 
2026-08-05 23:03:35,587 [ERROR] LogOutputStream:75 - [STDERR_REDIRECT] Aug 05, 2026 11:03:35 PM java.util.prefs.FileSystemPreferences syncWorld
2026-08-05 23:03:35,588 [ERROR] LogOutputStream:75 - [STDERR_REDIRECT] WARNING: Couldn't flush system prefs: java.util.prefs.BackingStoreException: Couldn't get file lock.
2026-08-05 23:03:35,588 [ERROR] LogOutputStream:75 - [STDERR_REDIRECT] 
2026-08-05 23:04:05,584 [ERROR] LogOutputStream:75 - [STDERR_REDIRECT] Aug 05, 2026 11:04:05 PM java.util.prefs.FileSystemPreferences checkLockFile0ErrorCode
2026-08-05 23:04:05,584 [ERROR] LogOutputStream:75 - [STDERR_REDIRECT] WARNING: Could not lock System prefs. Unix error code 2.
2026-08-05 23:04:05,585 [ERROR] LogOutputStream:75 - [STDERR_REDIRECT] 
2026-08-05 23:04:05,585 [ERROR] LogOutputStream:75 - [STDERR_REDIRECT] Aug 05, 2026 11:04:05 PM java.util.prefs.FileSystemPreferences syncWorld
2026-08-05 23:04:05,585 [ERROR] LogOutputStream:75 - [STDERR_REDIRECT] WARNING: Couldn't flush system prefs: java.util.prefs.BackingStoreException: Couldn't get file lock.
2026-08-05 23:04:05,585 [ERROR] LogOutputStream:75 - [STDERR_REDIRECT] 
2026-08-05 23:04:35,590 [ERROR] LogOutputStream:75 - [STDERR_REDIRECT] Aug 05, 2026 11:04:35 PM java.util.prefs.FileSystemPreferences checkLockFile0ErrorCode
2026-08-05 23:04:35,591 [ERROR] LogOutputStream:75 - [STDERR_REDIRECT] WARNING: Could not lock System prefs. Unix error code 2.
2026-08-05 23:04:35,591 [ERROR] LogOutputStream:75 - [STDERR_REDIRECT] 
2026-08-05 23:04:35,591 [ERROR] LogOutputStream:75 - [STDERR_REDIRECT] Aug 05, 2026 11:04:35 PM java.util.prefs.FileSystemPreferences syncWorld
2026-08-05 23:04:35,592 [ERROR] LogOutputStream:75 - [STDERR_REDIRECT] WARNING: Couldn't flush system prefs: java.util.prefs.BackingStoreException: Couldn't get file lock.
2026-08-05 23:04:35,592 [ERROR] LogOutputStream:75 - [STDERR_REDIRECT] 
2026-08-05 23:05:05,584 [ERROR] LogOutputStream:75 - [STDERR_REDIRECT] Aug 05, 2026 11:05:05 PM java.util.prefs.FileSystemPreferences checkLockFile0ErrorCode
2026-08-05 23:05:05,584 [ERROR] LogOutputStream:75 - [STDERR_REDIRECT] WARNING: Could not lock System prefs. Unix error code 2.
2026-08-05 23:05:05,584 [ERROR] LogOutputStream:75 - [STDERR_REDIRECT] 
2026-08-05 23:05:05,585 [ERROR] LogOutputStream:75 - [STDERR_REDIRECT] Aug 05, 2026 11:05:05 PM java.util.prefs.FileSystemPreferences syncWorld
2026-08-05 23:05:05,585 [ERROR] LogOutputStream:75 - [STDERR_REDIRECT] WARNING: Couldn't flush system prefs: java.util.prefs.BackingStoreException: Couldn't get file lock.
2026-08-05 23:05:05,585 [ERROR] LogOutputStream:75 - [STDERR_REDIRECT] 
2026-08-05 23:05:35,606 [ERROR] LogOutputStream:75 - [STDERR_REDIRECT] Aug 05, 2026 11:05:35 PM java.util.prefs.FileSystemPreferences checkLockFile0ErrorCode
2026-08-05 23:05:35,607 [ERROR] LogOutputStream:75 - [STDERR_REDIRECT] WARNING: Could not lock System prefs. Unix error code 2.
2026-08-05 23:05:35,607 [ERROR] LogOutputStream:75 - [STDERR_REDIRECT] 
2026-08-05 23:05:35,608 [ERROR] LogOutputStream:75 - [STDERR_REDIRECT] Aug 05, 2026 11:05:35 PM java.util.prefs.FileSystemPreferences syncWorld
2026-08-05 23:05:35,608 [ERROR] LogOutputStream:75 - [STDERR_REDIRECT] WARNING: Couldn't flush system prefs: java.util.prefs.BackingStoreException: Couldn't get file lock.
2026-08-05 23:05:35,608 [ERROR] LogOutputStream:75 - [STDERR_REDIRECT] 
2026-08-05 23:06:05,609 [ERROR] LogOutputStream:75 - [STDERR_REDIRECT] Aug 05, 2026 11:06:05 PM java.util.prefs.FileSystemPreferences checkLockFile0ErrorCode
2026-08-05 23:06:05,609 [ERROR] LogOutputStream:75 - [STDERR_REDIRECT] WARNING: Could not lock System prefs. Unix error code 2.
2026-08-05 23:06:05,609 [ERROR] LogOutputStream:75 - [STDERR_REDIRECT] 
2026-08-05 23:06:05,609 [ERROR] LogOutputStream:75 - [STDERR_REDIRECT] Aug 05, 2026 11:06:05 PM java.util.prefs.FileSystemPreferences syncWorld
2026-08-05 23:06:05,610 [ERROR] LogOutputStream:75 - [STDERR_REDIRECT] WARNING: Couldn't flush system prefs: java.util.prefs.BackingStoreException: Couldn't get file lock.
2026-08-05 23:06:05,610 [ERROR] LogOutputStream:75 - [STDERR_REDIRECT] 
2026-08-05 23:06:35,604 [ERROR] LogOutputStream:75 - [STDERR_REDIRECT] Aug 05, 2026 11:06:35 PM java.util.prefs.FileSystemPreferences checkLockFile0ErrorCode
2026-08-05 23:06:35,604 [ERROR] LogOutputStream:75 - [STDERR_REDIRECT] WARNING: Could not lock System prefs. Unix error code 2.
2026-08-05 23:06:35,605 [ERROR] LogOutputStream:75 - [STDERR_REDIRECT] 
2026-08-05 23:06:35,605 [ERROR] LogOutputStream:75 - [STDERR_REDIRECT] Aug 05, 2026 11:06:35 PM java.util.prefs.FileSystemPreferences syncWorld
2026-08-05 23:06:35,605 [ERROR] LogOutputStream:75 - [STDERR_REDIRECT] WARNING: Couldn't flush system prefs: java.util.prefs.BackingStoreException: Couldn't get file lock.
2026-08-05 23:06:35,605 [ERROR] LogOutputStream:75 - [STDERR_REDIRECT] 
2026-08-05 23:07:05,605 [ERROR] LogOutputStream:75 - [STDERR_REDIRECT] Aug 05, 2026 11:07:05 PM java.util.prefs.FileSystemPreferences checkLockFile0ErrorCode
2026-08-05 23:07:05,605 [ERROR] LogOutputStream:75 - [STDERR_REDIRECT] WARNING: Could not lock System prefs. Unix error code 2.
2026-08-05 23:07:05,606 [ERROR] LogOutputStream:75 - [STDERR_REDIRECT] 
2026-08-05 23:07:05,606 [ERROR] LogOutputStream:75 - [STDERR_REDIRECT] Aug 05, 2026 11:07:05 PM java.util.prefs.FileSystemPreferences syncWorld
2026-08-05 23:07:05,607 [ERROR] LogOutputStream:75 - [STDERR_REDIRECT] WARNING: Couldn't flush system prefs: java.util.prefs.BackingStoreException: Couldn't get file lock.
2026-08-05 23:07:05,607 [ERROR] LogOutputStream:75 - [STDERR_REDIRECT] 
2026-08-05 23:07:35,605 [ERROR] LogOutputStream:75 - [STDERR_REDIRECT] Aug 05, 2026 11:07:35 PM java.util.prefs.FileSystemPreferences checkLockFile0ErrorCode
2026-08-05 23:07:35,606 [ERROR] LogOutputStream:75 - [STDERR_REDIRECT] WARNING: Could not lock System prefs. Unix error code 2.
2026-08-05 23:07:35,606 [ERROR] LogOutputStream:75 - [STDERR_REDIRECT] 
2026-08-05 23:07:35,607 [ERROR] LogOutputStream:75 - [STDERR_REDIRECT] Aug 05, 2026 11:07:35 PM java.util.prefs.FileSystemPreferences syncWorld
2026-08-05 23:07:35,607 [ERROR] LogOutputStream:75 - [STDERR_REDIRECT] WARNING: Couldn't flush system prefs: java.util.prefs.BackingStoreException: Couldn't get file lock.
2026-08-05 23:07:35,607 [ERROR] LogOutputStream:75 - [STDERR_REDIRECT] 
2026-08-05 23:08:05,607 [ERROR] LogOutputStream:75 - [STDERR_REDIRECT] Aug 05, 2026 11:08:05 PM java.util.prefs.FileSystemPreferences checkLockFile0ErrorCode
2026-08-05 23:08:05,607 [ERROR] LogOutputStream:75 - [STDERR_REDIRECT] WARNING: Could not lock System prefs. Unix error code 2.
2026-08-05 23:08:05,608 [ERROR] LogOutputStream:75 - [STDERR_REDIRECT] 
2026-08-05 23:08:05,608 [ERROR] LogOutputStream:75 - [STDERR_REDIRECT] Aug 05, 2026 11:08:05 PM java.util.prefs.FileSystemPreferences syncWorld
2026-08-05 23:08:05,609 [ERROR] LogOutputStream:75 - [STDERR_REDIRECT] WARNING: Couldn't flush system prefs: java.util.prefs.BackingStoreException: Couldn't get file lock.
2026-08-05 23:08:05,609 [ERROR] LogOutputStream:75 - [STDERR_REDIRECT] 
2026-08-05 23:08:35,606 [ERROR] LogOutputStream:75 - [STDERR_REDIRECT] Aug 05, 2026 11:08:35 PM java.util.prefs.FileSystemPreferences checkLockFile0ErrorCode
2026-08-05 23:08:35,607 [ERROR] LogOutputStream:75 - [STDERR_REDIRECT] WARNING: Could not lock System prefs. Unix error code 2.
2026-08-05 23:08:35,607 [ERROR] LogOutputStream:75 - [STDERR_REDIRECT] 
2026-08-05 23:08:35,607 [ERROR] LogOutputStream:75 - [STDERR_REDIRECT] Aug 05, 2026 11:08:35 PM java.util.prefs.FileSystemPreferences syncWorld
2026-08-05 23:08:35,607 [ERROR] LogOutputStream:75 - [STDERR_REDIRECT] WARNING: Couldn't flush system prefs: java.util.prefs.BackingStoreException: Couldn't get file lock.
2026-08-05 23:08:35,607 [ERROR] LogOutputStream:75 - [STDERR_REDIRECT] 
2026-08-05 23:09:05,607 [ERROR] LogOutputStream:75 - [STDERR_REDIRECT] Aug 05, 2026 11:09:05 PM java.util.prefs.FileSystemPreferences checkLockFile0ErrorCode
2026-08-05 23:09:05,607 [ERROR] LogOutputStream:75 - [STDERR_REDIRECT] WARNING: Could not lock System prefs. Unix error code 2.
2026-08-05 23:09:05,607 [ERROR] LogOutputStream:75 - [STDERR_REDIRECT] 
2026-08-05 23:09:05,607 [ERROR] LogOutputStream:75 - [STDERR_REDIRECT] Aug 05, 2026 11:09:05 PM java.util.prefs.FileSystemPreferences syncWorld
2026-08-05 23:09:05,607 [ERROR] LogOutputStream:75 - [STDERR_REDIRECT] WARNING: Couldn't flush system prefs: java.util.prefs.BackingStoreException: Couldn't get file lock.
2026-08-05 23:09:05,608 [ERROR] LogOutputStream:75 - [STDERR_REDIRECT] 
2026-08-05 23:09:35,606 [ERROR] LogOutputStream:75 - [STDERR_REDIRECT] Aug 05, 2026 11:09:35 PM java.util.prefs.FileSystemPreferences checkLockFile0ErrorCode
2026-08-05 23:09:35,606 [ERROR] LogOutputStream:75 - [STDERR_REDIRECT] WARNING: Could not lock System prefs. Unix error code 2.
2026-08-05 23:09:35,606 [ERROR] LogOutputStream:75 - [STDERR_REDIRECT] 
2026-08-05 23:09:35,607 [ERROR] LogOutputStream:75 - [STDERR_REDIRECT] Aug 05, 2026 11:09:35 PM java.util.prefs.FileSystemPreferences syncWorld
2026-08-05 23:09:35,607 [ERROR] LogOutputStream:75 - [STDERR_REDIRECT] WARNING: Couldn't flush system prefs: java.util.prefs.BackingStoreException: Couldn't get file lock.
2026-08-05 23:09:35,607 [ERROR] LogOutputStream:75 - [STDERR_REDIRECT] 
2026-08-05 23:10:05,609 [ERROR] LogOutputStream:75 - [STDERR_REDIRECT] Aug 05, 2026 11:10:05 PM java.util.prefs.FileSystemPreferences checkLockFile0ErrorCode
2026-08-05 23:10:05,610 [ERROR] LogOutputStream:75 - [STDERR_REDIRECT] WARNING: Could not lock System prefs. Unix error code 2.
2026-08-05 23:10:05,610 [ERROR] LogOutputStream:75 - [STDERR_REDIRECT] 
2026-08-05 23:10:05,611 [ERROR] LogOutputStream:75 - [STDERR_REDIRECT] Aug 05, 2026 11:10:05 PM java.util.prefs.FileSystemPreferences syncWorld
2026-08-05 23:10:05,611 [ERROR] LogOutputStream:75 - [STDERR_REDIRECT] WARNING: Couldn't flush system prefs: java.util.prefs.BackingStoreException: Couldn't get file lock.
2026-08-05 23:10:05,611 [ERROR] LogOutputStream:75 - [STDERR_REDIRECT] 
2026-08-05 23:10:35,608 [ERROR] LogOutputStream:75 - [STDERR_REDIRECT] Aug 05, 2026 11:10:35 PM java.util.prefs.FileSystemPreferences checkLockFile0ErrorCode
2026-08-05 23:10:35,608 [ERROR] LogOutputStream:75 - [STDERR_REDIRECT] WARNING: Could not lock System prefs. Unix error code 2.
2026-08-05 23:10:35,608 [ERROR] LogOutputStream:75 - [STDERR_REDIRECT] 
2026-08-05 23:10:35,608 [ERROR] LogOutputStream:75 - [STDERR_REDIRECT] Aug 05, 2026 11:10:35 PM java.util.prefs.FileSystemPreferences syncWorld
2026-08-05 23:10:35,608 [ERROR] LogOutputStream:75 - [STDERR_REDIRECT] WARNING: Couldn't flush system prefs: java.util.prefs.BackingStoreException: Couldn't get file lock.
2026-08-05 23:10:35,609 [ERROR] LogOutputStream:75 - [STDERR_REDIRECT] 
2026-08-05 23:11:05,607 [ERROR] LogOutputStream:75 - [STDERR_REDIRECT] Aug 05, 2026 11:11:05 PM java.util.prefs.FileSystemPreferences checkLockFile0ErrorCode
2026-08-05 23:11:05,607 [ERROR] LogOutputStream:75 - [STDERR_REDIRECT] WARNING: Could not lock System prefs. Unix error code 2.
2026-08-05 23:11:05,607 [ERROR] LogOutputStream:75 - [STDERR_REDIRECT] 
2026-08-05 23:11:05,608 [ERROR] LogOutputStream:75 - [STDERR_REDIRECT] Aug 05, 2026 11:11:05 PM java.util.prefs.FileSystemPreferences syncWorld
2026-08-05 23:11:05,608 [ERROR] LogOutputStream:75 - [STDERR_REDIRECT] WARNING: Couldn't flush system prefs: java.util.prefs.BackingStoreException: Couldn't get file lock.
2026-08-05 23:11:05,608 [ERROR] LogOutputStream:75 - [STDERR_REDIRECT] 
2026-08-05 23:11:35,607 [ERROR] LogOutputStream:75 - [STDERR_REDIRECT] Aug 05, 2026 11:11:35 PM java.util.prefs.FileSystemPreferences checkLockFile0ErrorCode
2026-08-05 23:11:35,607 [ERROR] LogOutputStream:75 - [STDERR_REDIRECT] WARNING: Could not lock System prefs. Unix error code 2.
2026-08-05 23:11:35,607 [ERROR] LogOutputStream:75 - [STDERR_REDIRECT] 
2026-08-05 23:11:35,607 [ERROR] LogOutputStream:75 - [STDERR_REDIRECT] Aug 05, 2026 11:11:35 PM java.util.prefs.FileSystemPreferences syncWorld
2026-08-05 23:11:35,608 [ERROR] LogOutputStream:75 - [STDERR_REDIRECT] WARNING: Couldn't flush system prefs: java.util.prefs.BackingStoreException: Couldn't get file lock.
2026-08-05 23:11:35,608 [ERROR] LogOutputStream:75 - [STDERR_REDIRECT] 
2026-08-05 23:12:05,606 [ERROR] LogOutputStream:75 - [STDERR_REDIRECT] Aug 05, 2026 11:12:05 PM java.util.prefs.FileSystemPreferences checkLockFile0ErrorCode
2026-08-05 23:12:05,607 [ERROR] LogOutputStream:75 - [STDERR_REDIRECT] WARNING: Could not lock System prefs. Unix error code 2.
2026-08-05 23:12:05,607 [ERROR] LogOutputStream:75 - [STDERR_REDIRECT] 
2026-08-05 23:12:05,608 [ERROR] LogOutputStream:75 - [STDERR_REDIRECT] Aug 05, 2026 11:12:05 PM java.util.prefs.FileSystemPreferences syncWorld
2026-08-05 23:12:05,608 [ERROR] LogOutputStream:75 - [STDERR_REDIRECT] WARNING: Couldn't flush system prefs: java.util.prefs.BackingStoreException: Couldn't get file lock.
2026-08-05 23:12:05,608 [ERROR] LogOutputStream:75 - [STDERR_REDIRECT] 
2026-08-05 23:12:35,607 [ERROR] LogOutputStream:75 - [STDERR_REDIRECT] Aug 05, 2026 11:12:35 PM java.util.prefs.FileSystemPreferences checkLockFile0ErrorCode
2026-08-05 23:12:35,607 [ERROR] LogOutputStream:75 - [STDERR_REDIRECT] WARNING: Could not lock System prefs. Unix error code 2.
2026-08-05 23:12:35,608 [ERROR] LogOutputStream:75 - [STDERR_REDIRECT] 
2026-08-05 23:12:35,608 [ERROR] LogOutputStream:75 - [STDERR_REDIRECT] Aug 05, 2026 11:12:35 PM java.util.prefs.FileSystemPreferences syncWorld
2026-08-05 23:12:35,608 [ERROR] LogOutputStream:75 - [STDERR_REDIRECT] WARNING: Couldn't flush system prefs: java.util.prefs.BackingStoreException: Couldn't get file lock.
2026-08-05 23:12:35,608 [ERROR] LogOutputStream:75 - [STDERR_REDIRECT] 
2026-08-05 23:13:05,608 [ERROR] LogOutputStream:75 - [STDERR_REDIRECT] Aug 05, 2026 11:13:05 PM java.util.prefs.FileSystemPreferences checkLockFile0ErrorCode
2026-08-05 23:13:05,609 [ERROR] LogOutputStream:75 - [STDERR_REDIRECT] WARNING: Could not lock System prefs. Unix error code 2.
2026-08-05 23:13:05,609 [ERROR] LogOutputStream:75 - [STDERR_REDIRECT] 
2026-08-05 23:13:05,609 [ERROR] LogOutputStream:75 - [STDERR_REDIRECT] Aug 05, 2026 11:13:05 PM java.util.prefs.FileSystemPreferences syncWorld
2026-08-05 23:13:05,609 [ERROR] LogOutputStream:75 - [STDERR_REDIRECT] WARNING: Couldn't flush system prefs: java.util.prefs.BackingStoreException: Couldn't get file lock.
2026-08-05 23:13:05,610 [ERROR] LogOutputStream:75 - [STDERR_REDIRECT] 
2026-08-05 23:13:35,608 [ERROR] LogOutputStream:75 - [STDERR_REDIRECT] Aug 05, 2026 11:13:35 PM java.util.prefs.FileSystemPreferences checkLockFile0ErrorCode
2026-08-05 23:13:35,608 [ERROR] LogOutputStream:75 - [STDERR_REDIRECT] WARNING: Could not lock System prefs. Unix error code 2.
2026-08-05 23:13:35,609 [ERROR] LogOutputStream:75 - [STDERR_REDIRECT] 
2026-08-05 23:13:35,609 [ERROR] LogOutputStream:75 - [STDERR_REDIRECT] Aug 05, 2026 11:13:35 PM java.util.prefs.FileSystemPreferences syncWorld
2026-08-05 23:13:35,609 [ERROR] LogOutputStream:75 - [STDERR_REDIRECT] WARNING: Couldn't flush system prefs: java.util.prefs.BackingStoreException: Couldn't get file lock.
2026-08-05 23:13:35,609 [ERROR] LogOutputStream:75 - [STDERR_REDIRECT] 
2026-08-05 23:14:05,608 [ERROR] LogOutputStream:75 - [STDERR_REDIRECT] Aug 05, 2026 11:14:05 PM java.util.prefs.FileSystemPreferences checkLockFile0ErrorCode
2026-08-05 23:14:05,608 [ERROR] LogOutputStream:75 - [STDERR_REDIRECT] WARNING: Could not lock System prefs. Unix error code 2.
2026-08-05 23:14:05,609 [ERROR] LogOutputStream:75 - [STDERR_REDIRECT] 
2026-08-05 23:14:05,609 [ERROR] LogOutputStream:75 - [STDERR_REDIRECT] Aug 05, 2026 11:14:05 PM java.util.prefs.FileSystemPreferences syncWorld
2026-08-05 23:14:05,609 [ERROR] LogOutputStream:75 - [STDERR_REDIRECT] WARNING: Couldn't flush system prefs: java.util.prefs.BackingStoreException: Couldn't get file lock.
2026-08-05 23:14:05,609 [ERROR] LogOutputStream:75 - [STDERR_REDIRECT] 
2026-08-05 23:14:35,608 [ERROR] LogOutputStream:75 - [STDERR_REDIRECT] Aug 05, 2026 11:14:35 PM java.util.prefs.FileSystemPreferences checkLockFile0ErrorCode
2026-08-05 23:14:35,608 [ERROR] LogOutputStream:75 - [STDERR_REDIRECT] WARNING: Could not lock System prefs. Unix error code 2.
2026-08-05 23:14:35,609 [ERROR] LogOutputStream:75 - [STDERR_REDIRECT] 
2026-08-05 23:14:35,609 [ERROR] LogOutputStream:75 - [STDERR_REDIRECT] Aug 05, 2026 11:14:35 PM java.util.prefs.FileSystemPreferences syncWorld
2026-08-05 23:14:35,609 [ERROR] LogOutputStream:75 - [STDERR_REDIRECT] WARNING: Couldn't flush system prefs: java.util.prefs.BackingStoreException: Couldn't get file lock.
2026-08-05 23:14:35,609 [ERROR] LogOutputStream:75 - [STDERR_REDIRECT] 
2026-08-05 23:15:05,608 [ERROR] LogOutputStream:75 - [STDERR_REDIRECT] Aug 05, 2026 11:15:05 PM java.util.prefs.FileSystemPreferences checkLockFile0ErrorCode
2026-08-05 23:15:05,608 [ERROR] LogOutputStream:75 - [STDERR_REDIRECT] WARNING: Could not lock System prefs. Unix error code 2.
2026-08-05 23:15:05,608 [ERROR] LogOutputStream:75 - [STDERR_REDIRECT] 
2026-08-05 23:15:05,608 [ERROR] LogOutputStream:75 - [STDERR_REDIRECT] Aug 05, 2026 11:15:05 PM java.util.prefs.FileSystemPreferences syncWorld
2026-08-05 23:15:05,608 [ERROR] LogOutputStream:75 - [STDERR_REDIRECT] WARNING: Couldn't flush system prefs: java.util.prefs.BackingStoreException: Couldn't get file lock.
2026-08-05 23:15:05,608 [ERROR] LogOutputStream:75 - [STDERR_REDIRECT] 
2026-08-05 23:15:35,607 [ERROR] LogOutputStream:75 - [STDERR_REDIRECT] Aug 05, 2026 11:15:35 PM java.util.prefs.FileSystemPreferences checkLockFile0ErrorCode
2026-08-05 23:15:35,607 [ERROR] LogOutputStream:75 - [STDERR_REDIRECT] WARNING: Could not lock System prefs. Unix error code 2.
2026-08-05 23:15:35,607 [ERROR] LogOutputStream:75 - [STDERR_REDIRECT] 
2026-08-05 23:15:35,608 [ERROR] LogOutputStream:75 - [STDERR_REDIRECT] Aug 05, 2026 11:15:35 PM java.util.prefs.FileSystemPreferences syncWorld
2026-08-05 23:15:35,608 [ERROR] LogOutputStream:75 - [STDERR_REDIRECT] WARNING: Couldn't flush system prefs: java.util.prefs.BackingStoreException: Couldn't get file lock.
2026-08-05 23:15:35,608 [ERROR] LogOutputStream:75 - [STDERR_REDIRECT] 
2026-08-05 23:16:05,607 [ERROR] LogOutputStream:75 - [STDERR_REDIRECT] Aug 05, 2026 11:16:05 PM java.util.prefs.FileSystemPreferences checkLockFile0ErrorCode
2026-08-05 23:16:05,608 [ERROR] LogOutputStream:75 - [STDERR_REDIRECT] WARNING: Could not lock System prefs. Unix error code 2.
2026-08-05 23:16:05,608 [ERROR] LogOutputStream:75 - [STDERR_REDIRECT] 
2026-08-05 23:16:05,608 [ERROR] LogOutputStream:75 - [STDERR_REDIRECT] Aug 05, 2026 11:16:05 PM java.util.prefs.FileSystemPreferences syncWorld
2026-08-05 23:16:05,608 [ERROR] LogOutputStream:75 - [STDERR_REDIRECT] WARNING: Couldn't flush system prefs: java.util.prefs.BackingStoreException: Couldn't get file lock.
2026-08-05 23:16:05,608 [ERROR] LogOutputStream:75 - [STDERR_REDIRECT] 
2026-08-05 23:16:35,608 [ERROR] LogOutputStream:75 - [STDERR_REDIRECT] Aug 05, 2026 11:16:35 PM java.util.prefs.FileSystemPreferences checkLockFile0ErrorCode
2026-08-05 23:16:35,608 [ERROR] LogOutputStream:75 - [STDERR_REDIRECT] WARNING: Could not lock System prefs. Unix error code 2.
2026-08-05 23:16:35,608 [ERROR] LogOutputStream:75 - [STDERR_REDIRECT] 
2026-08-05 23:16:35,608 [ERROR] LogOutputStream:75 - [STDERR_REDIRECT] Aug 05, 2026 11:16:35 PM java.util.prefs.FileSystemPreferences syncWorld
2026-08-05 23:16:35,608 [ERROR] LogOutputStream:75 - [STDERR_REDIRECT] WARNING: Couldn't flush system prefs: java.util.prefs.BackingStoreException: Couldn't get file lock.
2026-08-05 23:16:35,609 [ERROR] LogOutputStream:75 - [STDERR_REDIRECT] 
2026-08-05 23:17:05,607 [ERROR] LogOutputStream:75 - [STDERR_REDIRECT] Aug 05, 2026 11:17:05 PM java.util.prefs.FileSystemPreferences checkLockFile0ErrorCode
2026-08-05 23:17:05,607 [ERROR] LogOutputStream:75 - [STDERR_REDIRECT] WARNING: Could not lock System prefs. Unix error code 2.
2026-08-05 23:17:05,607 [ERROR] LogOutputStream:75 - [STDERR_REDIRECT] 
2026-08-05 23:17:05,608 [ERROR] LogOutputStream:75 - [STDERR_REDIRECT] Aug 05, 2026 11:17:05 PM java.util.prefs.FileSystemPreferences syncWorld
2026-08-05 23:17:05,608 [ERROR] LogOutputStream:75 - [STDERR_REDIRECT] WARNING: Couldn't flush system prefs: java.util.prefs.BackingStoreException: Couldn't get file lock.
2026-08-05 23:17:05,608 [ERROR] LogOutputStream:75 - [STDERR_REDIRECT] 
2026-08-05 23:17:35,608 [ERROR] LogOutputStream:75 - [STDERR_REDIRECT] Aug 05, 2026 11:17:35 PM java.util.prefs.FileSystemPreferences checkLockFile0ErrorCode
2026-08-05 23:17:35,610 [ERROR] LogOutputStream:75 - [STDERR_REDIRECT] WARNING: Could not lock System prefs. Unix error code 2.
2026-08-05 23:17:35,610 [ERROR] LogOutputStream:75 - [STDERR_REDIRECT] 
2026-08-05 23:17:35,610 [ERROR] LogOutputStream:75 - [STDERR_REDIRECT] Aug 05, 2026 11:17:35 PM java.util.prefs.FileSystemPreferences syncWorld
2026-08-05 23:17:35,610 [ERROR] LogOutputStream:75 - [STDERR_REDIRECT] WARNING: Couldn't flush system prefs: java.util.prefs.BackingStoreException: Couldn't get file lock.
2026-08-05 23:17:35,610 [ERROR] LogOutputStream:75 - [STDERR_REDIRECT] 
2026-08-05 23:18:05,609 [ERROR] LogOutputStream:75 - [STDERR_REDIRECT] Aug 05, 2026 11:18:05 PM java.util.prefs.FileSystemPreferences checkLockFile0ErrorCode
2026-08-05 23:18:05,609 [ERROR] LogOutputStream:75 - [STDERR_REDIRECT] WARNING: Could not lock System prefs. Unix error code 2.
2026-08-05 23:18:05,610 [ERROR] LogOutputStream:75 - [STDERR_REDIRECT] 
2026-08-05 23:18:05,610 [ERROR] LogOutputStream:75 - [STDERR_REDIRECT] Aug 05, 2026 11:18:05 PM java.util.prefs.FileSystemPreferences syncWorld
2026-08-05 23:18:05,610 [ERROR] LogOutputStream:75 - [STDERR_REDIRECT] WARNING: Couldn't flush system prefs: java.util.prefs.BackingStoreException: Couldn't get file lock.
2026-08-05 23:18:05,610 [ERROR] LogOutputStream:75 - [STDERR_REDIRECT] 
2026-08-05 23:18:35,609 [ERROR] LogOutputStream:75 - [STDERR_REDIRECT] Aug 05, 2026 11:18:35 PM java.util.prefs.FileSystemPreferences checkLockFile0ErrorCode
2026-08-05 23:18:35,609 [ERROR] LogOutputStream:75 - [STDERR_REDIRECT] WARNING: Could not lock System prefs. Unix error code 2.
2026-08-05 23:18:35,610 [ERROR] LogOutputStream:75 - [STDERR_REDIRECT] 
2026-08-05 23:18:35,610 [ERROR] LogOutputStream:75 - [STDERR_REDIRECT] Aug 05, 2026 11:18:35 PM java.util.prefs.FileSystemPreferences syncWorld
2026-08-05 23:18:35,610 [ERROR] LogOutputStream:75 - [STDERR_REDIRECT] WARNING: Couldn't flush system prefs: java.util.prefs.BackingStoreException: Couldn't get file lock.
2026-08-05 23:18:35,610 [ERROR] LogOutputStream:75 - [STDERR_REDIRECT] 
2026-08-05 23:19:05,609 [ERROR] LogOutputStream:75 - [STDERR_REDIRECT] Aug 05, 2026 11:19:05 PM java.util.prefs.FileSystemPreferences checkLockFile0ErrorCode
2026-08-05 23:19:05,609 [ERROR] LogOutputStream:75 - [STDERR_REDIRECT] WARNING: Could not lock System prefs. Unix error code 2.
2026-08-05 23:19:05,610 [ERROR] LogOutputStream:75 - [STDERR_REDIRECT] 
2026-08-05 23:19:05,611 [ERROR] LogOutputStream:75 - [STDERR_REDIRECT] Aug 05, 2026 11:19:05 PM java.util.prefs.FileSystemPreferences syncWorld
2026-08-05 23:19:05,611 [ERROR] LogOutputStream:75 - [STDERR_REDIRECT] WARNING: Couldn't flush system prefs: java.util.prefs.BackingStoreException: Couldn't get file lock.
2026-08-05 23:19:05,611 [ERROR] LogOutputStream:75 - [STDERR_REDIRECT] 
2026-08-05 23:19:23,204 [ERROR] LogOutputStream:75 - [STDERR_REDIRECT] 
2026-08-05 23:19:23,205 [ERROR] LogOutputStream:75 - [STDERR_REDIRECT] 
